Symbol,Name,Last Sale,Net Change,% Change,Market Cap,Country,IPO Year,Volume,Sector,Industry
NVDA,NVIDIA Corporation Common Stock,$216.14 ,-0.715,-0.33%,5.23E+12,United States,1999,48229554,Technology,Semiconductors
AAPL,Apple Inc. Common Stock,$311.10 ,-0.2,-0.06%,4.54E+12,United States,1980,23032531,Technology,Computer Manufacturing
GOOGL,Alphabet Inc. Class A Common Stock,$345.02 ,4.345,1.28%,4.22E+12,United States,2004,8255400,Technology,Computer Software: Programming Data Processing
GOOG,Alphabet Inc. Class C Capital Stock,$342.08 ,3.875,1.15%,4.18E+12,United States,2004,5781448,Technology,Computer Software: Programming Data Processing
MSFT,Microsoft Corporation Common Stock,$485.57 ,4.415,0.92%,3.61E+12,United States,1986,8673463,Technology,Computer Software: Prepackaged Software
AMZN,Amazon.com Inc. Common Stock,$260.19 ,0.08,0.03%,2.81E+12,United States,1997,17777639,Consumer Discretionary,Catalog/Specialty Distribution
TSM,Taiwan Semiconductor Manufacturing Company Ltd.,$419.47 ,3.47,0.83%,2.18E+12,Taiwan,1997,4036892,Technology,Semiconductors
SPCX,Space Exploration Technologies Corp. Class A Common Stock,$136.95 ,2.95,2.20%,1.86E+12,United States,2026,43438492,Technology,Computer Software: Programming Data Processing
AVGO,Broadcom Inc. Common Stock,$368.60 ,4.565,1.25%,1.75E+12,United States,2009,8590565,Technology,Semiconductors
TSLA,Tesla Inc. Common Stock,$362.94 ,17.805,5.16%,1.43E+12,United States,2010,29701921,Industrials,Auto Manufacturing
META,Meta Platforms Inc. Class A Common Stock,$548.83 ,3,0.55%,1.40E+12,United States,2012,5883243,Technology,Computer Software: Programming Data Processing
SKHY,SK hynix Inc. American Depositary Shares,$166.81 ,3.73,2.29%,1.22E+12,South Korea,2026,9824274,Technology,Semiconductors
LLY,Eli Lilly and Company Common Stock,"$1,265.22 ",20.82,1.67%,1.19E+12,United States,,956335,Health Care,Biotechnology: Pharmaceutical Preparations
BRK/B,Berkshire Hathaway Inc.,$498.24 ,1.375,0.28%,1.10E+12,United States,,1858120,,
BRK/A,Berkshire Hathaway Inc.,"$746,871.19 ",2271.19,0.31%,1.10E+12,United States,,79,,
MU,Micron Technology Inc. Common Stock,$971.44 ,-2.895,-0.30%,1.10E+12,United States,,11936228,Technology,Semiconductors
JPM,JP Morgan Chase & Co. Common Stock,$353.10 ,1.545,0.44%,9.39E+11,United States,,2755083,Finance,Major Banks
WMT,Walmart Inc. Common Stock,$102.48 ,-1.1125,-1.07%,8.16E+11,United States,,21994809,Consumer Discretionary,Department/Specialty Retail Stores
AMD,Advanced Micro Devices Inc. Common Stock,$470.83 ,1.37,0.29%,7.69E+11,United States,,6761600,Technology,Semiconductors
XOM,ExxonMobil Holdings Corporation Common Stock,$166.07 ,-0.08,-0.05%,6.83E+11,United States,,4293300,Energy,Integrated oil Companies
ASML,ASML Holding N.V. New York Registry Shares,"$1,760.47 ",10.155,0.58%,6.79E+11,Netherlands,1995,408777,Technology,Industrial Machinery/Components
V,Visa Inc.,$371.00 ,5.27,1.44%,6.63E+11,United States,,2092010,Consumer Discretionary,Business Services
JNJ,Johnson & Johnson Common Stock,$271.64 ,4.27,1.60%,6.55E+11,United States,,2117646,Health Care,Biotechnology: Pharmaceutical Preparations
GOOGM,Alphabet Inc. Depositary Shares representing a 1/20th Interest in a Share of Series A Mandatory Convertible Preferred Stock,$49.01 ,0.39,0.80%,5.99E+11,United States,,215724,Technology,Computer Software: Programming Data Processing
GOOGN,Alphabet Inc. Depositary Shares representing a 1/20th Interest in a Share of Series B Mandatory Convertible Preferred Stock,$48.63 ,0.32,0.66%,5.95E+11,United States,,165334,Technology,Computer Software: Programming Data Processing
MA,Mastercard Incorporated Common Stock,$580.11 ,6.26,1.09%,5.08E+11,United States,2006,660818,Consumer Discretionary,Business Services
INTC,Intel Corporation Common Stock,$90.72 ,-1.415,-1.54%,4.79E+11,United States,,52589529,Technology,Semiconductors
ABBV,AbbVie Inc. Common Stock,$265.69 ,3.86,1.47%,4.70E+11,United States,2012,1666359,Health Care,Biotechnology: Pharmaceutical Preparations
CSCO,Cisco Systems Inc. Common Stock (DE),$111.94 ,2.35,2.14%,4.41E+11,United States,1990,6489639,Telecommunications,Computer Communications Equipment
BAC,Bank of America Corporation Common Stock,$62.15 ,0.285,0.46%,4.35E+11,United States,,9641718,Finance,Major Banks
PLTR,Palantir Technologies Inc. Class A Common Stock,$180.86 ,6.9,3.97%,4.34E+11,United States,,16496859,Technology,Computer Software: Prepackaged Software
ORCL,Oracle Corporation Common Stock,$147.34 ,5.27,3.71%,4.24E+11,United States,1986,9129990,Technology,Computer Software: Prepackaged Software
COST,Costco Wholesale Corporation Common Stock,$946.29 ,12.7762,1.37%,4.20E+11,United States,,975051,Consumer Discretionary,Department/Specialty Retail Stores
CVX,Chevron Corporation Common Stock,$205.68 ,-0.09,-0.04%,4.06E+11,United States,,2610775,Energy,Integrated oil Companies
KO,Coca-Cola Company (The) Common Stock,$90.57 ,0.07,0.08%,3.90E+11,United States,,4705542,Consumer Staples,Beverages (Production/Distribution)
LRCX,Lam Research Corporation Common Stock,$310.91 ,0.38,0.12%,3.89E+11,United States,1984,2301355,Technology,Industrial Machinery/Components
AMAT,Applied Materials Inc. Common Stock,$489.18 ,-7.03,-1.42%,3.88E+11,United States,1972,2234599,Technology,Semiconductors
MRK,Merck & Company Inc. Common Stock (new),$153.37 ,4.375,2.94%,3.78E+11,United States,,6534508,Health Care,Biotechnology: Pharmaceutical Preparations
CAT,Caterpillar Inc. Common Stock,$821.59 ,6.2,0.76%,3.78E+11,United States,,865478,Industrials,Construction/Ag Equipment/Trucks
GE,GE Aerospace Common Stock,$349.56 ,4.92,1.43%,3.63E+11,United States,,1240110,Technology,Consumer Electronics/Appliances
HSBC,HSBC Holdings plc. Common Stock,$103.91 ,1.58,1.54%,3.57E+11,United Kingdom,,445011,Finance,Savings Institutions
UNH,UnitedHealth Group Incorporated Common Stock (DE),$392.61 ,7.76,2.02%,3.52E+11,United States,,1625249,Health Care,Medical Specialities
HD,Home Depot Inc. (The) Common Stock,$337.33 ,2.8351,0.85%,3.36E+11,United States,,1117992,Consumer Discretionary,RETAIL: Building Materials
PG,Procter & Gamble Company (The) Common Stock,$144.55 ,1.575,1.10%,3.36E+11,United States,,4904067,Consumer Discretionary,Package Goods/Cosmetics
NFLX,Netflix Inc. Common Stock,$80.31 ,0.17,0.21%,3.34E+11,United States,2002,10039629,Consumer Discretionary,Consumer Electronics/Video Chains
MS,Morgan Stanley Common Stock,$211.23 ,3.78,1.82%,3.32E+11,United States,,1357046,Finance,Investment Bankers/Brokers/Service
NVS,Novartis AG Common Stock,$159.05 ,2.81,1.80%,3.03E+11,Switzerland,,484670,Health Care,Biotechnology: Pharmaceutical Preparations
GS,Goldman Sachs Group Inc. (The) Common Stock,"$1,015.29 ",13.34,1.33%,2.96E+11,United States,1999,510029,Finance,Investment Bankers/Brokers/Service
PM,Philip Morris International Inc Common Stock,$188.74 ,-2.78,-1.45%,2.94E+11,United States,,1558035,Health Care,Medicinal Chemicals and Botanical Products
PANW,Palo Alto Networks Inc. Common Stock,$355.07 ,5.505,1.58%,2.89E+11,United States,,2215065,Technology,Computer peripheral equipment
RY,Royal Bank Of Canada Common Stock,$204.98 ,-0.235,-0.12%,2.85E+11,Canada,,215242,Finance,Commercial Banks
BABA,Alibaba Group Holding Limited American Depositary Shares each representing eight Ordinary share,$121.95 ,-8.585,-6.58%,2.85E+11,China,2014,17626871,Consumer Discretionary,Business Services
RTX,RTX Corporation Common Stock,$210.83 ,-1.46,-0.69%,2.84E+11,United States,,1443009,Industrials,Aerospace
DELL,Dell Technologies Inc. Class C Common Stock,$436.73 ,1.95,0.45%,2.83E+11,United States,2018,1331043,Technology,Computer Manufacturing
SAP,SAP  SE ADS,$219.86 ,2.77,1.28%,2.70E+11,Germany,,676644,Technology,Computer Software: Prepackaged Software
SHEL,Shell PLC American Depositary Shares (each representing two (2) Ordinary Shares),$93.30 ,-0.35,-0.37%,2.65E+11,Netherlands,2022,1856512,Energy,Oil & Gas Production
ARM,Arm Holdings plc American Depositary Shares,$246.10 ,-4.625,-1.85%,2.62E+11,United Kingdom,2023,1384519,Technology,Semiconductors
MUFG,Mitsubishi UFJ Financial Group Inc. Common Stock,$22.02 ,0.455,2.11%,2.61E+11,Japan,,698217,Finance,Commercial Banks
AZN,AstraZeneca PLC Ordinary Shares,$166.76 ,2.27,1.38%,2.59E+11,United Kingdom,2026,1082313,Health Care,Biotechnology: Pharmaceutical Preparations
TM,Toyota Motor Corporation Common Stock,$197.58 ,5.335,2.78%,2.58E+11,Japan,,150635,Industrials,Auto Manufacturing
GEV,GE Vernova Inc. Common Stock,$963.26 ,-2.75,-0.29%,2.57E+11,United States,2024,542068,Technology,Consumer Electronics/Appliances
WFC,Wells Fargo & Company Common Stock,$84.02 ,0.32,0.38%,2.54E+11,United States,,3661294,Finance,Major Banks
BHP,BHP Group Limited American Depositary Shares (Each representing two Ordinary Shares),$96.42 ,2.79,2.98%,2.45E+11,Australia,,1443576,Energy,Coal Mining
TXN,Texas Instruments Incorporated Common Stock,$264.64 ,-0.96,-0.36%,2.42E+11,United States,,1652505,Technology,Semiconductors
KLAC,KLA Corporation Common Stock,$184.46 ,-1.4,-0.75%,2.41E+11,United States,1980,2096525,Technology,Electronic Components
AMGN,Amgen Inc. Common Stock,$440.36 ,9.145,2.12%,2.38E+11,United States,1983,705213,Health Care,Biotechnology: Biological Products (No Diagnostic Substances)
ANET,Arista Networks Inc. Common Stock,$187.27 ,3.52,1.92%,2.36E+11,United States,,2938564,Telecommunications,Computer Communications Equipment
CCZ,Comcast Holdings ZONES,$66.45 ,0,0.00%,2.36E+11,United States,,1,Telecommunications,Cable & Other Pay Television Services
SNDK,Sandisk Corporation Common Stock,"$1,597.82 ",-2.805,-0.18%,2.34E+11,United States,,4279252,Technology,Electronic Components
TMO,Thermo Fisher Scientific Inc Common Stock,$626.34 ,-1.2125,-0.19%,2.32E+11,United States,,539425,Industrials,Industrial Machinery/Components
AXP,American Express Company Common Stock,$336.46 ,5.305,1.60%,2.27E+11,United States,,1095281,Finance,Finance: Consumer Services
LIN,Linde plc Ordinary Shares,$490.64 ,9.35,1.94%,2.26E+11,United States,,881591,Basic Materials,Major Chemicals
IBM,International Business Machines Corporation Common Stock,$237.63 ,3.94,1.69%,2.24E+11,United States,,1348551,Technology,Computer Manufacturing
C,Citigroup Inc. Common Stock,$131.11 ,1.44,1.11%,2.20E+11,United States,,2988523,Finance,Major Banks
SAN,Banco Santander S.A. Sponsored ADR (Spain),$14.61 ,0.4,2.82%,2.15E+11,Spain,,6293825,Finance,Commercial Banks
NVO,Novo Nordisk A/S Common Stock,$46.91 ,0.7699,1.67%,2.08E+11,Denmark,,5000248,Health Care,Biotechnology: Pharmaceutical Preparations
MRVL,Marvell Technology Inc. Common Stock,$236.58 ,-14.435,-5.75%,2.07E+11,United States,2000,13530505,Technology,Semiconductors
VZ,Verizon Communications Inc. Common Stock,$49.54 ,0.3504,0.71%,2.06E+11,United States,,5460814,Telecommunications,Telecommunications Equipment
ABT,Abbott Laboratories Common Stock,$116.27 ,2.125,1.86%,2.01E+11,United States,,2898589,Health Care,Biotechnology: Pharmaceutical Preparations
TMUS,T-Mobile US Inc. Common Stock,$185.18 ,3.955,2.18%,1.99E+11,United States,,1456761,Telecommunications,Telecommunications Equipment
TTE,TotalEnergies SE Ordinary Shares,$90.42 ,-0.48,-0.53%,1.97E+11,France,,377219,Energy,Oil & Gas Production
PEP,PepsiCo Inc. Common Stock,$142.53 ,0.45,0.32%,1.95E+11,United States,,1981222,Consumer Staples,Beverages (Production/Distribution)
CRWD,CrowdStrike Holdings Inc. Class A Common Stock,$190.93 ,0.59,0.31%,1.94E+11,United States,2019,2857355,Technology,Computer Software: Prepackaged Software
TD,Toronto Dominion Bank (The) Common Stock,$117.11 ,0.26,0.22%,1.94E+11,Canada,,454694,Finance,Commercial Banks
STX,Seagate Technology Holdings PLC Ordinary Shares (Ireland),$853.60 ,3.36,0.40%,1.93E+11,Ireland,2002,1292705,Technology,Electronic Components
SCHW,Charles Schwab Corporation (The) Common Stock,$111.73 ,1.94,1.77%,1.93E+11,United States,,2401416,Finance,Investment Bankers/Brokers/Service
SHOP,Shopify Inc. Class A Subordinate Voting Shares,$148.96 ,1.78,1.21%,1.93E+11,Canada,,1711488,Technology,Computer Software: Prepackaged Software
APH,Amphenol Corporation Common Stock,$155.17 ,2.055,1.34%,1.91E+11,United States,,2306492,Technology,Electrical Products
MCD,McDonald's Corporation Common Stock,$270.33 ,1.2,0.45%,1.91E+11,United States,,1170990,Consumer Discretionary,Restaurants
DIS,Walt Disney Company (The) Common Stock,$107.73 ,0.41,0.38%,1.86E+11,United States,,2087701,Consumer Discretionary,Services-Misc. Amusement & Recreation
GILD,Gilead Sciences Inc. Common Stock,$147.69 ,4.25,2.96%,1.83E+11,United States,1992,1616883,Health Care,Biotechnology: Biological Products (No Diagnostic Substances)
ADI,Analog Devices Inc. Common Stock,$375.52 ,5.28,1.43%,1.82E+11,United States,,1536951,Technology,Semiconductors
UNP,Union Pacific Corporation Common Stock,$305.25 ,1.28,0.42%,1.81E+11,United States,,748966,Industrials,Railroads
BLK,BlackRock Inc. Common Stock,"$1,151.52 ",11.695,1.03%,1.78E+11,United States,1999,106798,Finance,Investment Bankers/Brokers/Service
NEE,NextEra Energy Inc. Common Stock,$84.62 ,-0.41,-0.48%,1.77E+11,United States,,3413351,Utilities,Electric Utilities: Central
T,AT&T Inc.,$25.51 ,0.36,1.43%,1.75E+11,United States,,10995620,Telecommunications,Telecommunications Equipment
SCCO,Southern Copper Corporation Common Stock,$209.01 ,10.275,5.17%,1.74E+11,United States,,793907,Basic Materials,Metal Mining
CRM,Salesforce Inc. Common Stock,$210.67 ,5.24,2.55%,1.73E+11,United States,2004,3733629,Technology,Computer Software: Prepackaged Software
WELL,Welltower Inc. Common Stock,$239.25 ,1.85,0.78%,1.72E+11,United States,,784476,Real Estate,Real Estate Investment Trusts
DE,Deere & Company Common Stock,$629.74 ,8.795,1.42%,1.70E+11,United States,,660658,Industrials,Industrial Machinery/Components
QCOM,QUALCOMM Incorporated Common Stock,$161.55 ,0.805,0.50%,1.70E+11,United States,1991,2623365,Technology,Radio And Television Broadcasting And Communications Equipment
BA,Boeing Company (The) Common Stock,$213.45 ,-1.65,-0.77%,1.69E+11,United States,,2912935,Industrials,Aerospace
WDC,Western Digital Corporation Common Stock,$467.31 ,-1.74,-0.37%,1.68E+11,United States,,1803344,Technology,Electronic Components
BBVA,Banco Bilbao Vizcaya Argentaria S.A. Common Stock,$28.98 ,0.35,1.22%,1.65E+11,Spain,,441787,Finance,Commercial Banks
UBS,UBS Group AG Registered Ordinary Shares,$53.10 ,-0.1,-0.19%,1.65E+11,Switzerland,2014,522892,Finance,Major Banks
ETN,Eaton Corporation PLC Ordinary Shares,$422.64 ,7.35,1.77%,1.64E+11,Ireland,,711365,Technology,Industrial Machinery/Components
UBER,Uber Technologies Inc. Common Stock,$79.45 ,0.9,1.15%,1.62E+11,United States,2019,5583068,Consumer Discretionary,Business Services
COP,ConocoPhillips Common Stock,$134.93 ,0.04,0.03%,1.62E+11,United States,,2295208,Energy,Integrated oil Companies
PFE,Pfizer Inc. Common Stock,$28.24 ,0.445,1.60%,1.61E+11,United States,,13394516,Health Care,Biotechnology: Pharmaceutical Preparations
BKNG,Booking Holdings Inc. Common Stock,$210.24 ,0.37,0.18%,1.58E+11,United States,,1452357,Consumer Discretionary,Transportation Services
TJX,TJX Companies Inc. (The) Common Stock,$140.69 ,0,0.00%,1.55E+11,United States,,3954537,Consumer Discretionary,Clothing/Shoe/Accessory Stores
BUD,Anheuser-Busch Inbev SA Sponsored ADR (Belgium),$78.66 ,0.74,0.95%,1.55E+11,Belgium,,515144,Consumer Staples,Beverages (Production/Distribution)
DHR,Danaher Corporation Common Stock,$217.94 ,2.025,0.94%,1.53E+11,United States,,1753384,Industrials,Industrial Machinery/Components
SONY,Sony Group Corporation American Depositary Shares,$24.02 ,0.435,1.85%,1.42E+11,Japan,,1765799,Consumer Staples,Consumer Electronics/Appliances
MNST,Monster Beverage Corporation,$47.68 ,0.19,0.40%,1.40E+11,United States,,1781158,Consumer Staples,Beverages (Production/Distribution)
VRTX,Vertex Pharmaceuticals Incorporated Common Stock,$551.24 ,10.98,2.03%,1.40E+11,United States,1991,384509,Health Care,Biotechnology: Pharmaceutical Preparations
UL,Unilever PLC American Depositary Shares (each representing One Ordinary Share),$63.92 ,0.52,0.82%,1.40E+11,United Kingdom,2025,1431550,Consumer Discretionary,Package Goods/Cosmetics
TBB,AT&T Inc. 5.350% Global Notes due 2066,$19.50 ,0.05,0.26%,1.39E+11,United States,2017,24668,Telecommunications,Telecommunications Equipment
NEM,Newmont Corporation,$131.83 ,4.19,3.28%,1.39E+11,United States,,4157673,Basic Materials,Precious Metals
BMY,Bristol-Myers Squibb Company Common Stock,$67.31 ,1.84,2.81%,1.37E+11,United States,,2805307,Health Care,Biotechnology: Pharmaceutical Preparations
NOW,ServiceNow Inc. Common Stock,$130.87 ,1.115,0.86%,1.35E+11,United States,2012,4900229,Technology,Computer Software: Prepackaged Software
ISRG,Intuitive Surgical Inc. Common Stock,$381.55 ,7.065,1.89%,1.35E+11,United States,2000,895075,Health Care,Industrial Specialties
COF,Capital One Financial Corporation Common Stock,$218.31 ,5.83,2.74%,1.34E+11,United States,1994,1411795,Finance,Major Banks
PLD,Prologis Inc. Common Stock,$140.79 ,0.11,0.08%,1.33E+11,United States,,976897,Real Estate,Real Estate Investment Trusts
CB,Chubb Limited  Common Stock,$341.77 ,-1.1,-0.32%,1.32E+11,Switzerland,,770405,Finance,Property-Casualty Insurers
RIO,Rio Tinto Plc Common Stock,$104.59 ,2.42,2.37%,1.31E+11,Australia,2002,1158562,Basic Materials,Metal Mining
LMT,Lockheed Martin Corporation Common Stock,$568.12 ,-3.3575,-0.59%,1.31E+11,United States,,330002,Industrials,Military/Government/Technical
GLW,Corning Incorporated Common Stock,$149.90 ,-1.55,-1.02%,1.29E+11,United States,,2713571,Industrials,Telecommunications Equipment
MFG,Mizuho Financial Group Inc. Sponosred ADR (Japan),$10.29 ,0.155,1.53%,1.28E+11,Japan,,609163,Finance,Major Banks
PGR,Progressive Corporation (The) Common Stock,$219.82 ,-0.52,-0.24%,1.28E+11,United States,,504664,Finance,Property-Casualty Insurers
SPGI,S&P Global Inc. Common Stock,$431.87 ,-0.29,-0.07%,1.27E+11,United States,,510981,Finance,Finance: Consumer Services
PDD,PDD Holdings Inc. American Depositary Shares,$89.10 ,-0.42,-0.47%,1.27E+11,China,2018,2998398,Consumer Discretionary,Business Services
SYK,Stryker Corporation Common Stock,$330.56 ,2.86,0.87%,1.27E+11,United States,,1193090,Health Care,Medical/Dental Instruments
PH,Parker-Hannifin Corporation Common Stock,"$1,001.53 ",1.4,0.14%,1.26E+11,United States,,214666,Industrials,Metal Fabrications
ACN,Accenture plc Class A Ordinary Shares (Ireland),$187.10 ,5.745,3.17%,1.25E+11,Ireland,2001,1675804,Consumer Discretionary,Business Services
PBR,Petroleo Brasileiro S.A. Petrobras ADS,$19.13 ,0.12,0.63%,1.23E+11,Brazil,,7428688,Energy,Oil & Gas Production
BMO,Bank Of Montreal Common Stock,$173.93 ,1.03,0.60%,1.23E+11,Canada,,169215,Finance,Commercial Banks
LOW,Lowe's Companies Inc. Common Stock,$217.70 ,0.355,0.16%,1.22E+11,United States,,842837,Consumer Discretionary,RETAIL: Building Materials
BTI,British American Tobacco  Industries p.l.c. Common Stock ADR,$56.26 ,-0.44,-0.78%,1.22E+11,United Kingdom,1998,1877490,Health Care,Medicinal Chemicals and Botanical Products
HDB,HDFC Bank Limited Common Stock,$23.63 ,0.291,1.25%,1.21E+11,India,2001,1950384,Finance,Commercial Banks
SBUX,Starbucks Corporation Common Stock,$105.77 ,1.78,1.71%,1.21E+11,United States,1992,1870310,Consumer Discretionary,Restaurants
CVS,CVS Health Corporation Common Stock,$93.37 ,-0.28,-0.30%,1.19E+11,United States,,1649573,Consumer Staples,Retail-Drug Stores and Proprietary Stores
MDT,Medtronic plc. Ordinary Shares,$93.26 ,0.96,1.04%,1.19E+11,United States,,2290653,Health Care,Biotechnology: Electromedical & Electrotherapeutic Apparatus
BP,BP p.l.c. Common Stock,$44.88 ,-0.265,-0.59%,1.17E+11,United Kingdom,,3234990,Energy,Integrated oil Companies
SMFG,Sumitomo Mitsui Financial Group Inc Unsponsored American Depositary Shares (Japan),$24.93 ,0.385,1.57%,1.14E+11,Japan,,409757,Finance,Commercial Banks
SNOW,Snowflake Inc. Common Stock,$326.61 ,5.32,1.66%,1.13E+11,United States,2020,1069250,Technology,Computer Software: Prepackaged Software
SNY,Sanofi ADS,$46.10 ,0.95,2.10%,1.12E+11,France,,807700,Health Care,Biotechnology: Pharmaceutical Preparations
ABNB,Airbnb Inc. Class A Common Stock,$187.66 ,2.6575,1.44%,1.12E+11,United States,2020,1381169,Consumer Discretionary,Diversified Commercial Services
ADP,Automatic Data Processing Inc. Common Stock,$281.68 ,2.47,0.89%,1.12E+11,United States,,550399,Technology,EDP Services
FTNT,Fortinet Inc. Common Stock,$152.22 ,1.43,0.95%,1.12E+11,United States,2009,1421234,Technology,Computer peripheral equipment
SPOT,Spotify Technology S.A. Ordinary Shares,$539.14 ,6.01,1.13%,1.11E+11,Luxembourg,2018,529940,Consumer Discretionary,Broadcasting
MO,Altria Group Inc.,$66.29 ,-0.65,-0.97%,1.11E+11,United States,,3080062,Health Care,Medicinal Chemicals and Botanical Products
AEM,Agnico Eagle Mines Limited Common Stock,$217.12 ,5.0799,2.40%,1.10E+11,Canada,,2508427,Basic Materials,Precious Metals
ENB,Enbridge Inc Common Stock,$50.40 ,-0.595,-1.17%,1.10E+11,Canada,,1115475,Energy,Natural Gas Distribution
ADBE,Adobe Inc. Common Stock,$276.00 ,3.775,1.39%,1.10E+11,United States,1986,1658044,Technology,Computer Software: Prepackaged Software
HWM,Howmet Aerospace Inc. Common Stock,$273.21 ,-0.435,-0.16%,1.09E+11,United States,,601097,Industrials,Metal Fabrications
FCX,Freeport-McMoRan Inc. Common Stock,$75.62 ,4.4,6.18%,1.09E+11,United States,,15736215,Basic Materials,Metal Mining
BX,Blackstone Inc. Common Stock,$143.80 ,2.45,1.73%,1.08E+11,United States,2007,840218,Finance,Investment Managers
BNY,The Bank of New York Mellon Corporation Common Stock,$158.77 ,1.53,0.97%,1.08E+11,United States,,807409,Finance,Major Banks
IBN,ICICI Bank Limited Common Stock,$30.08 ,0.41,1.38%,1.08E+11,India,,907203,Finance,Commercial Banks
EQNR,Equinor ASA,$42.80 ,-0.06,-0.14%,1.07E+11,Norway,,932719,Energy,Integrated oil Companies
BNS,Bank Nova Scotia Halifax Pfd 3 Ordinary Shares,$87.19 ,0.75,0.87%,1.07E+11,Canada,,340111,Finance,Major Banks
CM,Canadian Imperial Bank of Commerce Common Stock,$116.49 ,0.8,0.69%,1.07E+11,Canada,,239506,Finance,Commercial Banks
GSK,GSK plc American Depositary Shares (Each representing two Ordinary Shares),$52.28 ,0.315,0.61%,1.06E+11,United Kingdom,2022,982378,Health Care,Biotechnology: Pharmaceutical Preparations
CNQ,Canadian Natural Resources Limited Common Stock,$51.12 ,0.09,0.18%,1.06E+11,Canada,,1061090,Energy,Oil & Gas Production
EQIX,Equinix Inc. Common Stock REIT,"$1,065.87 ",-16.74,-1.55%,1.05E+11,United States,2000,139336,Real Estate,Real Estate Investment Trusts
SO,Southern Company (The) Common Stock,$90.24 ,-1.19,-1.30%,1.04E+11,United States,,1860821,Utilities,Electric Utilities: Central
GD,General Dynamics Corporation Common Stock,$382.90 ,-3.17,-0.82%,1.04E+11,United States,,238166,Industrials,Marine Transportation
NET,Cloudflare Inc. Class A Common Stock,$289.32 ,10.41,3.73%,1.03E+11,United States,2019,1080023,Technology,Computer Software: Prepackaged Software
BN,Brookfield Corporation Class A Limited Voting Shares,$41.88 ,0.505,1.22%,1.03E+11,Canada,1925,800850,Real Estate,Building operators
APP,Applovin Corporation Class A Common Stock,$304.40 ,-4.37,-1.42%,1.02E+11,United States,2021,2606012,Technology,Computer Software: Programming Data Processing
MPC,Marathon Petroleum Corporation Common Stock,$361.80 ,3.57,1.00%,1.02E+11,United States,,741802,Energy,Integrated oil Companies
INTU,Intuit Inc. Common Stock,$370.64 ,8.7676,2.42%,1.01E+11,United States,1993,1099129,Technology,Computer Software: Prepackaged Software
RACE,Ferrari N.V. Common Shares,$433.29 ,4.92,1.15%,1.01E+11,Italy,2015,140976,Industrials,Auto Manufacturing
ING,ING Group N.V. Common Stock,$34.82 ,0.315,0.91%,1.01E+11,Netherlands,1997,639691,Finance,Commercial Banks
MCK,McKesson Corporation Common Stock,$864.59 ,25.84,3.08%,1.01E+11,United States,,277098,Health Care,Other Pharmaceuticals
VRT,Vertiv Holdings LLC Class A Common Stock,$260.77 ,-3.86,-1.46%,1.00E+11,United States,2018,1362744,Technology,Industrial Machinery/Components
TT,Trane Technologies plc,$455.28 ,4.18,0.93%,1.00E+11,Ireland,,324311,Industrials,Auto Parts:O.E.M.
VLO,Valero Energy Corporation Common Stock,$346.92 ,5.41,1.58%,99887794770,United States,,657102,Energy,Integrated oil Companies
MELI,MercadoLibre Inc. Common Stock,"$1,950.73 ",28.77,1.50%,98895772565,Argentina,2007,170664,Consumer Discretionary,Business Services
CME,CME Group Inc. Class A Common Stock,$274.32 ,3.4501,1.27%,98639819384,United States,2002,500676,Finance,Investment Bankers/Brokers/Service
CEG,Constellation Energy Corporation Common Stock,$277.21 ,4.29,1.57%,98217548533,United States,,829348,Utilities,Electric Utilities: Central
KKR,KKR & Co. Inc. Common Stock,$108.76 ,1.74,1.63%,97626847965,United States,,869522,Finance,Investment Managers
DASH,DoorDash Inc. Class A Common Stock,$224.98 ,2.615,1.18%,97481203377,United States,,1851772,Consumer Discretionary,Business Services
PNC,PNC Financial Services Group Inc. (The) Common Stock,$242.80 ,1.18,0.49%,96863522348,United States,,512572,Finance,Major Banks
HOOD,Robinhood Markets Inc. Class A Common Stock,$107.66 ,12.56,13.21%,96795197511,United States,2021,29904615,Finance,Investment Bankers/Brokers/Service
PSX,Phillips 66 Common Stock,$241.78 ,1.78,0.74%,96475277070,United States,,1204181,Energy,Integrated oil Companies
USB,U.S. Bancorp Common Stock,$61.80 ,0.015,0.02%,96279789106,United States,,2026122,Finance,Major Banks
CMCSA,Comcast Corporation Class A Common Stock,$26.91 ,0.485,1.84%,95476066997,United States,,4964697,Telecommunications,Cable & Other Pay Television Services
CSX,CSX Corporation Common Stock,$51.34 ,0.365,0.72%,95096799864,United States,,3617382,Industrials,Railroads
PWR,Quanta Services Inc. Common Stock,$642.12 ,-20.35,-3.07%,94603397691,United States,,438313,Industrials,Engineering & Construction
DUK,Duke Energy Corporation (Holding Company) Common Stock,$120.52 ,-2.17,-1.77%,93969708300,United States,,1516384,Utilities,Power Generation
BCS,Barclays PLC Common Stock,$26.88 ,0.385,1.45%,93431556593,United Kingdom,,1343527,Finance,Commercial Banks
HCA,HCA Healthcare Inc. Common Stock,$429.60 ,23.33,5.74%,93009044400,United States,2011,828975,Health Care,Hospital/Nursing Management
MAR,Marriott International Class A Common Stock,$356.60 ,-0.005,0.00%,92987954469,United States,,285364,Consumer Discretionary,Hotels/Resorts
MMM,3M Company Common Stock,$180.30 ,2.205,1.24%,92982173173,United States,,897729,Health Care,Medical/Dental Instruments
MRSH,Marsh Common Stock,$192.53 ,2.32,1.22%,91877485428,United States,,741908,Finance,Specialty Insurers
ICE,Intercontinental Exchange Inc. Common Stock,$161.88 ,3.27,2.06%,90878539556,United States,2005,1062228,Finance,Investment Bankers/Brokers/Service
WM,Waste Management Inc. Common Stock,$223.96 ,-0.96,-0.43%,89520212609,United States,,543665,Utilities,Environmental Services
LYG,Lloyds Banking Group Plc American Depositary Shares,$6.03 ,0.125,2.12%,89296608832,United Kingdom,,7077561,Finance,Commercial Banks
E,ENI S.p.A. Common Stock,$56.74 ,-0.61,-1.06%,89273726284,Italy,,77647,Energy,Oil & Gas Production
JCI,Johnson Controls International plc Ordinary Share,$144.61 ,1.445,1.01%,87593245269,Switzerland,,1139534,Industrials,Industrial Machinery/Components
UPS,United Parcel Service Inc. Common Stock,$102.73 ,0.15,0.15%,87400791919,United States,1999,1347465,Industrials,Trucking Freight/Courier Services
ELV,Elevance Health Inc. Common Stock,$402.66 ,6.38,1.61%,87324588311,United States,,181242,Health Care,Medical Specialities
EMR,Emerson Electric Company Common Stock,$156.44 ,1.72,1.11%,87262232000,United States,,653042,Technology,Consumer Electronics/Appliances
MCO,Moody's Corporation Common Stock,$503.81 ,5.035,1.01%,87259026000,United States,,197294,Finance,Finance: Consumer Services
CDNS,Cadence Design Systems Inc. Common Stock,$315.86 ,2.27,0.72%,86985632980,United States,,523051,Technology,Computer Software: Prepackaged Software
REGN,Regeneron Pharmaceuticals Inc. Common Stock,$842.18 ,15.54,1.88%,86706631794,United States,1991,351733,Health Care,Biotechnology: Pharmaceutical Preparations
WMB,Williams Companies Inc. (The) Common Stock,$70.63 ,-1.05,-1.47%,86392318547,United States,,2780514,Utilities,Natural Gas Distribution
CP,Canadian Pacific Kansas City Limited Common Shares,$95.65 ,0.82,0.87%,85345041748,Canada,,452710,Industrials,Railroads
SHW,Sherwin-Williams Company (The) Common Stock,$347.33 ,0.42,0.12%,84317188587,United States,,456474,Consumer Discretionary,RETAIL: Building Materials
DDOG,Datadog Inc. Class A Common Stock,$234.67 ,2.115,0.91%,84262340507,United States,2019,1060625,Technology,Computer Software: Prepackaged Software
BAM,Brookfield Asset Management Inc Class A Limited Voting Shares,$52.38 ,0.86,1.67%,83663275003,,2022,257947,Real Estate,Building operators
NTES,NetEase Inc. American Depositary Shares,$129.06 ,9.25,7.72%,82356813231,China,,653044,Technology,Computer Software: Prepackaged Software
AMT,American Tower Corporation (REIT) Common Stock,$176.65 ,0.93,0.53%,82311842479,United States,,543108,Real Estate,Real Estate Investment Trusts
ITUB,Itau Unibanco Banco Holding SA American Depositary Shares (Each repstg 500 Preferred shares),$7.46 ,0.2899,4.04%,82256770341,Brazil,,7315548,Finance,Major Banks
EPD,Enterprise Products Partners L.P. Common Stock,$38.05 ,-0.38,-0.99%,82168106280,United States,,791282,Utilities,Natural Gas Distribution
MDLZ,Mondelez International Inc. Class A Common Stock,$64.37 ,0.23,0.36%,82155949629,United States,,1822342,Consumer Staples,Packaged Foods
CMI,Cummins Inc. Common Stock,$593.71 ,0.47,0.08%,81732782577,United States,,260555,Industrials,Industrial Machinery/Components
CTAS,Cintas Corporation Common Stock,$203.93 ,0.41,0.20%,81606578575,United States,1983,411515,Industrials,Garments and Clothing
ASX,ASE Technology Holding Co. Ltd. American Depositary Shares (each representing Two Common Shares),$36.29 ,-0.225,-0.62%,80803022631,Taiwan,2018,1246528,Technology,Semiconductors
ITW,Illinois Tool Works Inc. Common Stock,$283.02 ,0.28,0.10%,80604096000,United States,,317462,Industrials,Industrial Machinery/Components
EOG,EOG Resources Inc. Common Stock,$152.26 ,0.07,0.05%,79864812338,United States,,795548,Energy,Oil & Gas Production
SU,Suncor Energy  Inc. Common Stock,$68.17 ,0.23,0.34%,79733650650,Canada,,600335,Energy,Integrated oil Companies
NGG,National Grid Transco PLC National Grid PLC (NEW) American Depositary Shares,$80.19 ,-0.43,-0.53%,79573256866,United Kingdom,,337554,Utilities,Natural Gas Distribution
MSI,Motorola Solutions Inc. Common Stock,$480.09 ,6.4625,1.36%,79452326415,United States,,412866,Technology,Radio And Television Broadcasting And Communications Equipment
SLB,SLB Limited Common Shares,$53.43 ,-0.12,-0.22%,79297772832,France,,2486437,Energy,Oilfield Services/Equipment
ECL,Ecolab Inc. Common Stock,$281.55 ,0.07,0.03%,78926518175,United States,,447029,Consumer Discretionary,Package Goods/Cosmetics
NOC,Northrop Grumman Corporation Common Stock,$552.71 ,-11.15,-1.98%,78519655100,United States,,274963,Industrials,Industrial Machinery/Components
NSC,Norfolk Southern Corporation Common Stock,$348.74 ,2.12,0.61%,78329924000,United States,,187602,Industrials,Railroads
APO,Apollo Global Management Inc. (New) Common Stock,$132.54 ,2.56,1.97%,78270590294,United States,,569313,Finance,Investment Managers
CNI,Canadian National Railway Company Common Stock,$129.44 ,1.205,0.94%,78191683500,Canada,,140011,Industrials,Railroads
LITE,Lumentum Holdings Inc. Common Stock,$871.65 ,-7.6293,-0.87%,78187067790,United States,,2331389,Telecommunications,Telecommunications Equipment
B,Barrick Mining Corporation Common Shares,$47.44 ,1.165,2.52%,78072527415,Canada,,5194765,Basic Materials,Precious Metals
FDX,FedEx Corporation Common Stock,$328.94 ,2.9,0.89%,77850372889,United States,,295397,Consumer Discretionary,Air Freight/Delivery Services
RCL,Royal Caribbean Cruises Ltd. Common Stock,$290.39 ,2.77,0.96%,77665410673,United States,1993,377109,Consumer Discretionary,Marine Transportation
GM,General Motors Company Common Stock,$87.75 ,1.6,1.86%,76996372723,United States,2010,2006539,Industrials,Auto Manufacturing
ROST,Ross Stores Inc. Common Stock,$239.90 ,10.91,4.76%,76955380132,United States,1985,3106737,Consumer Discretionary,Clothing/Shoe/Accessory Stores
NWG,NatWest Group plc American Depositary Shares (each representing two (2) Ordinary Shares),$18.61 ,0.295,1.61%,76532055954,United Kingdom,2022,887975,Finance,Commercial Banks
SNPS,Synopsys Inc. Common Stock,$398.85 ,0.925,0.23%,76370571380,United States,1992,324172,Technology,Computer Software: Prepackaged Software
CVNA,Carvana Co. Class A Common Stock,$69.27 ,-2.25,-3.15%,76229125348,United States,2017,3285377,Consumer Discretionary,Retail-Auto Dealers and Gas Stations
TRV,The Travelers Companies Inc. Common Stock,$364.80 ,0.31,0.09%,76088168026,United States,,432390,Finance,Property-Casualty Insurers
AON,Aon plc Class A Ordinary Shares (Ireland),$354.79 ,2.855,0.81%,75258922102,United States,,189745,Finance,Specialty Insurers
TGT,Target Corporation Common Stock,$164.16 ,5.91,3.74%,74560012946,United States,,2332142,Consumer Discretionary,Department/Specialty Retail Stores
HLT,Hilton Worldwide Holdings Inc. Common Stock,$328.87 ,-0.74,-0.23%,74017096952,United States,2016,312158,Consumer Discretionary,Hotels/Resorts
BSX,Boston Scientific Corporation Common Stock,$50.79 ,1.42,2.88%,73606367626,United States,,13345705,Health Care,Medical/Dental Instruments
CI,The Cigna Group Common Stock,$278.55 ,4.14,1.51%,73604187375,United States,,402283,Health Care,Medical Specialities
ET,Energy Transfer LP Common Units,$21.10 ,-0.115,-0.54%,72636405083,United States,,4487446,Utilities,Natural Gas Distribution
CL,Colgate-Palmolive Company Common Stock,$90.95 ,1.25,1.39%,72502868798,United States,,1179792,Consumer Discretionary,Package Goods/Cosmetics
SE,Sea Limited American Depositary Shares each representing one Class A Ordinary Share,$118.32 ,1.0814,0.92%,72470026121,United States,2017,413719,Consumer Discretionary,Other Consumer Services
ORLY,O'Reilly Automotive Inc. Common Stock,$89.27 ,0.185,0.21%,72211885098,United States,1993,1500690,Consumer Discretionary,Auto & Home Supply Stores
NU,Nu Holdings Ltd. Class A Ordinary Shares,$14.80 ,0.585,4.12%,71839691385,Cayman Islands,2021,24082463,Finance,Finance: Consumer Services
WBD,Warner Bros. Discovery Inc. Series A Common Stock,$28.50 ,0.265,0.94%,71542490932,United States,,4323107,Telecommunications,Cable & Other Pay Television Services
AMX,America Movil S.A.B. de C.V. American Depositary Shares (each representing the right to receive twenty (20) Series B Shares,$23.73 ,0.34,1.45%,71421367500,Mexico,2023,5344472,Telecommunications,Telecommunications Equipment
HPE,Hewlett Packard Enterprise Company Common Stock,$53.92 ,1.03,1.95%,71401053852,United States,2015,3273607,Technology,Retail: Computer Software & Peripheral Equipment
WPM,Wheaton Precious Metals Corp Common Shares (Canada),$156.77 ,6.52,4.34%,71198658183,Canada,,1119993,Basic Materials,Precious Metals
MFC,Manulife Financial Corporation Common Stock,$42.65 ,0.18,0.42%,71178180422,Canada,,278389,Finance,Life Insurance
DB,Deutsche Bank AG Common Stock,$37.79 ,0.23,0.61%,71098106000,Germany,,568400,Finance,Major Banks
DLR,Digital Realty Trust Inc. Common Stock,$191.22 ,-3.08,-1.59%,70758317575,United States,2004,393334,Real Estate,Real Estate Investment Trusts
SPG,Simon Property Group Inc. Common Stock,$218.56 ,-1.345,-0.61%,70713801361,United States,,377293,Real Estate,Real Estate Investment Trusts
KMI,Kinder Morgan Inc. Common Stock,$31.01 ,-0.6,-1.90%,69053132780,United States,2011,4335455,Utilities,Natural Gas Distribution
HON,Honeywell International Inc. Common Stock,$217.85 ,-0.475,-0.22%,69043796478,United States,,603815,Industrials,Aerospace
PCAR,PACCAR Inc. Common Stock,$131.05 ,2.11,1.64%,68980127091,United States,,707995,Industrials,Auto Manufacturing
APD,Air Products and Chemicals Inc. Common Stock,$306.65 ,6.315,2.10%,68285404347,United States,,534376,Basic Materials,Major Chemicals
URI,United Rentals Inc. Common Stock,"$1,090.32 ",-4.94,-0.45%,67864230606,United States,1997,119634,Consumer Discretionary,Diversified Commercial Services
RSG,Republic Services Inc. Common Stock,$220.18 ,0.68,0.31%,67421973496,United States,1998,282695,Utilities,Environmental Services
AJG,Arthur J. Gallagher & Co. Common Stock,$262.78 ,3.17,1.22%,67350514000,United States,,341238,Finance,Specialty Insurers
AEP,American Electric Power Company Inc. Common Stock,$122.20 ,-3.5,-2.78%,66525356414,United States,,1922936,Utilities,Electric Utilities: Central
IMO,Imperial Oil Limited Common Stock,$137.30 ,0.44,0.32%,66397318900,Canada,1929,70481,Energy,Integrated oil Companies
TDG,Transdigm Group Incorporated Common Stock,"$1,195.57 ",15.17,1.29%,66086954994,United States,2006,149625,Industrials,Military/Government/Technical
ARGX,argenx SE American Depositary Shares,"$1,057.01 ",18.885,1.82%,65600782930,Netherlands,2017,113189,Health Care,Biotechnology: Biological Products (No Diagnostic Substances)
BRKRP,Bruker Corporation 6.375% Mandatory Convertible Preferred Stock Series A,$429.89 ,-10.72,-2.43%,65497746355,United States,,3082,Industrials,Biotechnology: Laboratory Analytical Instruments
RELX,RELX PLC PLC American Depositary Shares (Each representing One Ordinary Share),$35.89 ,0.505,1.43%,65453432408,United Kingdom,2015,918438,Consumer Discretionary,Business Services
ALL,Allstate Corporation (The) Common Stock,$255.75 ,1.21,0.48%,64668420713,United States,,371025,Finance,Property-Casualty Insurers
MPWR,Monolithic Power Systems Inc. Common Stock,"$1,309.38 ",-1.22,-0.09%,64346861340,United States,2004,197054,Technology,Semiconductors
TRGP,Targa Resources Inc. Common Stock,$298.30 ,-3.95,-1.31%,63964773564,United States,2010,572190,Utilities,Natural Gas Distribution
CRH,CRH PLC Ordinary Shares,$95.14 ,2.05,2.20%,63680953560,Ireland,,1169447,Industrials,Building Materials
VALE,VALE S.A.  American Depositary Shares Each Representing one common share,$14.68 ,0.445,3.13%,62655123130,Brazil,,13350513,Basic Materials,Metal Mining
BKR,Baker Hughes Company Class A Common Stock,$62.63 ,-0.155,-0.25%,62166213696,United States,,1920506,Consumer Discretionary,Oil and Gas Field Machinery
TRP,TC Energy Corporation Common Stock,$62.01 ,-1.02,-1.62%,62010000000,Canada,,456062,Utilities,Natural Gas Distribution
GWW,W.W. Grainger Inc. Common Stock,"$1,308.43 ",8.09,0.62%,61628285541,United States,,45442,Industrials,Office Equipment/Supplies/Services
TFC,Truist Financial Corporation Common Stock,$50.28 ,0.05,0.10%,61423364733,United States,,1676901,Finance,Major Banks
NBIS,Nebius Group N.V. Class A Ordinary Shares,$225.63 ,5.5242,2.51%,61339834629,Netherlands,2011,11017688,Technology,Computer Software: Programming Data Processing
OXY,Occidental Petroleum Corporation Common Stock,$61.36 ,-0.16,-0.26%,61337749085,United States,,2437981,Energy,Oil & Gas Production
CVE,Cenovus Energy Inc Common Stock,$32.62 ,0.14,0.43%,61162500000,Canada,,1342393,Energy,Oil & Gas Production
COR,Cencora Inc. Common Stock,$319.88 ,5.19,1.65%,61041793540,United States,,228081,Health Care,Other Pharmaceuticals
AU,AngloGold Ashanti PLC Ordinary Shares,$120.03 ,4.89,4.25%,60707483798,South Africa,,2180233,Basic Materials,Precious Metals
NKE,Nike Inc. Common Stock,$40.88 ,0.665,1.65%,60638009485,United States,,5928410,Consumer Discretionary,Shoe Manufacturing
MET,MetLife Inc. Common Stock,$94.78 ,1.32,1.41%,60230503141,United States,2000,808928,Finance,Life Insurance
O,Realty Income Corporation Common Stock,$62.90 ,-0.27,-0.43%,59517114276,United States,,1415169,Real Estate,Real Estate Investment Trusts
D,Dominion Energy Inc. Common Stock,$67.29 ,-0.18,-0.27%,59183301108,United States,,1003774,Utilities,Electric Utilities: Central
FANG,Diamondback Energy Inc. Common Stock,$211.17 ,0.145,0.07%,59131342501,United States,2012,357333,Energy,Oil & Gas Production
OKE,ONEOK Inc. Common Stock,$93.67 ,-0.935,-0.99%,59043574860,United States,,886388,Utilities,Oil & Gas Production
BE,Bloom Energy Corporation Class A Common Stock,$200.13 ,-2.355,-1.16%,58942285118,United States,2018,4214254,Energy,Industrial Machinery/Components
FAST,Fastenal Company Common Stock,$51.35 ,0.69,1.36%,58924000374,United States,1987,1237780,Consumer Discretionary,RETAIL: Building Materials
TEL,TE Connectivity plc Ordinary Shares,$203.05 ,2.51,1.25%,58785660945,Ireland,,726692,Technology,Electronic Components
MRNA,Moderna Inc. Common Stock,$146.81 ,13.485,10.12%,58609824685,United States,2018,51513695,Health Care,Biotechnology: Biological Products (No Diagnostic Substances)
MPLX,MPLX LP Common Units Representing Limited Partner Interests,$57.77 ,-0.83,-1.42%,58570591160,United States,2012,705193,Energy,Natural Gas Distribution
AFL,AFLAC Incorporated Common Stock,$116.62 ,0.45,0.39%,58466655413,United States,,437704,Finance,Accident &Health Insurance
NOK,Nokia Corporation Sponsored American Depositary Shares,$10.16 ,0.005,0.05%,58312444113,Finland,1994,26966747,Technology,Radio And Television Broadcasting And Communications Equipment
TER,Teradyne Inc. Common Stock,$372.12 ,-11.03,-2.88%,58177519890,United States,,710479,Industrials,Electrical Products
FIX,Comfort Systems USA Inc. Common Stock,"$1,649.63 ",-23.315,-1.39%,58057444977,United States,1997,119941,Industrials,Engineering & Construction
LNG,Cheniere Energy Inc. Common Stock,$279.48 ,0.305,0.11%,57721133807,United States,2001,394688,Utilities,Oil/Gas Transmission
TAK,Takeda Pharmaceutical Company Limited American Depositary Shares (each representing 1/2 of a share of Common Stock),$18.20 ,0.07,0.39%,57509171866,Japan,2018,607922,Health Care,Biotechnology: Pharmaceutical Preparations
F,Ford Motor Company Common Stock,$14.53 ,0.535,3.82%,56890700659,United States,,19628378,Industrials,Auto Manufacturing
GRMN,Garmin Ltd. Common Stock (Switzerland),$294.76 ,1.67,0.57%,56845213511,Switzerland,2000,185802,Industrials,Industrial Machinery/Components
NXPI,NXP Semiconductors N.V. Common Stock,$224.95 ,1.98,0.89%,56724330941,Netherlands,2010,524587,Technology,Semiconductors
PSA,Public Storage Common Stock,$322.07 ,-0.67,-0.21%,56562298627,United States,,140841,Real Estate,Real Estate Investment Trusts
BMNP,BitMine Immersion Technologies Inc. 9.5% Series A Perpetual Preferred Stock,$93.56 ,1.655,1.80%,56434845291,,,19257,Finance,Finance: Consumer Services
NUE,Nucor Corporation Common Stock,$247.96 ,7.4818,3.11%,56256500997,United States,,741646,Industrials,Steel/Iron Ore
COHR,Coherent Corp. Common Stock,$284.93 ,-5.105,-1.76%,55797502692,United States,,3199910,Technology,Electronic Components
CIEN,Ciena Corporation Common Stock,$394.00 ,1.52,0.39%,55771851268,United States,1997,440413,Utilities,Telecommunications Equipment
MT,Arcelor Mittal NY Registry Shares NEW,$73.27 ,2.155,3.03%,55763883129,Luxembourg,,750289,Industrials,Steel/Iron Ore
SOMN,Southern Company (The) 2025 Series A Corporate Units,$48.41 ,-0.52,-1.06%,55689071184,United States,,6151,Utilities,Electric Utilities: Central
SRE,DBA Sempra Common Stock,$84.39 ,-2.99,-3.42%,55182650368,United States,,1255669,Utilities,Natural Gas Distribution
NDAQ,Nasdaq Inc. Common Stock,$98.21 ,0.66,0.68%,54897167704,United States,,712821,Finance,Investment Bankers/Brokers/Service
AME,AMETEK Inc.,$238.93 ,-0.15,-0.06%,54777389029,United States,,330220,Industrials,Industrial Machinery/Components
DAL,Delta Air Lines Inc. Common Stock,$82.81 ,1.75,2.16%,54457763114,United States,,1645335,Consumer Discretionary,Air Freight/Delivery Services
CTVA,Corteva Inc. Common Stock,$81.38 ,1.915,2.41%,54293074500,United States,2019,983526,Consumer Staples,Farming/Seeds/Milling
DVN,Devon Energy Corporation Common Stock,$49.16 ,-0.145,-0.29%,54070500000,United States,1985,2942057,Energy,Oil & Gas Production
ADSK,Autodesk Inc. Common Stock,$255.28 ,4.26,1.70%,53864080000,United States,,409589,Technology,Computer Software: Prepackaged Software
KEYS,Keysight Technologies Inc. Common Stock,$312.90 ,-3.61,-1.14%,53473160647,United States,2014,446690,Industrials,Industrial Machinery/Components
CAH,Cardinal Health Inc. Common Stock,$229.76 ,1.3,0.57%,53436599265,United States,,304763,Health Care,Other Pharmaceuticals
PYPL,PayPal Holdings Inc. Common Stock,$62.13 ,-0.17,-0.27%,53149784102,United States,,3285680,Industrials,Diversified Commercial Services
HONA,Honeywell Aerospace Inc. Common Stock,$165.52 ,-0.37,-0.22%,52462015042,United States,,798693,Industrials,Aerospace
VMRK,Vivmark Residential Common Shares of Beneficial Interest,$66.59 ,1.45,2.23%,52439625000,United States,,1572695,Real Estate,Real Estate Investment Trusts
DEO,Diageo plc Common Stock,$93.90 ,0.05,0.05%,52265035316,United Kingdom,,458310,Consumer Staples,Beverages (Production/Distribution)
BDX,Becton Dickinson and Company Common Stock,$191.21 ,3.59,1.91%,52083080028,United States,,657056,Health Care,Medical/Dental Instruments
EW,Edwards Lifesciences Corporation Common Stock,$89.95 ,0.115,0.13%,51844298000,United States,,775383,Health Care,Industrial Specialties
AXON,Axon Enterprise Inc. Common Stock,$632.63 ,18.37,2.99%,51393225851,United States,2001,240512,Industrials,Ordnance And Accessories
STT,State Street Corporation Common Stock,$186.57 ,3.5,1.91%,51251108296,United States,,412732,Finance,Major Banks
HBANL,Huntington Bancshares Incorporated Depositary Shares Each Representing a 1/40th Interest in a Share of 6.875% Series J Non-Cumulative Perpetual Preferred Stock,$25.29 ,-0.0701,-0.28%,51096088908,United States,,4196,Finance,Major Banks
FNV,Franco-Nevada Corporation,$264.68 ,6.54,2.53%,51049840031,Canada,,350468,Basic Materials,Precious Metals
AMP,Ameriprise Financial Inc. Common Stock,$558.32 ,11.23,2.05%,50191339939,United States,,120179,Finance,Investment Managers
CARR,Carrier Global Corporation Common Stock,$60.80 ,0.65,1.08%,50118963466,United States,2020,1347364,Industrials,Industrial Machinery/Components
COIN,Coinbase Global Inc. Class A Common Stock,$189.48 ,17.125,9.94%,49990500985,United States,,12814746,Finance,Finance: Consumer Services
LHX,L3Harris Technologies Inc. Common Stock,$268.06 ,-2.38,-0.88%,49916689965,United States,,355345,Industrials,Industrial Machinery/Components
WAB,Westinghouse Air Brake Technologies Corporation Common Stock,$294.23 ,1.92,0.66%,49698639690,United States,,283823,Industrials,Railroads
WDAY,Workday Inc. Class A Common Stock,$201.13 ,3.81,1.93%,49679110000,United States,,961907,Technology,EDP Services
CRWV,CoreWeave Inc. Class A Common Stock,$90.01 ,0.25,0.28%,49643809546,United States,2025,11014308,Technology,Computer Software: Prepackaged Software
ALAB,Astera Labs Inc. Common Stock,$285.32 ,-5.2,-1.79%,49498769873,United States,2024,1489588,Technology,Semiconductors
FITB,Fifth Third Bancorp Common Stock,$54.50 ,0,0.00%,49425644738,United States,,2311960,Finance,Major Banks
HEI,Heico Corporation Common Stock,$353.28 ,2.695,0.77%,49365838794,United States,2000,83527,Industrials,Aerospace
ETR,Entergy Corporation Common Stock,$105.36 ,-1.98,-1.85%,49164294629,United States,,497302,Utilities,Electric Utilities: Central
CCEP,Coca-Cola Europacific Partners plc Ordinary Shares,$107.93 ,1.08,1.01%,48998323994,United Kingdom,,276057,Consumer Staples,Beverages (Production/Distribution)
INFY,Infosys Limited American Depositary Shares,$12.08 ,0.245,2.07%,48980548099,India,,5624677,Technology,EDP Services
XYZ,Block Inc. Class A Common Stock,$81.31 ,1.225,1.53%,48847637475,United States,2015,3150566,Technology,Computer Software: Prepackaged Software
ROK,Rockwell Automation Inc. Common Stock,$436.92 ,5.47,1.27%,48617815545,United States,,158104,Industrials,Industrial Machinery/Components
AZO,AutoZone Inc. Common Stock,"$2,955.30 ",-6.69,-0.23%,48246321632,United States,,37854,Consumer Discretionary,Auto & Home Supply Stores
XEL,Xcel Energy Inc. Common Stock,$76.86 ,-1.85,-2.35%,48009392759,United States,,2662712,Utilities,Power Generation
VTR,Ventas Inc. Common Stock,$93.41 ,0.7325,0.79%,47915601760,United States,,502516,Real Estate,Real Estate Investment Trusts
CBRS,Cerebras Systems Inc. Class A Common Stock,$200.98 ,-8.87,-4.23%,47745620960,United States,2026,3705581,Technology,Semiconductors
PCG,Pacific Gas & Electric Co. Common Stock,$17.63 ,-0.33,-1.84%,47250348044,United States,,9763355,Utilities,Power Generation
NTRA,Natera Inc. Common Stock,$327.52 ,2.68,0.83%,47210098558,United States,2015,393914,Health Care,Medical Specialities
FERG,Ferguson Enterprises Inc. Common Stock,$242.75 ,3.305,1.38%,46959679788,United Kingdom,2021,255819,Miscellaneous,Miscellaneous
ARES,Ares Management Corporation Class A Common Stock,$142.06 ,1.83,1.31%,46919183152,United States,2014,457543,Finance,Investment Managers
MSTR,Strategy Inc Common Stock Class A,$120.61 ,8.215,7.31%,46339546699,United States,1998,28029019,Technology,Computer Software: Prepackaged Software
WDS,Woodside Energy Group Limited American Depositary Shares each representing one Ordinary Share,$24.34 ,0.22,0.91%,46272777481,Australia,2022,110408,Energy,Oil & Gas Production
UMC,United Microelectronics Corporation (NEW) Common Stock,$18.38 ,0.375,2.08%,46261474568,Taiwan,,2484922,Technology,Semiconductors
VST,Vistra Corp. Common Stock,$137.72 ,-1.22,-0.88%,46223679055,United States,,1941174,Utilities,Electric Utilities: Central
EBAY,eBay Inc. Common Stock,$103.81 ,-0.805,-0.77%,46193225000,United States,1998,1334153,Consumer Discretionary,Business Services
HUM,Humana Inc. Common Stock,$383.43 ,2.7,0.71%,46042392496,United States,,332321,Health Care,Medical Specialities
TRI,Thomson Reuters Corporation Common Shares,$106.26 ,0.38,0.36%,46031832000,United States,,568387,Consumer Discretionary,Publishing
EXC,Exelon Corporation Common Stock,$44.35 ,-0.71,-1.58%,45780463436,United States,,1651290,Utilities,Power Generation
TTWO,Take-Two Interactive Software Inc. Common Stock,$243.79 ,3.64,1.52%,45583962199,United States,1997,491596,Technology,Computer Software: Prepackaged Software
CMG,Chipotle Mexican Grill Inc. Common Stock,$36.01 ,0.715,2.03%,45561375090,United States,2006,5345547,Consumer Discretionary,Restaurants
ABEV,Ambev S.A. American Depositary Shares (Each representing 1 Common Share),$2.87 ,0.04,1.41%,45235903230,Brazil,2013,10841616,Consumer Staples,Beverages (Production/Distribution)
FER,Ferrovial N.V. Ordinary Shares,$62.78 ,-0.37,-0.59%,45167557671,Netherlands,,539642,Industrials,Military/Government/Technical
RVMD,Revolution Medicines Inc. Common Stock,$209.45 ,-2.285,-1.08%,44892762750,United States,2020,392485,Health Care,Biotechnology: Biological Products (No Diagnostic Substances)
STM,STMicroelectronics N.V. Common Stock,$50.21 ,0.285,0.57%,44810232117,Switzerland,,2159039,Technology,Semiconductors
A,Agilent Technologies Inc. Common Stock,$158.62 ,2.315,1.48%,44797942798,United States,1999,824911,Industrials,Biotechnology: Laboratory Analytical Instruments
HLN,Haleon plc American Depositary Shares (Each representing two Ordinary Shares),$10.00 ,0.1275,1.29%,44521224361,United Kingdom,2022,3529823,Consumer Discretionary,Package Goods/Cosmetics
MDLN,Medline Inc. Class A Common Stock,$33.86 ,1.28,3.93%,44515995679,United States,2025,2333120,Health Care,Medical/Dental Instruments
RKLB,Rocket Lab Corporation Common Stock,$74.11 ,1.155,1.58%,44348858959,United States,2020,6396306,Industrials,Military/Government/Technical
PAYX,Paychex Inc. Common Stock,$124.33 ,1.42,1.16%,44222049984,United States,1983,561951,Industrials,Diversified Commercial Services
SLF,Sun Life Financial Inc. Common Stock,$79.22 ,0.96,1.23%,44114829773,Canada,,81463,Finance,Life Insurance
CBRE,CBRE Group Inc Common Stock Class A,$151.97 ,0.18,0.12%,44006758037,United States,,291244,Finance,Real Estate
TEVA,Teva Pharmaceutical Industries Limited American Depositary Shares,$37.69 ,0.88,2.39%,43920009406,Israel,,1201747,Health Care,Biotechnology: Pharmaceutical Preparations
CCJ,Cameco Corporation Common Stock,$100.48 ,4.89,5.12%,43762353629,Canada,1996,1624162,Basic Materials,Other Metals and Minerals
IDXX,IDEXX Laboratories Inc. Common Stock,$552.08 ,6.215,1.14%,43493084616,United States,1991,174471,Health Care,Biotechnology: In Vitro & In Vivo Diagnostic Substances
TEAM,Atlassian Corporation Class A Common Stock,$171.78 ,-3.13,-1.79%,43484185641,Australia,2015,1319621,Technology,Computer Software: Prepackaged Software
KDP,Keurig Dr Pepper Inc. Common Stock,$31.95 ,0.285,0.90%,43471587784,United States,,2573369,Consumer Staples,Beverages (Production/Distribution)
IX,ORIX Corporation American Depositary Shares,$38.55 ,1.005,2.68%,43328689822,Japan,,59627,Finance,Diversified Financial Services
HMC,Honda Motor Company Ltd. Common Stock,$33.39 ,0.79,2.42%,43324420319,Japan,,472538,Industrials,Auto Manufacturing
WCN,Waste Connections Inc. Common Shares,$169.48 ,1.15,0.68%,43255537745,Canada,,207503,Utilities,Environmental Services
CRDO,Credo Technology Group Holding Ltd Ordinary Shares,$231.64 ,0.29,0.13%,43195740293,United States,2022,1268679,Technology,Semiconductors
BSBR,Banco Santander Brasil SA American Depositary Shares each representing one unit,$5.76 ,0.19,3.41%,43034101235,Brazil,2009,965227,Finance,Commercial Banks
ONC,BeOne Medicines Ltd. American Depositary Shares,$377.97 ,8.81,2.39%,42975898450,Cayman Islands,2016,98239,Health Care,Biotechnology: Pharmaceutical Preparations
ODFL,Old Dominion Freight Line Inc. Common Stock,$206.60 ,2.075,1.02%,42838841322,United States,1991,272472,Industrials,Trucking Freight/Courier Services
LYV,Live Nation Entertainment Inc. Common Stock,$181.77 ,-0.25,-0.14%,42831166732,United States,,254350,Consumer Discretionary,Services-Misc. Amusement & Recreation
GFI,Gold Fields Limited American Depositary Shares,$47.69 ,2.24,4.93%,42683706339,South Africa,,2428751,Basic Materials,Precious Metals
IQV,IQVIA Holdings Inc. Common Stock,$258.86 ,2.81,1.10%,42608356000,United States,2013,495220,Health Care,Biotechnology: Commercial Physical & Biological Resarch
KB,KB Financial Group Inc,$118.11 ,4.87,4.30%,42352795845,South Korea,,82644,Finance,Commercial Banks
IBKR,Interactive Brokers Group Inc. Class A Common Stock,$92.93 ,3.08,3.43%,42104554431,United States,2019,1215485,Finance,Investment Bankers/Brokers/Service
PRU,Prudential Financial Inc. Common Stock,$121.69 ,1.1,0.91%,41983050000,United States,2001,434686,Finance,Life Insurance
DHI,D.R. Horton Inc. Common Stock,$148.56 ,1.23,0.84%,41552420226,United States,,487645,Consumer Discretionary,Homebuilding
HBANM,Huntington Bancshares Incorporated Depositary Shares each representing a 1/1000th interest in a share of Huntington Series I Preferred Stock,$20.52 ,0.125,0.61%,41458912230,United States,,4738,Finance,Major Banks
MSCI,MSCI Inc. Common Stock,$566.73 ,-2.02,-0.36%,41201271000,United States,,119044,Consumer Discretionary,Business Services
MCHP,Microchip Technology Incorporated Common Stock,$75.80 ,-0.01,-0.01%,41160058778,United States,1993,1251654,Technology,Semiconductors
YUM,Yum! Brands Inc.,$150.77 ,-1.565,-1.03%,41143932080,United States,,1182150,Consumer Discretionary,Restaurants
ROP,Roper Technologies Inc. Common Stock,$412.88 ,2.425,0.59%,40833698353,United States,1992,220822,Industrials,Industrial Machinery/Components
FMX,Fomento Economico Mexicano S.A.B. de C.V. Common Stock,$119.72 ,1.01,0.85%,40786385349,Mexico,,123061,Consumer Staples,Beverages (Production/Distribution)
VEEV,Veeva Systems Inc. Class A Common Stock,$249.36 ,-1.175,-0.47%,40694411340,United States,2013,358755,Technology,Computer Software: Prepackaged Software
VIK,Viking Holdings Ltd Ordinary Shares,$91.20 ,0.67,0.74%,40655686757,United States,2024,1502545,Consumer Discretionary,Marine Transportation
FLEX,Flex Ltd. Ordinary Shares,$109.32 ,-1,-0.91%,40383133555,Singapore,1994,772710,Technology,Electrical Products
WAT,Waters Corporation Common Stock,$408.55 ,3.855,0.95%,40138774508,United States,1995,288697,Industrials,Biotechnology: Laboratory Analytical Instruments
SYY,Sysco Corporation Common Stock,$83.73 ,0.67,0.81%,40038229768,United States,,763714,Consumer Discretionary,Food Distributors
AIG,American International Group Inc. New Common Stock,$76.37 ,0.615,0.81%,39930736851,United States,,1026580,Finance,Property-Casualty Insurers
JD,JD.com Inc. American Depositary Shares,$29.54 ,0.1314,0.45%,39703641600,China,2014,1948358,Consumer Discretionary,Other Specialty Stores
RKT,Rocket Companies Inc. Class A Common Stock,$14.02 ,-0.045,-0.32%,39685468530,United States,2020,4690363,Finance,Finance: Consumer Services
ADM,Archer-Daniels-Midland Company Common Stock,$82.18 ,0.475,0.58%,39605028733,United States,,869587,Consumer Staples,Packaged Foods
ED,Consolidated Edison Inc. Common Stock,$106.87 ,-1.44,-1.33%,39523586009,United States,,458446,Utilities,Power Generation
KGC,Kinross Gold Corporation Common Stock,$32.63 ,1.201,3.82%,38964677100,Canada,2001,5602435,Basic Materials,Precious Metals
HBANZ,Huntington Bancshares Incorporated Depositary Shares Each Representing a 1/1000th Interest in a Share of 5.50% Series L Non-Cumulative Perpetual Preferred Stock,$19.22 ,-0.09,-0.47%,38832372956,United States,,2645,Finance,Major Banks
BTSGU,BrightSpring Health Services Inc. Tangible Equity Unit,$195.19 ,-1.24,-0.63%,38621121201,United States,2024,734,Health Care,Medical/Nursing Services
NTAP,NetApp Inc. Common Stock,$194.12 ,1.31,0.68%,38092995522,United States,1995,585079,Technology,Electronic Components
VOD,Vodafone Group Plc American Depositary Shares,$15.95 ,-0.065,-0.41%,37883738862,United Kingdom,,1510803,Telecommunications,Telecommunications Equipment
STRF,Strategy Inc 10.00% Series A Perpetual Strife Preferred Stock,$98.45 ,0.8,0.82%,37827025186,United States,,79492,Technology,Computer Software: Prepackaged Software
SMCIP,Super Micro Computer Inc. Depositary Shares representing a 1/20th Interest in a Share of 7% Series A Mandatory Convertible Preferred Stock,$62.69 ,0.91,1.47%,37702924637,United States,,24292,Technology,Computer Manufacturing
HSY,The Hershey Company Common Stock,$186.89 ,-1.42,-0.75%,37550996037,United States,,241660,Consumer Staples,Specialty Foods
HIG,The Hartford Insurance Group Inc. Common Stock,$137.35 ,0.23,0.17%,37204269475,United States,,472505,Finance,Property-Casualty Insurers
EXPE,Expedia Group Inc. Common Stock,$323.91 ,-0.26,-0.08%,37086364054,United States,,249737,Consumer Discretionary,Transportation Services
STRC,Strategy Inc Variable Rate Series A Perpetual Stretch Preferred Stock,$95.99 ,0.74,0.78%,36881829838,United States,,858013,Technology,Computer Software: Prepackaged Software
TKO,TKO Group Holdings Inc. Class A Common Stock,$194.00 ,-1.45,-0.74%,36718324322,United States,2023,192187,Consumer Discretionary,Services-Misc. Amusement & Recreation
ALC,Alcon Inc. Ordinary Shares,$73.47 ,0.54,0.74%,36712959000,Switzerland,2019,402443,Health Care,Ophthalmic Goods
UAL,United Airlines Holdings Inc. Common Stock,$112.99 ,1.28,1.15%,36674720398,United States,,925700,Consumer Discretionary,Air Freight/Delivery Services
PEG,Public Service Enterprise Group Incorporated Common Stock,$73.57 ,-1.05,-1.41%,36668761607,United States,,542527,Utilities,Power Generation
KVUE,Kenvue Inc. Common Stock,$19.09 ,0.155,0.82%,36657961618,United States,2023,5359231,Consumer Discretionary,Package Goods/Cosmetics
EL,Estee Lauder Companies Inc. (The) Common Stock,$101.09 ,4.935,5.13%,36572408145,United States,1995,2367409,Consumer Discretionary,Package Goods/Cosmetics
QSR,Restaurant Brands International Inc. Common Shares,$80.29 ,0.735,0.92%,36490246475,Canada,2014,706726,Consumer Discretionary,Restaurants
KMB,Kimberly-Clark Corporation Common Stock,$109.38 ,0.685,0.63%,36375832281,United States,,562267,Consumer Discretionary,Containers/Packaging
IRM,Iron Mountain Incorporated (Delaware)Common Stock REIT,$122.17 ,-0.775,-0.63%,36368864028,United States,,231560,Real Estate,Real Estate Investment Trusts
VMC,Vulcan Materials Company (Holding Company) Common Stock,$277.71 ,7.04,2.60%,35985311608,United States,,334847,Industrials,Mining & Quarrying of Nonmetallic Minerals (No Fuels)
NTR,Nutrien Ltd. Common Shares,$74.66 ,1.54,2.11%,35983300316,Canada,2004,722494,Industrials,Agricultural Chemicals
P,Everpure Inc. Class A common stock,$108.16 ,-1.825,-1.66%,35951255420,United States,2015,676155,Technology,Electronic Components
PUK,Prudential Public Limited Company Common Stock,$28.12 ,0.545,1.98%,35920271708,United Kingdom,,204198,Finance,Life Insurance
EC,Ecopetrol S.A. American Depositary Shares,$17.46 ,-0.1905,-1.08%,35893846556,Colombia,,454734,Energy,Oil & Gas Production
VG,Venture Global Inc. Class A common stock,$14.30 ,0.005,0.04%,35738827305,United States,2025,4897463,Utilities,Oil/Gas Transmission
SHG,Shinhan Financial Group Co Ltd American Depositary Shares,$74.95 ,3.2355,4.51%,35573208412,South Korea,,53922,Finance,Major Banks
BAP,Credicorp Ltd. Common Stock,$376.46 ,6.25,1.69%,35531167058,Peru,,44100,Finance,Commercial Banks
MCHPP,Microchip Technology Incorporated Depositary Shares Each Representing a 1/20th Interest in a Share of 7.50% Series A Mandatory Convertible Preferred Stock,$65.26 ,-0.21,-0.32%,35436747175,United States,,4273,Technology,Semiconductors
KR,Kroger Company (The) Common Stock,$57.61 ,1.29,2.29%,35294609916,United States,,1979821,Consumer Staples,Food Chains
RPRX,Royalty Pharma plc Class A Ordinary Shares,$61.22 ,0.64,1.06%,35201573709,United States,2020,833304,Health Care,Biotechnology: Pharmaceutical Preparations
CCL,Carnival Corporation Ltd. Common Shares,$25.57 ,0.195,0.77%,35015079727,United States,1987,5748326,Consumer Discretionary,Marine Transportation
WEC,WEC Energy Group Inc. Common Stock,$107.31 ,-1.2,-1.11%,34966897290,United States,,591735,Utilities,Power Generation
PPLC,PPL Corporation Corporate Units,$46.27 ,-0.47,-1.01%,34820249793,United States,,1523,Utilities,Electric Utilities: Central
MDB,MongoDB Inc. Class A Common Stock,$429.47 ,9.1,2.17%,34543099689,United States,2017,266452,Technology,Computer Software: Prepackaged Software
EME,EMCOR Group Inc. Common Stock,$782.45 ,-4.94,-0.63%,34513792037,United States,,104182,Industrials,Engineering & Construction
MTB,M&T Bank Corporation Common Stock,$238.71 ,0.46,0.19%,34473605902,United States,,277773,Finance,Major Banks
ESLT,Elbit Systems Ltd. Ordinary Shares,$740.40 ,-3.27,-0.44%,34435213993,Israel,,14622,Industrials,Military/Government/Technical
DXCM,DexCom Inc. Common Stock,$91.22 ,1,1.11%,34422848983,United States,2005,799123,Health Care,Medical/Dental Instruments
ERIC,Ericsson American Depositary Shares,$10.19 ,0.081,0.80%,34357445531,Sweden,,1337923,Technology,Radio And Television Broadcasting And Communications Equipment
HBAN,Huntington Bancshares Incorporated Common Stock,$17.00 ,-0.015,-0.09%,34336949968,United States,,6495763,Finance,Major Banks
ACGL,Arch Capital Group Ltd. Common Stock,$100.05 ,0.74,0.75%,34139974056,Bermuda,,402844,Finance,Property-Casualty Insurers
CLS,Celestica Inc. Common Stock,$296.79 ,-5.2099,-1.73%,34122879924,Canada,1998,559227,Technology,Electrical Products
EQT,EQT Corporation Common Stock,$54.07 ,0.18,0.33%,33821650120,United States,,2066454,Energy,Oil & Gas Production
NTRS,Northern Trust Corporation Common Stock,$184.82 ,2.31,1.27%,33813863787,United States,,345033,Finance,Major Banks
TWLO,Twilio Inc. Class A Common Stock,$220.00 ,0.11,0.05%,33786548400,United States,2016,428780,Technology,Computer Software: Prepackaged Software
CHT,Chunghwa Telecom Co. Ltd.,$43.54 ,0.18,0.42%,33775922235,Taiwan,,35253,Telecommunications,Telecommunications Equipment
GEHC,GE HealthCare Technologies Inc. Common Stock,$74.75 ,0.685,0.93%,33761288906,United States,,618277,Health Care,Medical Electronics
RJF,Raymond James Financial Inc. Common Stock,$175.10 ,2.745,1.59%,33681573788,United States,,233741,Finance,Investment Bankers/Brokers/Service
RMD,ResMed Inc. Common Stock,$233.47 ,5.025,2.20%,33677864620,United States,,310468,Health Care,Medical/Dental Instruments
CBOE,Cboe Global Markets Inc. Common Stock,$300.45 ,6.34,2.16%,33595943438,,2010,269101,Finance,Investment Bankers/Brokers/Service
HBANP,Huntington Bancshares Incorporated Depositary Shares 4.500% Series H Non-Cumulative Perpetual Preferred Stock,$16.60 ,-0.0301,-0.18%,33538684070,United States,,10674,Finance,Major Banks
TECK,Teck Resources Ltd Ordinary Shares,$68.31 ,2.15,3.25%,33440670717,Canada,,2617915,Industrials,Mining & Quarrying of Nonmetallic Minerals (No Fuels)
CQP,Cheniere Energy Partners LP Common Units,$68.29 ,-0.385,-0.56%,33053880318,United States,2007,13663,Utilities,Oil/Gas Transmission
UI,Ubiquiti Inc. Common Stock,$544.24 ,-29.635,-5.16%,32938236930,United States,,254650,Technology,Radio And Television Broadcasting And Communications Equipment
JBL,Jabil Inc. Common Stock,$313.60 ,-3.0488,-0.96%,32861356855,United States,1993,179827,Technology,Electrical Products
STLD,Steel Dynamics Inc.,$229.23 ,10.23,4.67%,32855097612,United States,1996,735780,Industrials,Steel/Iron Ore
BBD,Banco Bradesco Sa American Depositary Shares,$3.11 ,0.125,4.20%,32841622347,Brazil,,9911283,Finance,Major Banks
BBDO,Banco Bradesco Sa American Depositary Shares (each representing one Common Share),$3.09 ,0.07,2.32%,32682967167,Brazil,,4516,Finance,Major Banks
ILMN,Illumina Inc. Common Stock,$215.75 ,2.505,1.18%,32577495000,United States,2000,533771,Health Care,Medical Specialities
BIIB,Biogen Inc. Common Stock,$218.34 ,3.985,1.86%,32259869153,United States,,220831,Health Care,Biotechnology: Biological Products (No Diagnostic Substances)
MLM,Martin Marietta Materials Inc. Common Stock,$536.81 ,11.54,2.20%,32243943034,United States,1994,184793,Industrials,Mining & Quarrying of Nonmetallic Minerals (No Fuels)
ZTS,Zoetis Inc. Class A Common Stock,$77.84 ,2.8151,3.75%,32163300384,United States,2013,1965393,Health Care,Biotechnology: Pharmaceutical Preparations
BIDU,Baidu Inc. ADS,$94.42 ,2.45,2.66%,32126656063,China,2005,1426726,Technology,Computer Software: Programming Data Processing
CCI,Crown Castle Inc. Common Stock,$75.38 ,-0.01,-0.01%,32070830992,United States,,545125,Real Estate,Real Estate Investment Trusts
CNC,Centene Corporation Common Stock,$64.89 ,0.745,1.16%,32052865575,United States,,890749,Health Care,Medical Specialities
WTW,Willis Towers Watson Public Limited Company Ordinary Shares,$342.48 ,1.33,0.39%,31806780984,United Kingdom,,174071,Finance,Specialty Insurers
ALNY,Alnylam Pharmaceuticals Inc. Common Stock,$237.48 ,8.175,3.57%,31776320297,United States,2004,648675,Health Care,Biotechnology: Pharmaceutical Preparations
CPRT,Copart Inc. (DE) Common Stock,$34.16 ,-0.175,-0.51%,31621091168,United States,1994,3392080,Consumer Discretionary,Retail-Auto Dealers and Gas Stations
IR,Ingersoll Rand Inc. Common Stock,$81.23 ,1.895,2.39%,31515253621,United States,2017,1901422,Industrials,Industrial Machinery/Components
ZM,Zoom Communications Inc. Class A Common Stock,$107.46 ,1.155,1.09%,31509267985,United States,2019,760487,Technology,Computer Software: Programming Data Processing
SUNB,Sunbelt Rentals Holdings Inc. Common Stock,$76.30 ,-0.8,-1.04%,31264732559,,2026,721177,Consumer Discretionary,Diversified Commercial Services
EXR,Extra Space Storage Inc Common Stock,$146.66 ,-0.6,-0.41%,30984793376,United States,2004,206895,Real Estate,Real Estate Investment Trusts
CASY,Casey's General Stores Inc. Common Stock,$828.34 ,-0.04,-0.01%,30652650463,United States,1983,46617,Consumer Discretionary,Retail-Auto Dealers and Gas Stations
AGNCN,AGNC Investment Corp. Depositary Shares Each Representing a 1/1000th Interest in a Share of 7.00% Series C Fixed-To-Floating Rate Cumulative Redeemable Preferred Stock,$25.85 ,-0.0491,-0.19%,30645762338,United States,,11294,Real Estate,Real Estate Investment Trusts
FTI,TechnipFMC plc Ordinary Share,$77.69 ,0.07,0.09%,30467251304,,,560257,Consumer Discretionary,Oil and Gas Field Machinery
AGNCO,AGNC Investment Corp. Depositary Shares each representing a 1/1000th interest in a share of 6.50% Series E Fixed-to-Floating Cumulative Redeemable Preferred Stock,$25.62 ,-0.03,-0.12%,30372034672,United States,,5082,Real Estate,Real Estate Investment Trusts
KHC,The Kraft Heinz Company Common Stock,$25.58 ,0.005,0.02%,30327442611,United States,,2445227,Consumer Staples,Packaged Foods
AGNCZ,AGNC Investment Corp. Depositary Shares Each Representing a 1/1000th Interest in a Share of 8.75% Series H Fixed-Rate Cumulative Redeemable Preferred Stock,$25.55 ,-0.0301,-0.12%,30288932423,United States,,6065,Real Estate,Real Estate Investment Trusts
LVS,Las Vegas Sands Corp. Common Stock,$46.71 ,0.735,1.60%,30250883799,United States,2004,998051,Consumer Discretionary,Hotels/Resorts
AGNCP,AGNC Investment Corp. Depositary Shares Each Representing a 1/1000th Interest in a Share of 6.125% Series F Fixed-to-Floating Rate Cumulative Redeemable Preferred Stock,$25.40 ,0.03,0.12%,30111228754,United States,,24514,Real Estate,Real Estate Investment Trusts
AGNCM,AGNC Investment Corp. Depositary Shares rep 6.875% Series D Fixed-to-Floating Cumulative Redeemable Preferred Stock,$25.16 ,-0.0803,-0.32%,29826357562,United States,,655,Real Estate,Real Estate Investment Trusts
AGNCL,AGNC Investment Corp. Depositary Shares Each Representing a 1/1000th Interest in a Share of 7.75% Series G Fixed-Rate Reset Cumulative Redeemable Preferred Stock,$25.15 ,0,0.00%,29814858392,United States,,2115,Real Estate,Real Estate Investment Trusts
AEE,Ameren Corporation Common Stock,$107.13 ,-1.66,-1.53%,29658217480,United States,,607498,Utilities,Power Generation
CPNG,Coupang Inc. Class A Common Stock,$16.49 ,0.23,1.42%,29640967966,United States,2021,2924629,Consumer Discretionary,Catalog/Specialty Distribution
SYF,Synchrony Financial Common Stock,$79.32 ,2.61,3.40%,29511604707,United States,2014,1876583,Finance,Finance: Consumer Services
RDDT,Reddit Inc. Class A Common Stock,$153.26 ,2.95,1.96%,29486689123,United States,2024,2050080,Technology,EDP Services
CFG,Citizens Financial Group Inc. Common Stock,$69.80 ,0.085,0.12%,29396033918,United States,2014,843099,Finance,Major Banks
BNTX,BioNTech SE American Depositary Share,$116.84 ,5.945,5.36%,29349462102,Germany,2019,1551436,Health Care,Biotechnology: Biological Products (No Diagnostic Substances)
HAL,Halliburton Company Common Stock,$35.19 ,-0.505,-1.42%,29313691963,United States,,2466612,Energy,Oilfield Services/Equipment
VICI,VICI Properties Inc. Common Stock,$26.59 ,0.02,0.08%,29277652374,United States,2018,2003581,Real Estate,Real Estate Investment Trusts
TDY,Teledyne Technologies Incorporated Common Stock,$631.55 ,-2.4,-0.38%,29275925283,United States,,61989,Industrials,Industrial Machinery/Components
FOXA,Fox Corporation Class A Common Stock,$69.47 ,1.51,2.22%,29153095851,United States,,1144322,Industrials,Broadcasting
TCOM,Trip.com Group Limited American Depositary Shares,$46.26 ,-0.17,-0.37%,29130163570,China,2003,596042,Consumer Discretionary,Business Services
RYAAY,Ryanair Holdings plc American Depositary Shares,$55.24 ,0.73,1.34%,29069154504,Ireland,1997,1127293,Consumer Discretionary,Air Freight/Delivery Services
ON,ON Semiconductor Corporation Common Stock,$74.27 ,-0.44,-0.59%,28914181519,United States,,1464475,Technology,Semiconductors
ZS,Zscaler Inc. Common Stock,$178.70 ,3.75,2.14%,28897492118,United States,2018,593857,Technology,EDP Services
LPLA,LPL Financial Holdings Inc. Common Stock,$361.85 ,7.83,2.21%,28492897637,United States,2010,128560,Finance,Investment Bankers/Brokers/Service
ATO,Atmos Energy Corporation Common Stock,$168.06 ,-2.46,-1.44%,28400216217,United States,,282368,Utilities,Oil/Gas Transmission
PBA,Pembina Pipeline Corp. Ordinary Shares (Canada),$48.82 ,-0.355,-0.72%,28388607325,Canada,,198541,Energy,Oil & Gas Production
CTSH,Cognizant Technology Solutions Corporation Class A Common Stock,$63.01 ,2.09,3.43%,28382489609,United States,1998,1392673,Technology,EDP Services
FTS,Fortis Inc. Common Shares,$55.54 ,-0.7,-1.25%,28375386000,United States,2016,266022,Utilities,Electric Utilities: Central
DTE,DTE Energy Company Common Stock,$136.22 ,-1.93,-1.40%,28345756759,United States,,216791,Utilities,Electric Utilities: Central
ATI,ATI Inc. Common Stock,$207.33 ,-1.89,-0.90%,28232205507,United States,,367038,Industrials,Steel/Iron Ore
NMR,Nomura Holdings Inc ADR American Depositary Shares,$9.71 ,0.255,2.70%,28157477759,Japan,,150802,Finance,Investment Bankers/Brokers/Service
TS,Tenaris S.A. American Depositary Shares,$52.32 ,-0.36,-0.68%,28043387369,Luxembourg,,225156,Industrials,Steel/Iron Ore
FISV,Fiserv Inc. Common Stock,$52.66 ,1.28,2.49%,28002835528,United States,1986,1605823,Consumer Discretionary,Business Services
MTD,Mettler-Toledo International Inc. Common Stock,"$1,397.50 ",4.265,0.31%,28000991020,Switzerland,1997,76377,Industrials,Biotechnology: Laboratory Analytical Instruments
WSM,Williams-Sonoma Inc. Common Stock (DE),$237.00 ,1.295,0.55%,27905358074,United States,,202375,Consumer Discretionary,Home Furnishings
INSM,Insmed Incorporated Common Stock,$127.03 ,1.95,1.56%,27741002326,United States,,256806,Health Care,Biotechnology: Pharmaceutical Preparations
EIX,Edison International Common Stock,$72.04 ,-2.625,-3.52%,27720074977,United States,,704604,Utilities,Electric Utilities: Central
STRD,Strategy Inc 10.00% Series A Perpetual Stride Preferred Stock,$71.80 ,1,1.41%,27587408922,United States,,50923,Technology,Computer Software: Prepackaged Software
STRK,Strategy Inc 8.00% Series A Perpetual Strike Preferred Stock,$71.80 ,2.09,3.00%,27587408922,United States,,77525,Technology,Computer Software: Prepackaged Software
RBLX,Roblox Corporation Class A Common Stock,$38.57 ,-0.06,-0.16%,27553480044,United States,2021,4491020,Technology,Computer Software: Prepackaged Software
OTIS,Otis Worldwide Corporation Common Stock,$72.10 ,0.33,0.46%,27446259342,United States,2020,877293,Technology,Consumer Electronics/Appliances
CPAY,Corpay Inc. Common Stock,$417.55 ,5.55,1.35%,27416165562,United States,,105728,Consumer Discretionary,Business Services
HPQ,HP Inc. Common Stock,$29.96 ,0.485,1.65%,27394527179,United States,,3943369,Technology,Computer Manufacturing
BSP,Bending Spoons S.p.A. Ordinary Shares,$40.56 ,0.625,1.57%,27315469855,Italy,2026,328221,Technology,Computer Software: Programming Data Processing
Q,Qnity Electronics Inc. Common Stock,$129.91 ,-3.61,-2.70%,27178281821,United States,2025,522989,Technology,Semiconductors
LH,Labcorp Holdings Inc. Common Stock,$334.85 ,2.04,0.61%,27156335000,United States,,139764,Health Care,Medical Specialities
AWK,American Water Works Company Inc. Common Stock,$136.61 ,-0.6,-0.44%,27148367187,United States,2008,348080,Utilities,Water Supply
DOV,Dover Corporation Common Stock,$201.40 ,1.52,0.76%,27124597315,United States,,192318,Industrials,Industrial Machinery/Components
PHG,Koninklijke Philips N.V. NY Registry Shares,$27.53 ,0.03,0.11%,27058818186,Netherlands,,228426,Health Care,Medical Electronics
DG,Dollar General Corporation Common Stock,$122.63 ,2.05,1.70%,27050540522,United States,2009,547405,Consumer Discretionary,Department/Specialty Retail Stores
DGX,Quest Diagnostics Incorporated Common Stock,$243.75 ,2.45,1.02%,26903506500,United States,,269924,Health Care,Medical Specialities
ES,Eversource Energy (D/B/A) Common Stock,$71.11 ,-1.045,-1.45%,26783458383,United States,,508466,Utilities,Electric Utilities: Central
FE,FirstEnergy Corp. Common Stock,$46.28 ,-0.9,-1.91%,26779456053,United States,,1276172,Utilities,Electric Utilities: Central
XYL,Xylem Inc. Common Stock New,$113.97 ,0.525,0.46%,26609324530,United States,2011,550105,Industrials,Fluid Controls
ASTS,AST SpaceMobile Inc. Class A Common Stock,$68.23 ,3.17,4.87%,26552898116,United States,2019,5336683,Consumer Discretionary,Telecommunications Equipment
GFS,GlobalFoundries Inc. Ordinary Shares,$47.72 ,0.385,0.81%,26549449370,United States,2021,657536,Technology,Semiconductors
ROIV,Roivant Sciences Ltd. Common Shares,$36.67 ,-0.17,-0.46%,26487584960,United Kingdom,,1071998,Health Care,Biotechnology: Pharmaceutical Preparations
TPL,Texas Pacific Land Corporation Common Stock,$381.95 ,12.385,3.35%,26344535298,United States,,110680,Energy,Oil & Gas Production
FWONK,Liberty Media Corporation Series C Liberty Formula One Common Stock,$104.43 ,0.27,0.26%,26181487089,United States,,234165,Industrials,Broadcasting
PPL,PPL Corporation Common Stock,$34.79 ,-0.415,-1.18%,26177272294,United States,,1319774,Utilities,Electric Utilities: Central
INCY,Incyte Corp. Common Stock,$129.03 ,1.81,1.42%,26154090166,United States,,345572,Health Care,Biotechnology: Commercial Physical & Biological Resarch
TPR,Tapestry Inc. Common Stock,$130.37 ,0.55,0.42%,25994693061,United States,,902725,Consumer Discretionary,Apparel
SW,Smurfit WestRock plc Ordinary Shares,$49.47 ,1.275,2.65%,25945525644,Ireland,2024,812382,Consumer Discretionary,Containers/Packaging
JBHT,J.B. Hunt Transport Services Inc. Common Stock,$275.64 ,1.165,0.42%,25886244211,United States,,150552,Industrials,Trucking Freight/Courier Services
FOX,Fox Corporation Class B Common Stock,$61.57 ,1.12,1.85%,25837859674,United States,,161556,Industrials,Broadcasting
CINF,Cincinnati Financial Corporation Common Stock,$168.33 ,0.14,0.08%,25834959315,United States,,133491,Finance,Property-Casualty Insurers
CNP,CenterPoint Energy Inc (Holding Co) Common Stock,$39.17 ,-1.03,-2.56%,25802073681,United States,,3333902,Utilities,Electric Utilities: Central
SYM,Symbotic Inc. Class A Common Stock,$42.65 ,1.185,2.86%,25791768838,United States,2021,572688,Industrials,Industrial Machinery/Components
RF,Regions Financial Corporation Common Stock,$30.22 ,0,0.00%,25745309671,United States,,1849840,Finance,Major Banks
WRB,W.R. Berkley Corporation Common Stock,$69.08 ,-0.1,-0.15%,25644397703,United States,,386818,Finance,Property-Casualty Insurers
AFRM,Affirm Holdings Inc. Class A Common Stock,$76.50 ,1.45,1.93%,25619740223,United States,2021,874240,Finance,Finance: Consumer Services
SN,SharkNinja Inc. Ordinary Shares,$181.66 ,1.68,0.93%,25590726136,United States,2023,307081,Consumer Discretionary,Consumer Electronics/Appliances
ECHO,EchoStar  Corporation Common Stock,$87.60 ,0.68,0.78%,25446986021,United States,,700163,Consumer Discretionary,Telecommunications Equipment
VRSN,VeriSign Inc. Common Stock,$281.34 ,4.44,1.60%,25405002000,United States,1998,202413,Technology,EDP Services
FICO,Fair Isaac Corporation Common Stock,"$1,172.12 ",22.37,1.95%,25315019936,United States,,71768,Consumer Discretionary,Business Services
PPG,PPG Industries Inc. Common Stock,$113.84 ,1.4,1.25%,25306632000,United States,,259264,Consumer Discretionary,Paints/Coatings
TSEM,Tower Semiconductor Ltd. Ordinary Shares,$223.31 ,-0.475,-0.21%,25240387455,Israel,1994,303530,Technology,Semiconductors
TW,Tradeweb Markets Inc. Class A Common Stock,$107.24 ,1.135,1.07%,25096020676,United States,2019,377415,Finance,Investment Bankers/Brokers/Service
DRI,Darden Restaurants Inc. Common Stock,$219.52 ,1.57,0.72%,25042395755,United States,,219849,Consumer Discretionary,Restaurants
GPN,Global Payments Inc. Common Stock,$94.43 ,2.15,2.33%,24987914568,United States,,381991,Consumer Discretionary,Business Services
AMRZ,Amrize Ltd Ordinary Shares,$45.67 ,1.045,2.34%,24975359533,Switzerland,2025,1231697,Industrials,Building Materials
DLTR,Dollar Tree Inc. Common Stock,$129.88 ,1.43,1.11%,24959635489,United States,1995,428339,Consumer Discretionary,Department/Specialty Retail Stores
HUBB,Hubbell Inc Common Stock,$471.97 ,2.205,0.47%,24935124372,United States,2015,120153,Technology,Electrical Products
NVT,nVent Electric plc Ordinary Shares,$153.60 ,-0.6985,-0.45%,24861622217,United Kingdom,2018,301146,Industrials,Industrial Machinery/Components
WST,West Pharmaceutical Services Inc. Common Stock,$352.51 ,-1.26,-0.36%,24808159863,United States,,148606,Health Care,Medical/Dental Instruments
SOFI,SoFi Technologies Inc. Common Stock,$19.10 ,1.175,6.56%,24662535337,United States,,35847956,Finance,Finance: Consumer Services
EXPD,Expeditors International of Washington Inc. Common Stock,$188.80 ,2.4,1.29%,24542229434,United States,,186768,Industrials,Integrated Freight & Logistics
FCNCA,First Citizens BancShares Inc. Class A Common Stock,"$2,170.23 ",19,0.88%,24508667818,United States,,12855,Finance,Major Banks
RIVN,Rivian Automotive Inc. Class A Common Stock,$16.91 ,0.895,5.59%,24476083950,United States,2021,18554153,Industrials,Auto Manufacturing
VRSK,Verisk Analytics Inc. Common Stock,$187.69 ,0.01,0.01%,24428981892,United States,2009,274982,Technology,EDP Services
BRO,Brown & Brown Inc. Common Stock,$72.99 ,0.91,1.26%,24423209957,United States,,334339,Finance,Specialty Insurers
VLTO,Veralto Corp Common Stock,$99.53 ,0.07,0.07%,24264751528,United States,2023,817057,Industrials,Electrical Products
CIB,Grupo Cibest S.A. American Depositary Shares each representing four Preferred Shares,$101.46 ,2.81,2.85%,24178289952,Colombia,2025,71467,Finance,Commercial Banks
OMC,Omnicom Group Inc. Common Stock,$88.03 ,0.96,1.10%,24150675475,United States,,405520,Consumer Discretionary,Advertising
CRS,Carpenter Technology Corporation Common Stock,$487.13 ,-1.9534,-0.40%,24141295756,United States,,80066,Industrials,Steel/Iron Ore
NRG,NRG Energy Inc. Common Stock,$114.84 ,-0.525,-0.46%,24139520815,United States,,720293,Utilities,Electric Utilities: Central
IHG,Intercontinental Hotels Group American Depositary Shares (Each representing one Ordinary Share),$159.41 ,-0.335,-0.21%,24132578476,United Kingdom,,109074,Consumer Discretionary,Hotels/Resorts
PHM,PulteGroup Inc. Common Stock,$128.57 ,0.895,0.70%,24099835805,United States,,267775,Consumer Discretionary,Homebuilding
FWONA,Liberty Media Corporation Series A Liberty Formula One Common Stock,$95.84 ,0.24,0.25%,24027901202,United States,,7154,Industrials,Broadcasting
DOW,Dow Inc. Common Stock,$33.21 ,0.31,0.94%,23988935012,United States,2019,2256061,Industrials,Major Chemicals
TROW,T. Rowe Price Group Inc. Common Stock,$112.21 ,0.015,0.01%,23935104949,United States,1986,309700,Finance,Investment Managers
PFG,Principal Financial Group Inc Common Stock,$111.06 ,0.52,0.47%,23778461429,United States,2001,190195,Finance,Accident &Health Insurance
FSLR,First Solar Inc. Common Stock,$220.89 ,6.825,3.19%,23738464122,United States,2006,469795,Technology,Semiconductors
CW,Curtiss-Wright Corporation Common Stock,$641.77 ,-6.515,-1.01%,23703233454,United States,,121787,Technology,Industrial Machinery/Components
SQM,Sociedad Quimica y Minera S.A. Common Stock,$82.54 ,4.09,5.21%,23576544672,Chile,1993,735433,Industrials,Mining & Quarrying of Nonmetallic Minerals (No Fuels)
OKTA,Okta Inc. Class A Common Stock,$135.56 ,1.4,1.04%,23561326399,United States,2017,683869,Technology,Computer Software: Prepackaged Software
ROKU,Roku Inc. Class A Common Stock,$158.47 ,1.35,0.86%,23519954017,United States,2017,329622,Telecommunications,Cable & Other Pay Television Services
USFD,US Foods Holding Corp. Common Stock,$108.53 ,0.07,0.07%,23478373367,United States,2016,404545,Consumer Discretionary,Food Distributors
KEY,KeyCorp Common Stock,$21.80 ,-0.05,-0.23%,23263402477,United States,,2273595,Finance,Major Banks
CHD,Church & Dwight Company Inc. Common Stock,$98.07 ,0.66,0.68%,23262587159,United States,,509101,Consumer Discretionary,Package Goods/Cosmetics
STE,STERIS plc (Ireland) Ordinary Shares,$237.96 ,2.215,0.94%,23200638675,United States,,116109,Health Care,Industrial Specialties
XPO,XPO Inc. Common Stock,$197.45 ,0.61,0.31%,23118722514,United States,,197039,Consumer Discretionary,Transportation Services
STZ,Constellation Brands Inc. Common Stock,$135.10 ,0.96,0.72%,23072166433,United States,,340120,Consumer Staples,Beverages (Production/Distribution)
IOT,Samsara Inc. Class A Common Stock,$39.38 ,0.4,1.03%,22947123029,United States,2021,876195,Technology,EDP Services
EFX,Equifax Inc. Common Stock,$194.52 ,2.11,1.10%,22853161970,United States,,345097,Finance,Finance: Consumer Services
BNH,Brookfield Finance Inc. 4.625% Subordinated Notes due October 16 2080,$15.14 ,0.04,0.27%,22828046035,Canada,2020,9349,Real Estate,Building operators
BNJ,Brookfield Finance Inc. 4.50% Perpetual Subordinated Notes,$15.10 ,-0.01,-0.07%,22767734156,Canada,2020,8934,Real Estate,Building operators
ULTA,Ulta Beauty Inc. Common Stock,$528.38 ,13.24,2.57%,22714692146,United States,2007,134779,Consumer Discretionary,Other Specialty Stores
CRCL,Circle Internet Group Inc. Class A Common Stock,$89.40 ,5.74,6.86%,22696503761,United States,2025,16300080,Finance,Finance: Consumer Services
BG,Bunge Limited Common Shares,$117.45 ,0.88,0.76%,22564390996,United States,,294368,Consumer Staples,Packaged Foods
PKG,Packaging Corporation of America Common Stock,$253.13 ,3.57,1.43%,22553452426,United States,2000,137820,Consumer Discretionary,Containers/Packaging
L,Loews Corporation Common Stock,$110.29 ,-0.415,-0.38%,22545311100,United States,,134536,Finance,Property-Casualty Insurers
AER,AerCap Holdings N.V. Ordinary Shares,$145.91 ,-0.88,-0.60%,22532890784,Netherlands,2006,318512,Consumer Discretionary,Diversified Commercial Services
BEP,Brookfield Renewable Partners L.P. Limited Partnership Units,$33.06 ,0.14,0.43%,22487373155,Canada,,141902,Utilities,Electric Utilities: Central
GH,Guardant Health Inc. Common Stock,$167.52 ,-0.36,-0.21%,22480542398,United States,2018,673207,Health Care,Medical Specialities
THC,Tenet Healthcare Corporation Common Stock,$278.65 ,6.045,2.22%,22436216755,United States,,163594,Health Care,Hospital/Nursing Management
EXE,Expand Energy Corporation Common Stock,$96.87 ,0.8,0.83%,22425772040,United States,,673866,Energy,Oil & Gas Production
AMCR,Amcor plc Ordinary Shares,$48.48 ,0.665,1.39%,22412207323,United Kingdom,2019,886202,Consumer Discretionary,Miscellaneous manufacturing industries
UTHR,United Therapeutics Corporation Common Stock,$522.05 ,1.045,0.20%,22390871305,United States,1999,122339,Health Care,Biotechnology: Pharmaceutical Preparations
SMCI,Super Micro Computer Inc. Common Stock,$37.12 ,0.6228,1.71%,22326338024,United States,2020,17125033,Technology,Computer Manufacturing
MKL,Markel Group Inc. Common Stock,"$1,794.79 ",6.5,0.36%,22237372719,United States,1986,33092,Finance,Property-Casualty Insurers
LYB,LyondellBasell Industries NV Ordinary Shares Class A (Netherlands),$68.77 ,0.67,0.98%,22215319959,Netherlands,,650623,Industrials,Major Chemicals
BCE,BCE Inc. Common Stock,$23.80 ,0.02,0.08%,22194114445,Canada,,473404,Telecommunications,Telecommunications Equipment
RL,Ralph Lauren Corporation Common Stock,$372.15 ,-0.37,-0.10%,22173530244,United States,1997,120842,Industrials,Garments and Clothing
ARXS,Arxis Inc. Class A Common Stock,$52.97 ,-0.73,-1.36%,22113617379,United States,2026,163901,Industrials,Military/Government/Technical
RGLD,Royal Gold Inc. Common Stock,$259.06 ,6.6985,2.65%,21949471543,United States,,293296,Industrials,Precious Metals
IP,International Paper Company Common Stock,$41.45 ,1.085,2.69%,21948024298,United States,,888316,Basic Materials,Paper
PAAS,Pan American Silver Corp. Common Stock,$52.78 ,0.855,1.65%,21881464950,Canada,,10906312,Basic Materials,Precious Metals
CDE,Coeur Mining Inc. Common Stock,$21.29 ,0.175,0.83%,21879596432,United States,,9764721,Basic Materials,Precious Metals
ENTG,Entegris Inc. Common Stock,$143.17 ,-1.465,-1.01%,21875612000,United States,2000,243997,Industrials,Plastic Products
CMS,CMS Energy Corporation Common Stock,$69.22 ,-0.61,-0.87%,21705809354,United States,,629397,Utilities,Power Generation
SOJC,Southern Company (The) Series 2017B 5.25% Junior Subordinated Notes due December 1 2077,$19.68 ,-0.091,-0.46%,21647832922,United States,2017,13516,Utilities,Electric Utilities: Central
IFF,International Flavors & Fragrances Inc. Common Stock,$84.82 ,1.43,1.72%,21641819862,United States,,341063,Industrials,Major Chemicals
FFIV,F5 Inc. Common Stock,$381.36 ,3.5725,0.95%,21595483695,United States,1999,115085,Telecommunications,Computer Communications Equipment
FIS,Fidelity National Information Services Inc. Common Stock,$41.65 ,1.065,2.62%,21476572913,United States,,1147221,Consumer Discretionary,Business Services
FTAI,FTAI Aviation Ltd. Common Stock,$208.34 ,10.525,5.32%,21397481803,United States,,305501,Industrials,Misc Corporate Leasing Services
GIS,General Mills Inc. Common Stock,$39.86 ,0.245,0.62%,21307657607,United States,,1460888,Consumer Staples,Packaged Foods
MTZ,MasTec Inc. Common Stock,$265.15 ,-6.71,-2.47%,21292856962,United States,,473686,Industrials,Water Sewer Pipeline Comm & Power Line Construction
BCH,Banco De Chile ADS,$42.06 ,1.01,2.46%,21243892176,Chile,,66218,Finance,Commercial Banks
LEN,Lennar Corporation Class A Common Stock,$87.12 ,1.695,1.98%,20985580295,United States,,587347,Consumer Discretionary,Homebuilding
TOST,Toast Inc. Class A Common Stock,$36.28 ,0.96,2.72%,20969840000,United States,2021,2448223,Technology,EDP Services
BURL,Burlington Stores Inc. Common Stock,$328.73 ,-4.5,-1.35%,20690991378,United States,2013,210677,Consumer Discretionary,Department/Specialty Retail Stores
BR,Broadridge Financial Solutions Inc. Common Stock,$181.05 ,2.55,1.43%,20643646528,United States,,180085,Consumer Discretionary,Business Services
U,Unity Software Inc. Common Stock,$46.75 ,0.21,0.45%,20574157618,United States,2020,2157871,Technology,Computer Software: Prepackaged Software
RBRK,Rubrik Inc. Class A Common Stock,$99.52 ,2,2.05%,20484058888,United States,2024,707613,Technology,Computer Software: Prepackaged Software
TSN,Tyson Foods Inc. Common Stock,$58.21 ,-0.19,-0.33%,20478366014,United States,,908283,Consumer Staples,Meat/Poultry/Fish
BPYPM,Brookfield Property Partners L.P. 6.25% Class A Cumulative Redeemable Preferred Units Series 1,$16.52 ,0.015,0.09%,20463778333,Bermuda,,9965,Finance,Real Estate
FDXF,FedEx Freight Holding Company Inc. Common Stock,$136.68 ,0.28,0.21%,20436138418,United States,2026,190684,Consumer Discretionary,Air Freight/Delivery Services
MTSI,MACOM Technology Solutions Holdings Inc. Common Stock,$266.36 ,0.18,0.07%,20342161181,United States,2012,271552,Technology,Semiconductors
SNA,Snap-On Incorporated Common Stock,$392.03 ,0.76,0.19%,20278584422,United States,,51940,Consumer Discretionary,Industrial Machinery/Components
WWD,Woodward Inc. Common Stock,$343.38 ,1.18,0.35%,20275153672,United States,,65374,Energy,Industrial Machinery/Components
BPYPP,Brookfield Property Partners L.P. 6.50% Class A Cumulative Redeemable Perpetual Preferred Units,$16.35 ,-0.03,-0.18%,20253194658,Bermuda,,35769,Finance,Real Estate
YPF,YPF Sociedad Anonima American Depositary Shares,$51.21 ,0.29,0.57%,20141548130,Argentina,1993,214734,Energy,Integrated oil Companies
SNX,TD SYNNEX Corporation Common Stock,$251.09 ,0.32,0.13%,20076843040,United States,2003,63648,Technology,Retail: Computer Software & Peripheral Equipment
SOJD,Southern Company (The) Series 2020A 4.95% Junior Subordinated Notes due January 30 2080,$18.20 ,-0.09,-0.49%,20020862807,United States,2020,35982,Utilities,Electric Utilities: Central
AQNB,Algonquin Power & Utilities Corp. 6.20% Fixed-to-Floating Subordinated Notes Series 2019-A due July 1 2079,$26.01 ,-0.06,-0.23%,19976330276,United States,2019,1222,Utilities,Electric Utilities: Central
KSPI,Joint Stock Company Kaspi.kz American Depository Shares,$105.44 ,1.7427,1.68%,19963831750,Kazakhstan,2024,249106,,
WES,Western Midstream Partners LP Common Units Representing Limited Partner Interests,$48.30 ,-0.35,-0.72%,19956332842,United States,2012,171051,Utilities,Natural Gas Distribution
PR,Permian Resources Corporation Class A Common Stock,$23.79 ,-0.085,-0.36%,19921293935,United States,2022,2796692,Energy,Oil & Gas Production
WIT,Wipro Limited Common Stock,$1.90 ,-0.015,-0.79%,19875541608,India,,2145091,Technology,EDP Services
TPG,TPG Inc. Class A Common Stock,$52.54 ,0.97,1.88%,19855851966,United States,2022,373921,Finance,Investment Managers
CF,CF Industries Holdings Inc. Common Stock,$130.82 ,5.115,4.07%,19797297476,United States,2005,1046226,Industrials,Agricultural Chemicals
NI,NiSource Inc Common Stock,$41.20 ,-0.445,-1.07%,19755478320,United States,,1855774,Utilities,Power Generation
RCI,Rogers Communication Inc. Common Stock,$36.52 ,0.165,0.45%,19726289511,Canada,,139099,Telecommunications,Cable & Other Pay Television Services
RS,Reliance Inc. Common Stock,$386.36 ,6.05,1.59%,19725437870,United States,1994,280991,Industrials,Metal Fabrications
LUV,Southwest Airlines Company Common Stock,$40.20 ,0.31,0.78%,19666169680,United States,,1135618,Consumer Discretionary,Air Freight/Delivery Services
BEKE,KE Holdings Inc American Depositary Shares (each representing three Class A Ordinary Shares),$17.41 ,0.415,2.44%,19664863703,China,2020,3707615,Finance,Real Estate
SSNC,SS&C Technologies Holdings Inc. Common Stock,$82.88 ,0.76,0.93%,19448206068,United States,2010,162303,Technology,Computer Software: Prepackaged Software
SBAC,SBA Communications Corporation Class A Common Stock,$182.19 ,1.6525,0.92%,19328457981,United States,1999,523664,Real Estate,Real Estate Investment Trusts
MGA,Magna International Inc. Common Stock,$72.16 ,1.77,2.52%,19155185607,Canada,,245071,Consumer Discretionary,Auto Parts:O.E.M.
ZBH,Zimmer Biomet Holdings Inc. Common Stock,$100.22 ,1.25,1.26%,19115731192,United States,,246419,Health Care,Industrial Specialties
BPYPO,Brookfield Property Partners L.P. 6.375% Class A Cumulative Redeemable Perpetual Preferred Units Series 2,$15.33 ,-0.019,-0.12%,18990931333,Bermuda,,4046,Finance,Real Estate
MKSI,MKS Inc. Common Stock,$280.24 ,-1.645,-0.58%,18948806366,United States,1999,170357,Industrials,Industrial Machinery/Components
DD,DuPont de Nemours Inc. Common Stock,$140.31 ,1.85,1.34%,18947879822,United States,2017,225260,Industrials,Major Chemicals
OVV,Ovintiv Inc. (DE),$66.77 ,0.07,0.11%,18875879000,Canada,,632905,Energy,Oil & Gas Production
EVRG,Evergy Inc. Common Stock,$81.40 ,-1.76,-2.12%,18768167801,United States,,416496,Utilities,Power Generation
VTRS,Viatris Inc. Common Stock,$16.31 ,0.305,1.91%,18727774038,United States,,1596039,Health Care,Biotechnology: Pharmaceutical Preparations
NWS,News Corporation Class B Common Stock,$34.48 ,0.695,2.06%,18652789695,United States,,192307,Consumer Discretionary,Newspapers/Magazines
PKX,POSCO HOLDINGS INC. American Depositary Shares (Each representing 1/4th of a share of Common Stock),$57.37 ,0.09,0.16%,18572493825,South Korea,1994,75149,Industrials,Steel/Iron Ore
ESS,Essex Property Trust Inc. Common Stock,$288.67 ,0.955,0.33%,18552048944,United States,1994,63096,Real Estate,Real Estate Investment Trusts
ITT,ITT Inc. Common Stock,$207.21 ,-0.94,-0.45%,18524574000,United States,2011,232382,Industrials,Fluid Controls
GPC,Genuine Parts Company Common Stock,$134.34 ,1.42,1.07%,18520079890,United States,,350737,Consumer Discretionary,Automotive Aftermarket
NDSN,Nordson Corporation Common Stock,$331.57 ,-3.1275,-0.93%,18474539313,United States,,193563,Industrials,Industrial Machinery/Components
SITM,SiTime Corporation Common Stock,$613.76 ,14.95,2.50%,18456399055,United States,2019,155732,Technology,Semiconductors
BBY,Best Buy Co. Inc. Common Stock,$87.49 ,1.755,2.05%,18438962018,United States,,578506,Consumer Discretionary,Consumer Electronics/Video Chains
VIV,Telefonica Brasil S.A. American Depositary Shares (Each representing One Common Share),$11.54 ,0.305,2.72%,18430659635,Brazil,2020,348352,Telecommunications,Telecommunications Equipment
AS,Amer Sports Inc. Ordinary Shares,$32.84 ,0.3138,0.97%,18315916125,,2024,2194793,Consumer Discretionary,Apparel
ONON,On Holding AG Class A Ordinary Shares,$30.29 ,0.385,1.29%,18274909955,,2021,1624583,Consumer Discretionary,Shoe Manufacturing
TSCO,Tractor Supply Company Common Stock,$34.91 ,-0.14,-0.40%,18189511183,United States,1994,1611234,Consumer Discretionary,RETAIL: Building Materials
FTV,Fortive Corporation Common Stock,$60.11 ,0.71,1.20%,18154244996,United States,2016,513827,Industrials,Industrial Machinery/Components
OWL,Blue Owl Capital Inc. Class A Common Stock,$11.63 ,0.2299,2.02%,18132086644,United States,2020,2585149,Finance,Investment Managers
NTNX,Nutanix Inc. Class A Common Stock,$66.86 ,0.53,0.80%,18073629232,United States,2016,741143,Technology,Computer Software: Prepackaged Software
CHTR,Charter Communications Inc. Class A Common Stock New,$151.47 ,3.71,2.51%,18066961713,United States,,767389,Telecommunications,Cable & Other Pay Television Services
FLUT,Flutter Entertainment plc Ordinary Shares,$102.45 ,2.88,2.89%,17947305129,Ireland,2024,359405,Technology,Computer Software: Programming Data Processing
INVH,Invitation Homes Inc. Common Stock,$30.17 ,-0.105,-0.35%,17816149612,United States,2017,572882,Finance,Real Estate
BIP,Brookfield Infrastructure Partners LP Limited Partnership Units,$38.91 ,-0.03,-0.08%,17809435945,Bermuda,,168398,Consumer Discretionary,Marine Transportation
APG,APi Group Corporation Common Stock,$41.19 ,-0.74,-1.77%,17800682633,United States,2020,291469,Consumer Discretionary,Diversified Commercial Services
EWBC,East West Bancorp Inc. Common Stock,$129.75 ,-0.14,-0.11%,17777288316,United States,,118096,Finance,Major Banks
ROL,Rollins Inc. Common Stock,$36.89 ,0.51,1.40%,17749453954,United States,,1001760,Consumer Discretionary,Diversified Commercial Services
LNT,Alliant Energy Corporation Common Stock,$68.45 ,-1.01,-1.45%,17748037647,United States,,450857,Utilities,Power Generation
LDOS,Leidos Holdings Inc. Common Stock,$141.26 ,-0.115,-0.08%,17726401982,United States,,225150,Technology,EDP Services
JLL,Jones Lang LaSalle Incorporated Common Stock,$384.77 ,0.47,0.12%,17702383883,United States,,67852,Finance,Real Estate
WY,Weyerhaeuser Company Common Stock,$24.54 ,-0.085,-0.35%,17683257760,United States,,1073156,Real Estate,Real Estate Investment Trusts
JHX,James Hardie Industries plc. Ordinary Shares,$30.37 ,0.335,1.12%,17627565348,Ireland,2025,1636473,Industrials,Building Materials
NLY,Annaly Capital Management Inc. Common Stock,$23.24 ,-0.0549,-0.24%,17512630431,United States,,1444376,Real Estate,Real Estate Investment Trusts
J,Jacobs Solutions Inc. Common Stock,$149.55 ,1.605,1.09%,17502539082,United States,2022,226245,Industrials,Military/Government/Technical
BEN,Franklin Templeton Inc. Common Stock,$34.38 ,0.41,1.21%,17467684166,United States,,923585,Finance,Investment Managers
PAA,Plains All American Pipeline L.P. Common Units representing Limited Partner Interests,$24.70 ,0.11,0.45%,17427491562,United States,1998,1106479,Energy,Natural Gas Distribution
GIB,CGI Inc. Common Stock,$75.08 ,0.82,1.10%,17410179645,Canada,,37009,Consumer Discretionary,Professional Services
DUKB,Duke Energy Corporation 5.625% Junior Subordinated Debentures due 2078,$22.28 ,0,0.00%,17371764860,United States,2018,18390,Utilities,Power Generation
SOJE,Southern Company (The) Series 2020C 4.20% Junior Subordinated Notes due October 15 2060,$15.86 ,-0.215,-1.34%,17354339760,United States,2020,46338,Utilities,Electric Utilities: Central
MEDP,Medpace Holdings Inc. Common Stock,$621.59 ,8.95,1.46%,17349605631,United States,2016,67958,Health Care,Biotechnology: Commercial Physical & Biological Resarch
CDW,CDW Corporation Common Stock,$138.76 ,5.22,3.91%,17347418032,United States,2013,720735,Consumer Discretionary,Catalog/Specialty Distribution
BPYPN,Brookfield Property Partners L.P. 5.750% Class A Cumulative Redeemable Perpetual Preferred Units Series 3,$14.00 ,0,0.00%,17342185028,Bermuda,,4405,Finance,Real Estate
CG,The Carlyle Group Inc. Common Stock,$48.56 ,0.57,1.19%,17303520671,United States,2012,427568,Finance,Investment Managers
IEX,IDEX Corporation Common Stock,$234.18 ,0.43,0.18%,17263725245,United States,1989,101240,Industrials,Fluid Controls
ZBRA,Zebra Technologies Corporation Class A Common Stock,$364.00 ,3.475,0.96%,17220843687,United States,1991,147270,Industrials,Industrial Machinery/Components
INIO,INNIO N.V. Ordinary Shares,$22.96 ,-0.04,-0.17%,17220000000,Germany,2026,1188823,Consumer Discretionary,Metal Fabrications
GEN,Gen Digital Inc. Common Stock,$28.75 ,0.575,2.04%,17209377170,United States,,1691189,Technology,Computer Software: Prepackaged Software
AEG,Aegon Ltd. New York Registry Shares,$9.02 ,0.005,0.06%,17209188848,Netherlands,,2127419,Finance,Life Insurance
FUTU,Futu Holdings Limited American Depositary Shares,$122.50 ,9.77,8.67%,17170534308,Hong Kong,2019,1961422,Finance,Investment Bankers/Brokers/Service
H,Hyatt Hotels Corporation Class A Common Stock,$181.64 ,2.16,1.20%,17117160727,United States,2009,93515,Consumer Discretionary,Hotels/Resorts
DINO,HF Sinclair Corporation Common Stock,$96.00 ,3.2844,3.54%,17068031753,United States,1960,771043,Energy,Natural Gas Distribution
YUMC,Yum China Holdings Inc. Common Stock,$49.59 ,0.71,1.45%,16982498964,United States,2016,198428,Consumer Discretionary,Restaurants
ALB,Albemarle Corporation Common Stock,$143.69 ,9.5,7.08%,16956146640,United States,,1206211,Industrials,Major Chemicals
NVR,NVR Inc. Common Stock,"$6,357.89 ",57.89,0.92%,16942886745,United States,1998,6416,Consumer Discretionary,Homebuilding
PTC,PTC Inc. Common Stock,$155.58 ,2.055,1.34%,16880861555,United States,,181462,Technology,Computer Software: Prepackaged Software
WCC,WESCO International Inc. Common Stock,$345.94 ,7.85,2.32%,16858643513,United States,1999,144964,Consumer Discretionary,Telecommunications Equipment
IONQ,IonQ Inc. Common Stock,$44.21 ,2.68,6.45%,16844112302,United States,2021,8835771,Technology,EDP Services
BALL,Ball Corporation Common Stock,$63.42 ,0.81,1.29%,16787486901,United States,,399520,Industrials,Containers/Packaging
CHRW,C.H. Robinson Worldwide Inc. Common Stock,$143.58 ,-0.25,-0.17%,16777503624,United States,1997,180760,Industrials,Integrated Freight & Logistics
WF,Woori Financial Group Inc. American Depositary Shares (each representing three (3) shares of Common Stock),$68.62 ,1.81,2.71%,16721295250,South Korea,,25663,Finance,Commercial Banks
CLH,Clean Harbors Inc. Common Stock,$315.97 ,-5.98,-1.86%,16679186751,United States,,53706,Industrials,Environmental Services
LSCC,Lattice Semiconductor Corporation Common Stock,$117.37 ,-0.19,-0.16%,16670093025,United States,,300477,Technology,Semiconductors
ZTO,ZTO Express (Cayman) Inc. American Depositary Shares each representing one Class A ordinary share.,$21.55 ,0.172,0.80%,16592899736,China,2016,463352,Industrials,Trucking Freight/Courier Services
BSAC,Banco Santander - Chile ADS,$35.18 ,0.61,1.77%,16573836852,Chile,,74342,Finance,Commercial Banks
PFGC,Performance Food Group Company Common Stock,$104.70 ,0.72,0.69%,16493708450,United States,2015,220024,Consumer Discretionary,Food Distributors
TRU,TransUnion Common Stock,$85.76 ,0.65,0.76%,16431616000,United States,2015,411726,Finance,Finance: Consumer Services
JAZZ,Jazz Pharmaceuticals plc Common Stock (Ireland),$253.05 ,4.35,1.75%,16426633710,Ireland,2007,129266,Health Care,Biotechnology: Pharmaceutical Preparations
CX,Cemex S.A.B. de C.V. Sponsored ADR,$10.82 ,0.215,2.03%,16394632784,Mexico,,2985945,Industrials,Building Materials
NWSA,News Corporation Class A Common Stock,$30.30 ,0.6463,2.18%,16391893037,United States,,880038,Consumer Discretionary,Newspapers/Magazines
SBS,Companhia de saneamento Basico Do Estado De Sao Paulo - Sabesp American Depositary Shares (Each repstg 250 Common Shares),$4.62 ,0.16,3.59%,16283347196,Brazil,2002,5722091,Utilities,Water Supply
RBA,RB Global Inc. Common Stock,$86.95 ,-0.44,-0.50%,16250955000,Canada,,505485,Consumer Discretionary,Business Services
WPC,W. P. Carey Inc. REIT,$71.31 ,-0.705,-0.98%,16244482557,United States,,207562,Real Estate,Real Estate Investment Trusts
DKS,Dick's Sporting Goods Inc Common Stock,$181.06 ,1.715,0.96%,16204881837,United States,2002,555596,Consumer Discretionary,Other Specialty Stores
VNOM,Viper Energy Inc. Class A Common Stock,$44.99 ,-0.045,-0.10%,16158382262,United States,2014,429880,Energy,Oil & Gas Production
BBIO,BridgeBio Pharma Inc. Common Stock,$82.57 ,-0.37,-0.45%,16141400728,United States,2019,373939,Health Care,Biotechnology: Pharmaceutical Preparations
KIM,Kimco Realty Corporation (HC) Common Stock,$24.03 ,-0.13,-0.54%,16119068633,United States,,767972,Real Estate,Real Estate Investment Trusts
PS,Pershing Square Inc. Common Stock,$40.00 ,-0.23,-0.57%,16000000000,,2026,59932,Finance,Investment Managers
AKAM,Akamai Technologies Inc. Common Stock,$111.12 ,1.025,0.93%,15969071009,United States,1999,786682,Consumer Discretionary,Business Services
TU,Telus Corporation Ordinary Shares,$10.02 ,0,0.00%,15921780000,Canada,,787752,Telecommunications,Telecommunications Equipment
AGI,Alamos Gold Inc. Class A Common Shares,$37.89 ,1.2,3.27%,15912489423,Canada,2015,2260634,Basic Materials,Precious Metals
WSE,Wise Group plc Class A Ordinary Shares,$12.94 ,0.42,3.36%,15909772844,United Kingdom,,292867,Industrials,Diversified Commercial Services
RBC,RBC Bearings Incorporated Common Stock,$501.96 ,-2.65,-0.53%,15891674620,United States,2022,64952,Industrials,Metal Fabrications
STRL,Sterling Infrastructure Inc. Common Stock,$519.37 ,-1.165,-0.22%,15886605651,United States,,163401,Industrials,Military/Government/Technical
ASND,Ascendis Pharma A/S Ordinary Share,$256.13 ,1.32,0.52%,15874273511,Denmark,2015,108703,Health Care,Biotechnology: Pharmaceutical Preparations
RGA,Reinsurance Group of America Incorporated Common Stock,$242.99 ,0.44,0.18%,15867651578,United States,,62452,Finance,Life Insurance
HST,Host Hotels & Resorts Inc. Common Stock,$23.05 ,-0.045,-0.20%,15788691775,United States,,1778660,Real Estate,Real Estate Investment Trusts
STLA,Stellantis N.V. Common Shares,$5.43 ,0.1737,3.30%,15744054442,United Kingdom,2014,13935624,Industrials,Auto Manufacturing
EMA,Emera Incorporated Common Shares,$51.00 ,-0.78,-1.51%,15667200000,Canada,2025,57588,Utilities,Electric Utilities: Central
NBIX,Neurocrine Biosciences Inc. Common Stock,$153.86 ,0.93,0.61%,15639742989,United States,1996,320223,Health Care,Biotechnology: Biological Products (No Diagnostic Substances)
ARMK,Aramark Common Stock,$59.29 ,-0.08,-0.14%,15630328859,United States,2013,272996,Consumer Discretionary,Restaurants
SKM,SK Telecom Co. Ltd. Common Stock,$40.66 ,2.345,6.12%,15594444900,South Korea,,1282347,Telecommunications,Telecommunications Equipment
GWRE,Guidewire Software Inc. Common Stock,$186.85 ,5.06,2.78%,15556451613,United States,2012,363200,Technology,Computer Software: Prepackaged Software
SUN,Sunoco LP Common Units representing limited partner interests,$75.80 ,0.39,0.52%,15525706878,United States,2012,65140,Energy,Integrated oil Companies
GFL,GFL Environmental Inc. Subordinate voting shares no par value,$41.39 ,0.22,0.53%,15477958254,Canada,2020,212835,Utilities,Environmental Services
PNFP,Pinnacle Financial Partners Inc. Common stock,$102.10 ,0.11,0.11%,15428600544,United States,,104935,Finance,Major Banks
APA,APA Corporation Common Stock,$44.00 ,-0.39,-0.88%,15415466440,United States,,1512873,Energy,Oil & Gas Production
TIGO,Millicom International Cellular S.A. Common Stock,$91.86 ,1.39,1.54%,15390300552,Luxembourg,,212706,Telecommunications,Telecommunications Equipment
FN,Fabrinet Ordinary Shares,$428.88 ,-15.99,-3.59%,15368856472,Cayman Islands,2010,512277,Utilities,Telecommunications Equipment
TLN,Talen Energy Corporation Common Stock,$319.72 ,2.725,0.86%,15318907316,United States,,350319,Utilities,Electric Utilities: Central
MAA,Mid-America Apartment Communities Inc. Common Stock,$131.81 ,-0.255,-0.19%,15292274042,United States,1994,162178,Real Estate,Real Estate Investment Trusts
LECO,Lincoln Electric Holdings Inc. Common Shares,$279.30 ,2.415,0.87%,15223185401,United States,,46373,Industrials,Industrial Machinery/Components
LAMR,Lamar Advertising Company Class A Common Stock,$149.41 ,-1.6,-1.06%,15172538286,United States,1996,85420,Real Estate,Real Estate Investment Trusts
HTHT,H World Group Limited American Depositary Shares,$49.21 ,-0.33,-0.67%,15133247133,China,2010,483592,Consumer Discretionary,Hotels/Resorts
SOLV,Solventum Corporation Common Stock,$88.58 ,-0.03,-0.03%,15078417915,United States,2024,247995,Health Care,Medical/Dental Instruments
MKC,McCormick & Company Incorporated Common Stock,$56.00 ,0.78,1.41%,15055686912,United States,,677768,Consumer Staples,Packaged Foods
ULS,UL Solutions Inc. Class A Common Stock,$74.55 ,-0.71,-0.94%,15051508797,United States,2024,64220,Health Care,Precision Instruments
SWK,Stanley Black & Decker Inc. Common Stock,$99.45 ,0.595,0.60%,15017849864,United States,,314750,Consumer Discretionary,Industrial Machinery/Components
HMY,Harmony Gold Mining Company Limited,$23.51 ,1.485,6.74%,14920215353,South Africa,,2616787,Basic Materials,Precious Metals
JBS,JBS N.V. Class A Common Shares,$13.93 ,0.375,2.77%,14912688929,,2025,1743918,Consumer Staples,Meat/Poultry/Fish
IREN,IREN Limited Ordinary Shares,$41.72 ,-0.88,-2.07%,14909838279,Australia,2021,24854986,Finance,Finance: Consumer Services
TLK,PT Telekomunikasi Indonesia Tbk,$15.00 ,0.298,2.03%,14857351246,Indonesia,,110613,Telecommunications,Telecommunications Equipment
QNT,Quantinuum Inc. Class A Common Stock,$56.37 ,1.4668,2.67%,14841837378,United States,2026,498028,Technology,EDP Services
SUI,Sun Communities Inc. Common Stock,$121.81 ,-0.48,-0.39%,14836574572,United States,1993,255743,Real Estate,Real Estate Investment Trusts
COO,The Cooper Companies Inc. Common Stock,$76.06 ,-0.1,-0.13%,14834029718,United States,,243633,Health Care,Ophthalmic Goods
LTM,LATAM Airlines Group S.A. American Depositary Shares (each representing two thousand (2000) shares of Common Stock),$51.58 ,1.09,2.16%,14809030227,Chile,2024,169936,Consumer Discretionary,Air Freight/Delivery Services
FIG,Figma Inc. Class A Common Stock,$27.50 ,0.19,0.70%,14657771343,United States,2025,4774069,Technology,Computer Software: Prepackaged Software
DOC,Healthpeak Properties Inc. Common Stock,$21.17 ,-0.035,-0.17%,14593844458,United States,,1268489,Real Estate,Real Estate Investment Trusts
CSL,Carlisle Companies Incorporated Common Stock,$367.29 ,9.735,2.72%,14586405339,United States,,249511,Industrials,Specialty Chemicals
MAS,Masco Corporation Common Stock,$73.78 ,0.445,0.61%,14547502648,United States,,268496,Industrials,Industrial Specialties
KEP,Korea Electric Power Corporation Common Stock,$11.30 ,0.0661,0.59%,14503380820,South Korea,1994,135878,Utilities,Electric Utilities: Central
KKRS,KKR Group Finance Co. IX LLC 4.625% Subordinated Notes due 2061,$16.15 ,-0.045,-0.28%,14492326778,United States,2021,1205,Finance,Investment Managers
APOS,Apollo Global Management Inc. 7.625% Fixed-Rate Resettable Junior Subordinated Notes due 2053,$25.43 ,0,0.00%,14483256512,United States,1987,5926,Finance,Investment Managers
TYL,Tyler Technologies Inc. Common Stock,$353.05 ,4.91,1.41%,14458200336,United States,,162166,Technology,Computer Software: Prepackaged Software
GRAB,Grab Holdings Limited Class A Ordinary Shares,$3.53 ,0.015,0.43%,14454198285,Singapore,,12886439,Consumer Discretionary,Business Services
TXT,Textron Inc. Common Stock,$83.85 ,-0.52,-0.62%,14421102990,United States,,316694,Industrials,Aerospace
BWXT,BWX Technologies Inc. Common Stock,$157.29 ,0.845,0.54%,14410763124,United States,,243743,Industrials,Industrial Machinery/Components
CRBG,Corebridge Financial Inc. Common Stock,$32.27 ,0.455,1.43%,14382850422,United States,2022,905992,Finance,Life Insurance
ARCC,Ares Capital Corporation Common Stock,$19.97 ,0.185,0.94%,14335326100,United States,2004,1289144,Finance,Finance: Consumer Services
QXO,QXO Inc. Common Stock,$13.81 ,0.465,3.49%,14322559238,United States,,6201164,Consumer Discretionary,RETAIL: Building Materials
ONTO,Onto Innovation Inc. Common Stock,$291.21 ,-7.63,-2.55%,14290911469,United States,,302745,Industrials,Industrial Machinery/Components
WMG,Warner Music Group Corp. Class A Common Stock,$27.30 ,0.2,0.74%,14280896694,United States,2020,322975,Consumer Discretionary,Services-Misc. Amusement & Recreation
DT,Dynatrace Inc. Common Stock,$49.41 ,0.23,0.47%,14279595144,United States,2019,1540723,Technology,Computer Software: Prepackaged Software
PAG,Penske Automotive Group Inc. Common Stock,$217.43 ,0.88,0.41%,14277078476,United States,,89194,Consumer Discretionary,Retail-Auto Dealers and Gas Stations
CACI,CACI International Inc. Class A Common Stock,$644.39 ,-1.96,-0.30%,14240721936,United States,,43916,Technology,EDP Services
VLYPN,Valley National Bancorp 8.250% Fixed-Rate Reset Non-Cumulative Perpetual Preferred Stock Series C,$25.75 ,0.04,0.16%,14229584570,United States,,3765,Finance,Major Banks
CNH,CNH Industrial N.V. Common Shares,$11.47 ,0.515,4.70%,14190528108,United Kingdom,2013,5631179,Industrials,Construction/Ag Equipment/Trucks
CRL,Charles River Laboratories International Inc. Common Stock,$297.11 ,5.66,1.94%,14183696260,United States,2000,294098,Health Care,Biotechnology: Commercial Physical & Biological Resarch
EG,Everest Group Ltd. Common Stock,$369.90 ,1.54,0.42%,14182977307,Bermuda,,55093,Finance,Property-Casualty Insurers
BNT,Brookfield Wealth Solutions Ltd. Class A Exchangeable Limited Voting Shares,$41.93 ,0.45,1.09%,14172939180,,2021,1280,Finance,Property-Casualty Insurers
OHI,Omega Healthcare Investors Inc. Common Stock,$46.67 ,-0.085,-0.18%,14140101645,United States,1992,954870,Real Estate,Real Estate Investment Trusts
SLMBP,SLM Corporation Floating Rate Non-Cumulative Preferred Stock Series B,$75.00 ,0,0.00%,14096021850,United States,,282,Finance,Finance: Consumer Services
TRMB,Trimble Inc. Common Stock,$60.45 ,0.77,1.29%,14095721812,United States,1990,895963,Industrials,Industrial Machinery/Components
LII,Lennox International Inc. Common Stock,$407.12 ,1.065,0.26%,14070169203,United States,1999,111370,Industrials,Industrial Machinery/Components
IVZ,Invesco Ltd Common Stock,$31.85 ,0.485,1.55%,14059560494,United States,,742560,Finance,Investment Managers
MLI,Mueller Industries Inc. Common Stock,$63.42 ,1.455,2.35%,14026217720,United States,,310856,Industrials,Metal Fabrications
LI,Li Auto Inc. American Depositary Shares,$13.12 ,0.195,1.51%,14010170922,China,2020,853340,Industrials,Auto Manufacturing
AIZ,Assurant Inc. Common Stock,$283.88 ,1.88,0.67%,14002030976,United States,2004,72270,Finance,Property-Casualty Insurers
TME,Tencent Music Entertainment Group American Depositary Shares each representing two Class A Ordinary Shares,$8.90 ,0.045,0.51%,13999880528,United States,2018,3749344,Consumer Discretionary,Broadcasting
HL,Hecla Mining Company Common Stock,$20.84 ,0.015,0.07%,13996295260,United States,,9367721,Industrials,Mining & Quarrying of Nonmetallic Minerals (No Fuels)
UHAL,U-Haul Holding Company Common Stock,$71.99 ,0.44,0.62%,13994387705,United States,2022,16711,Consumer Discretionary,Rental/Leasing Companies
AVY,Avery Dennison Corporation Common Stock,$184.63 ,1.945,1.07%,13992385717,United States,,152100,Consumer Discretionary,Containers/Packaging
RPM,RPM International Inc. Common Stock,$109.53 ,-0.78,-0.71%,13991516856,United States,,454132,Consumer Discretionary,Paints/Coatings
W,Wayfair Inc. Class A Common Stock,$101.86 ,-1.455,-1.41%,13950882770,United States,2014,442806,Consumer Discretionary,Catalog/Specialty Distribution
ALLE,Allegion plc Ordinary Shares,$163.82 ,2.1,1.30%,13930726283,United States,2013,254623,Consumer Discretionary,Diversified Commercial Services
UNM,Unum Group Common Stock,$87.91 ,0.955,1.10%,13915959078,United States,,200077,Finance,Accident &Health Insurance
VLYPP,Valley National Bancorp 6.25% Fixed-to-Floating Rate Non-Cumulative Perpetual Preferred Stock Series A,$25.15 ,0,0.00%,13898021434,United States,,15,Finance,Major Banks
EMBJ,Embraer S.A. Common Stock,$76.89 ,1.81,2.41%,13893372126,Brazil,,336888,Industrials,Aerospace
REG,Regency Centers Corporation Common Stock,$75.87 ,-0.64,-0.84%,13893355901,United States,1993,216120,Real Estate,Real Estate Investment Trusts
AA,Alcoa Corporation Common Stock,$52.37 ,1.815,3.59%,13819618087,United States,2016,1594034,Industrials,Aluminum
RVTY,Revvity Inc. Common Stock,$123.79 ,-0.345,-0.28%,13812722648,United States,,523206,Industrials,Biotechnology: Laboratory Analytical Instruments
VLYPO,Valley National Bancorp 5.50% Fixed-to-Floating Rate Non-Cumulative Perpetual Preferred Stock Series B,$24.96 ,0.0956,0.39%,13790594978,United States,,2279,Finance,Major Banks
BMNR,BitMine Immersion Technologies Inc. Common Stock,$22.82 ,1.245,5.77%,13762610179,United States,2025,28821097,Finance,Finance: Consumer Services
BWA,BorgWarner Inc. Common Stock,$67.42 ,2.62,4.04%,13731185587,United States,,695305,Consumer Discretionary,Auto Parts:O.E.M.
LOGI,Logitech International S.A. Ordinary Shares,$95.87 ,0.53,0.56%,13727465389,United States,1997,228394,Technology,Computer peripheral equipment
SGI,Somnigroup International Inc. Common Stock,$65.10 ,0.835,1.30%,13693741637,United States,,668516,Consumer Discretionary,Home Furnishings
TOL,Toll Brothers Inc. Common Stock,$146.40 ,1.28,0.88%,13684154400,United States,,147023,Consumer Discretionary,Homebuilding
BAX,Baxter International Inc. Common Stock,$26.43 ,0.015,0.06%,13661619274,United States,,1104094,Health Care,Medical/Dental Instruments
FIVE,Five Below Inc. Common Stock,$245.16 ,8.85,3.75%,13556208251,United States,2012,220877,Consumer Discretionary,Department/Specialty Retail Stores
NXT,Nextpower Inc. Class A Common Stock,$89.06 ,1.2,1.37%,13513031051,United States,2023,719913,Technology,Semiconductors
EXEL,Exelixis Inc. Common Stock,$54.53 ,0.84,1.57%,13511535665,United States,2000,300749,Health Care,Biotechnology: Biological Products (No Diagnostic Substances)
EQH,Equitable Holdings Inc. Common Stock,$49.46 ,0.705,1.45%,13502953689,United States,2018,696678,Finance,Specialty Insurers
DOCN,DigitalOcean Holdings Inc. Common Stock,$114.82 ,0.47,0.41%,13500483931,United States,2021,573094,Technology,Computer Software: Programming Data Processing
CHKP,Check Point Software Technologies Ltd. Ordinary Shares,$131.47 ,1.145,0.88%,13422659849,Israel,1996,160463,Technology,Computer Software: Prepackaged Software
RNR,RenaissanceRe Holdings Ltd. Common Stock,$322.19 ,0.04,0.01%,13387604406,Bermuda,,86929,Finance,Property-Casualty Insurers
CNA,CNA Financial Corporation Common Stock,$49.44 ,-0.04,-0.08%,13378509880,United States,,31619,Finance,Property-Casualty Insurers
CSGP,CoStar Group Inc. Common Stock,$32.98 ,0.72,2.23%,13363416452,United States,1998,1741680,Finance,Real Estate
IESC,IES Holdings Inc. Common Stock,$670.29 ,-12.98,-1.90%,13355096583,United States,,29051,Industrials,Engineering & Construction
ICLR,ICON plc Ordinary Shares,$174.42 ,0.15,0.09%,13354489990,Ireland,1998,77616,Health Care,Biotechnology: Commercial Physical & Biological Resarch
PINS,Pinterest Inc. Class A Common Stock,$23.51 ,0.275,1.18%,13311187700,United States,2019,1862447,Technology,Computer Software: Programming Data Processing
CORT,Corcept Therapeutics Incorporated Common Stock,$122.87 ,1.82,1.50%,13282050039,United States,2004,194630,Health Care,Biotechnology: Pharmaceutical Preparations
SJM,The J.M. Smucker Company Common Stock,$124.08 ,1.03,0.84%,13261756015,United States,,206450,Consumer Staples,Packaged Foods
TXRH,Texas Roadhouse Inc. Common Stock,$201.81 ,0.62,0.31%,13246995276,United States,2004,110889,Consumer Discretionary,Restaurants
HAS,Hasbro Inc. Common Stock,$93.87 ,0.305,0.33%,13239138895,United States,,244246,Consumer Discretionary,Recreational Games/Products/Toys
CET,Central Securities Corporation Common Stock,$54.70 ,0.49,0.90%,13238778440,United States,1951,20651,Finance,Finance/Investors Services
MAIR,Madison Air Solutions Corporation Class A Common Stock,$26.37 ,0.115,0.44%,13227916665,,2026,396368,Industrials,Pollution Control Equipment
GGG,Graco Inc. Common Stock,$81.53 ,-0.18,-0.22%,13204095271,United States,,468504,Industrials,Fluid Controls
HRL,Hormel Foods Corporation Common Stock,$23.92 ,-0.1599,-0.66%,13163588851,United States,,681552,Consumer Staples,Meat/Poultry/Fish
GL,Globe Life Inc. Common Stock,$170.63 ,0.14,0.08%,13112821142,United States,,138964,Finance,Life Insurance
FMS,Fresenius Medical Care AG American Depositary Shares (Each representing 1/2 of an Ordinary Share),$23.46 ,0.03,0.13%,13104234484,Germany,,426257,Health Care,Misc Health and Biotechnology Services
LULU,lululemon athletica inc. Common Stock,$120.77 ,5.08,4.39%,13096052067,Canada,2007,1287358,Consumer Discretionary,Apparel
BMRN,BioMarin Pharmaceutical Inc. Common Stock,$67.63 ,-0.055,-0.08%,13090425452,United States,1999,405123,Health Care,Biotechnology: Pharmaceutical Preparations
WSO,Watsco Inc. Common Stock,$316.96 ,2.51,0.80%,13075295410,United States,,167676,Consumer Discretionary,Industrial Machinery/Components
SEIC,SEI Investments Company Common Stock,$108.83 ,1.23,1.14%,13061687577,United States,1981,120418,Finance,Investment Bankers/Brokers/Service
HBM,Hudbay Minerals Inc. Ordinary Shares (Canada),$29.39 ,1.235,4.39%,13051193773,Canada,,2388712,Basic Materials,Metal Mining
ALLY,Ally Financial Inc. Common Stock,$42.78 ,0.485,1.15%,13012141868,United States,2014,465676,Finance,Major Banks
SREA,DBA Sempra 5.750% Junior Subordinated Notes due 2079,$20.47 ,-0.03,-0.15%,12960496061,United States,2019,5649,Utilities,Natural Gas Distribution
AGNC,AGNC Investment Corp. Common Stock,$10.93 ,0.01,0.09%,12957312216,United States,2008,3305082,Real Estate,Real Estate Investment Trusts
CCK,Crown Holdings Inc.,$118.67 ,1.515,1.29%,12906066038,United States,,82426,Industrials,Containers/Packaging
CLX,Clorox Company (The) Common Stock,$106.71 ,0.67,0.63%,12904547544,United States,,668593,Consumer Discretionary,Specialty Chemicals
DTM,DT Midstream Inc. Common Stock,$126.24 ,-3.755,-2.89%,12877900891,United States,2021,229631,Utilities,Natural Gas Distribution
PEN,Penumbra Inc. Common Stock,$325.41 ,1.645,0.51%,12817514866,United States,2015,66631,Health Care,Medical/Dental Instruments
DKNG,DraftKings Inc. Class A Common Stock,$25.73 ,0.695,2.78%,12771280385,United States,2019,3013198,Consumer Discretionary,Services-Misc. Amusement & Recreation
TEM,Tempus AI Inc. Class A Common Stock,$70.71 ,4.055,6.08%,12757639423,United States,2024,6930914,Technology,Computer Software: Programming Data Processing
FNF,Fidelity National Financial Inc. Common Stock,$47.46 ,0.02,0.04%,12728431569,United States,2014,276903,Finance,Specialty Insurers
GLPI,Gaming and Leisure Properties Inc. Common Stock,$43.69 ,-0.025,-0.06%,12708842078,United States,,1053010,Real Estate,Real Estate Investment Trusts
BEPC,Brookfield Renewable Corporation Brookfield Renewable Corporation Class A Subordinate Voting Shares,$33.60 ,0.16,0.48%,12663377462,United States,,178977,Utilities,Electric Utilities: Central
PAC,Grupo Aeroportuario Del Pacifico S.A. B. de C.V. Grupo Aeroportuario Del Pacifico S.A. de C.V. (each representing 10 Series B shares),$212.41 ,2.955,1.41%,12638484077,Mexico,2006,30375,Consumer Discretionary,Aerospace
ELS,Equity Lifestyle Properties Inc. Common Stock,$65.06 ,-0.38,-0.58%,12625844112,United States,,133060,Real Estate,Real Estate Investment Trusts
AUR,Aurora Innovation Inc. Class A Common Stock,$6.27 ,0.145,2.37%,12556032754,United States,2021,9192490,Technology,EDP Services
AIT,Applied Industrial Technologies Inc. Common Stock,$340.74 ,0.4,0.12%,12504768193,United States,,57922,Consumer Discretionary,Industrial Specialties
AMKR,Amkor Technology Inc. Common Stock,$50.23 ,-0.631,-1.24%,12479519216,United States,1998,1019183,Technology,Semiconductors
COKE,Coca-Cola Consolidated Inc. Common Stock,$187.26 ,-0.34,-0.18%,12464829694,United States,1972,126752,Consumer Staples,Beverages (Production/Distribution)
SNN,Smith & Nephew SNATS Inc. Common Stock,$29.30 ,0.255,0.88%,12446332583,United Kingdom,,480988,Health Care,Industrial Specialties
WTS,Watts Water Technologies Inc. Class A Common Stock,$371.76 ,1.86,0.50%,12410482668,United States,1986,33428,Industrials,Metal Fabrications
IT,Gartner Inc. Common Stock,$196.34 ,2.66,1.37%,12398669948,United States,1993,178183,Consumer Discretionary,Other Consumer Services
MANH,Manhattan Associates Inc. Common Stock,$212.53 ,1.32,0.63%,12391555699,United States,1998,145615,Technology,Computer Software: Prepackaged Software
DECK,Deckers Outdoor Corporation Common Stock,$90.75 ,1.885,2.12%,12378909029,United States,1993,678867,Consumer Discretionary,Shoe Manufacturing
GDDY,GoDaddy Inc. Class A Common Stock,$97.60 ,-0.59,-0.60%,12360815910,United States,2015,376542,Technology,EDP Services
AMH,American Homes 4 Rent Common Shares of Beneficial Interest,$34.32 ,-0.05,-0.15%,12327055678,United States,2013,248840,Real Estate,Real Estate Investment Trusts
HALO,Halozyme Therapeutics Inc. Common Stock,$108.26 ,2.14,2.02%,12287293480,United States,,324659,Health Care,Biotechnology: Biological Products (No Diagnostic Substances)
ARWR,Arrowhead Pharmaceuticals Inc. Common Stock,$86.97 ,-0.5,-0.57%,12284900995,United States,,241123,Health Care,Biotechnology: Pharmaceutical Preparations
ERIE,Erie Indemnity Company Class A Common Stock,$265.80 ,3.505,1.34%,12276823329,United States,,58507,Finance,Specialty Insurers
CHYM,Chime Financial Inc. Class A Common Stock,$32.42 ,0.47,1.47%,12273729299,United States,2025,1130142,Finance,Finance: Consumer Services
HUBS,HubSpot Inc. Common Stock,$245.14 ,5.28,2.20%,12224200513,United States,2014,244725,Technology,Computer Software: Prepackaged Software
MDGL,Madrigal Pharmaceuticals Inc. Common Stock,$529.07 ,9.98,1.92%,12223699943,United States,2007,37427,Health Care,Biotechnology: Pharmaceutical Preparations
SF,Stifel Financial Corporation Common Stock,$80.95 ,1.07,1.34%,12223590367,United States,,124913,Finance,Investment Bankers/Brokers/Service
MICC,The Magnum Ice Cream Company N.V. Ordinary Shares,$19.84 ,0.095,0.48%,12144171923,,2025,164660,Consumer Staples,Specialty Foods
AHR,American Healthcare REIT Inc. Common Stock,$55.58 ,-0.19,-0.34%,12116371915,United States,2024,268201,Real Estate,Real Estate Investment Trusts
UDR,UDR Inc. Common Stock,$37.71 ,0.02,0.05%,12114873812,United States,,498777,Real Estate,Real Estate Investment Trusts
GNRC,Generac Holdlings Inc. Common Stock,$205.24 ,-1.51,-0.73%,12110465532,United States,2010,200991,Consumer Discretionary,Metal Fabrications
BJ,BJ's Wholesale Club Holdings Inc. Common Stock,$94.43 ,3.13,3.43%,12058143192,United States,2018,1696339,Consumer Discretionary,Department/Specialty Retail Stores
IAG,Iamgold Corporation Ordinary Shares,$21.02 ,0.519,2.53%,12001849000,Canada,,2503085,Basic Materials,Precious Metals
CR,Crane Company Common Stock,$207.47 ,0.97,0.47%,11991839859,United States,2023,67457,Industrials,Metal Fabrications
EHC,Encompass Health Corporation Common Stock,$121.10 ,0.185,0.15%,11946431535,United States,,187776,Health Care,Hospital/Nursing Management
AFG,American Financial Group Inc. Common Stock,$143.99 ,0.34,0.24%,11939861889,United States,,55395,Finance,Property-Casualty Insurers
ELAN,Elanco Animal Health Incorporated Common Stock,$23.89 ,0.325,1.38%,11933467410,United States,2018,1177183,Health Care,Biotechnology: Pharmaceutical Preparations
RTO,Rentokil Initial plc American Depositary Shares (each representing five (5) Ordinary Shares),$23.63 ,0.29,1.24%,11918972000,United States,2022,380406,Consumer Discretionary,Other Consumer Services
DOCU,DocuSign Inc. Common Stock,$62.27 ,-0.0099,-0.02%,11890139835,United States,1989,440573,Technology,Computer Software: Prepackaged Software
JKHY,Jack Henry & Associates Inc. Common Stock,$166.97 ,1.89,1.15%,11863348737,United States,1985,205208,Technology,EDP Services
PNW,Pinnacle West Capital Corporation Common Stock,$97.86 ,-1.5175,-1.53%,11860664312,United States,,389821,Utilities,Electric Utilities: Central
NVMI,Nova Ltd. Ordinary Shares,$373.12 ,-10.7452,-2.80%,11859015071,Israel,2000,122463,Technology,Electronic Components
HII,Huntington Ingalls Industries Inc. Common Stock,$299.17 ,-2.23,-0.74%,11788673584,United States,,113799,Industrials,Marine Transportation
OC,Owens Corning Inc Common Stock New,$149.05 ,1.885,1.28%,11781810958,United States,,148256,Industrials,Industrial Machinery/Components
DY,Dycom Industries Inc. Common Stock,$392.18 ,-8.05,-2.01%,11777736022,United States,,86842,Industrials,Water Sewer Pipeline Comm & Power Line Construction
TTMI,TTM Technologies Inc. Common Stock,$111.47 ,-2.915,-2.55%,11742711126,United States,2000,896333,Technology,Electrical Products
BTSG,BrightSpring Health Services Inc. Common Stock,$59.13 ,-0.4,-0.67%,11699712570,United States,2024,266898,Health Care,Medical/Nursing Services
XPEV,XPeng Inc. American depositary shares each representing two Class A ordinary shares,$12.21 ,0.205,1.71%,11665896607,China,2020,3017143,Industrials,Auto Manufacturing
PSKY,Paramount Skydance Corporation Class B Common Stock,$10.40 ,0.105,1.02%,11662626373,United States,,2511200,Industrials,Broadcasting
GMED,Globus Medical Inc. Class A Common Stock,$86.67 ,0.995,1.16%,11635808777,United States,2012,174276,Health Care,Medical/Dental Instruments
FHN,First Horizon Corporation Common Stock,$24.56 ,-0.125,-0.51%,11633598115,United States,,1077322,Finance,Major Banks
SMTC,Semtech Corporation Common Stock,$124.86 ,-0.02,-0.02%,11630854836,United States,,658728,Technology,Semiconductors
AR,Antero Resources Corporation Common Stock,$37.82 ,0.16,0.43%,11627342980,United States,2013,774466,Energy,Oil & Gas Production
NIO,NIO Inc. American depositary shares each  representing one Class A ordinary share,$4.64 ,0.105,2.32%,11613766647,United States,2018,10419521,Industrials,Auto Manufacturing
TFII,TFI International Inc. Common Shares,$140.95 ,1.43,1.03%,11584684869,Canada,,29636,Industrials,Trucking Freight/Courier Services
CART,Maplebear Inc. Common Stock,$49.92 ,-1.15,-2.25%,11556483345,United States,2023,685234,Consumer Discretionary,Business Services
KNX,Knight-Swift Transportation Holdings Inc.,$70.75 ,1.34,1.93%,11514987000,United States,2017,538675,Industrials,Trucking Freight/Courier Services
WTRG,Essential Utilities Inc. Common Stock,$40.43 ,0.015,0.04%,11471750107,United States,,450120,Utilities,Water Supply
AEIS,Advanced Energy Industries Inc. Common Stock,$286.21 ,-6.41,-2.19%,11462837005,United States,1995,97472,Technology,Industrial Machinery/Components
SCI,Service Corporation International Common Stock,$83.45 ,0.08,0.10%,11400895105,United States,,101984,Consumer Discretionary,Other Consumer Services
TECH,Bio-Techne Corp Common Stock,$72.31 ,0.03,0.04%,11321486385,United States,,1909229,Health Care,Biotechnology: Biological Products (No Diagnostic Substances)
ALGN,Align Technology Inc. Common Stock,$159.13 ,0.185,0.12%,11304216450,United States,2001,198046,Health Care,Industrial Specialties
DPZ,Domino's Pizza Inc Common Stock,$341.53 ,7.16,2.14%,11298404955,United States,2004,176875,Consumer Discretionary,Food Distributors
DVA,DaVita Inc. Common Stock,$175.59 ,0.35,0.20%,11202642000,United States,,142395,Health Care,Misc Health and Biotechnology Services
BSY,Bentley Systems Incorporated Class B Common Stock,$37.07 ,0.67,1.84%,11198583395,United States,2020,494466,Technology,Computer Software: Prepackaged Software
ENLT,Enlight Renewable Energy Ltd. Ordinary Shares,$80.22 ,0.63,0.79%,11186202493,Israel,2023,26308,Utilities,Electric Utilities: Central
EVR,Evercore Inc. Class A Common Stock,$290.59 ,3.495,1.22%,11175253420,United States,2006,64523,Finance,Investment Managers
MGM,MGM Resorts International Common Stock,$43.25 ,0.08,0.19%,11172475935,United States,,466622,Consumer Discretionary,Hotels/Resorts
RRX,Regal Rexnord Corporation Common Stock,$166.83 ,0.98,0.59%,11109521172,United States,1976,220499,Industrials,Industrial Machinery/Components
FROG,JFrog Ltd. Ordinary Shares,$89.96 ,0.235,0.26%,11091569431,United States,2020,467055,Technology,Computer Software: Prepackaged Software
RYAN,Ryan Specialty Holdings Inc. Class A Common Stock,$43.34 ,0.3,0.70%,11087012782,United States,2021,243255,Finance,Specialty Insurers
SUZ,Suzano S.A. American Depositary Shares (each representing One Ordinary Share),$8.73 ,0.23,2.71%,11035746779,Brazil,2018,1482533,Basic Materials,Paper
BIPJ,Brookfield Infrastructure Corporation 7.250% Subordinated Notes due 2084,$23.90 ,-0.19,-0.79%,11026120931,Canada,2024,5361,Consumer Discretionary,Marine Transportation
UMBF,UMB Financial Corporation Common Stock,$144.94 ,-0.92,-0.63%,11008197348,United States,,136172,Finance,Major Banks
TX,Ternium S.A. Ternium S.A. American Depositary Shares (each representing ten shares USD1.00 par value),$55.78 ,1.565,2.89%,10949060740,Luxembourg,,618611,Industrials,Steel/Iron Ore
AXSM,Axsome Therapeutics Inc. Common Stock,$208.96 ,0.93,0.45%,10945495729,United States,2015,161455,Health Care,Biotechnology: Pharmaceutical Preparations
GKOS,Glaukos Corporation Common Stock,$185.51 ,0.62,0.34%,10942110153,United States,2015,92540,Health Care,Medical/Dental Instruments
ALSN,Allison Transmission Holdings Inc. Common Stock,$132.11 ,2.99,2.32%,10909384600,United States,2012,212910,Consumer Discretionary,Auto Parts:O.E.M.
CPT,Camden Property Trust Common Stock,$107.87 ,-0.05,-0.05%,10845179685,United States,1993,270392,Real Estate,Real Estate Investment Trusts
WMS,Advanced Drainage Systems Inc. Common Stock,$143.54 ,1.1,0.77%,10823682791,United States,2014,56968,Consumer Discretionary,Containers/Packaging
DCI,Donaldson Company Inc. Common Stock,$93.35 ,0.91,0.98%,10820297078,United States,,88027,Industrials,Pollution Control Equipment
DRS,Leonardo DRS Inc. Common Stock,$40.44 ,-0.56,-1.37%,10793092867,Israel,,172077,Industrials,Industrial Machinery/Components
KTOS,Kratos Defense & Security Solutions Inc. Common Stock,$57.45 ,1.27,2.26%,10784590236,United States,,1047720,Industrials,Military/Government/Technical
CYTK,Cytokinetics Incorporated Common Stock,$77.53 ,0.35,0.45%,10778485598,United States,2004,254622,Health Care,Biotechnology: Pharmaceutical Preparations
BXP,BXP Inc. Common Stock,$67.19 ,-0.59,-0.87%,10727659948,United States,1997,584502,Real Estate,Real Estate Investment Trusts
FDS,FactSet Research Systems Inc. Common Stock,$301.20 ,1.14,0.38%,10712341552,United States,2000,149109,Technology,Computer Software: Programming Data Processing
BPOP,Popular Inc. Common Stock,$167.86 ,-0.36,-0.21%,10705859178,United States,,104812,Finance,Major Banks
FRHC,Freedom Holding Corp. Common Stock,$167.56 ,3.8675,2.36%,10688101846,Kazakhstan,,41833,Finance,Investment Bankers/Brokers/Service
AAOI,Applied Optoelectronics Inc. Common Stock,$126.28 ,-2.82,-2.18%,10679403248,United States,2013,4600338,Technology,Semiconductors
GSAT,Globalstar Inc. Common Stock,$82.33 ,0.33,0.40%,10666953899,United States,2025,133625,Consumer Discretionary,Telecommunications Equipment
PRAX,Praxis Precision Medicines Inc. Common Stock,$381.51 ,16.93,4.64%,10651754622,United States,2020,156596,Health Care,Biotechnology: Pharmaceutical Preparations
MP,MP Materials Corp. Common Stock,$59.71 ,4.665,8.48%,10633555312,United States,2020,4223569,Basic Materials,Metal Mining
NYT,New York Times Company (The) Common Stock,$66.14 ,0.835,1.28%,10614856778,United States,,290715,Consumer Discretionary,Newspapers/Magazines
SAIL,SailPoint Inc. Common Stock,$18.72 ,0.205,1.11%,10614829789,United States,2025,842656,Technology,Computer Software: Prepackaged Software
ARW,Arrow Electronics Inc. Common Stock,$208.12 ,1.48,0.72%,10594436635,United States,,67096,Technology,Electronic Components
AM,Antero Midstream Corporation Common Stock,$22.27 ,0.01,0.05%,10570989980,United States,2017,380705,Utilities,Natural Gas Distribution
MOH,Molina Healthcare Inc Common Stock,$202.31 ,5.37,2.73%,10560582000,United States,2003,133528,Health Care,Medical Specialities
SMMT,Summit Therapeutics Inc. Common Stock,$13.21 ,0.775,6.24%,10534283494,United States,2015,3255832,Health Care,Biotechnology: Pharmaceutical Preparations
AES,The AES Corporation Common Stock,$14.77 ,-0.005,-0.03%,10533921372,United States,,3443940,Industrials,Electric Utilities: Central
DAR,Darling Ingredients Inc. Common Stock,$66.75 ,-1.09,-1.61%,10533344643,United States,1997,697663,Consumer Staples,Packaged Foods
MOD,Modine Manufacturing Company Common Stock,$197.57 ,6.825,3.58%,10493212156,United States,,933945,Consumer Discretionary,Auto Parts:O.E.M.
EQX,Equinox Gold Corp. Common Shares,$13.30 ,0.415,3.22%,10491166052,Canada,,6431675,Basic Materials,Precious Metals
GIL,Gildan Activewear Inc. Class A Sub. Vot. Common Stock,$56.65 ,1.2,2.16%,10491118189,Canada,2000,137635,Consumer Discretionary,Apparel
ENSG,The Ensign Group Inc. Common Stock,$179.84 ,-0.015,-0.01%,10481221518,United States,2007,70709,Health Care,Hospital/Nursing Management
AG,First Majestic Silver Corp. Ordinary Shares (Canada),$21.26 ,0.07,0.33%,10479189703,Canada,,5511549,Basic Materials,Precious Metals
PNR,Pentair plc. Ordinary Share,$65.39 ,1.61,2.52%,10438725551,Switzerland,,694534,Industrials,Industrial Machinery/Components
LFUS,Littelfuse Inc. Common Stock,$409.94 ,-2.03,-0.49%,10411962345,United States,,29521,Energy,Electrical Products
UHS,Universal Health Services Inc. Common Stock,$176.49 ,3.62,2.09%,10401705532,United States,,108741,Health Care,Hospital/Nursing Management
WYNN,Wynn Resorts Limited Common stock,$100.87 ,1.27,1.28%,10386976385,United States,2002,258435,Consumer Discretionary,Hotels/Resorts
SSB,SouthState Bank Corporation Common Stock,$107.02 ,1.24,1.17%,10378214629,United States,,119878,Finance,Major Banks
VSAT,ViaSat Inc. Common Stock,$75.19 ,1.155,1.56%,10357170575,United States,1996,378338,Consumer Discretionary,Telecommunications Equipment
MUSA,Murphy USA Inc. Common Stock,$563.44 ,-6.76,-1.19%,10356222714,United States,2013,43213,Consumer Discretionary,Retail-Auto Dealers and Gas Stations
PAYC,Paycom Software Inc. Common Stock,$229.65 ,2.925,1.29%,10350471945,United States,2014,129979,Technology,Computer Software: Prepackaged Software
PSO,Pearson Plc Common Stock,$16.26 ,0.185,1.15%,10334489107,United Kingdom,,234438,Consumer Discretionary,Books
PODD,Insulet Corporation Common Stock,$148.80 ,1.93,1.31%,10319904811,United States,2007,301314,Health Care,Medical/Dental Instruments
KYMR,Kymera Therapeutics Inc. Common Stock,$124.10 ,2.6,2.14%,10318991694,United States,2020,103135,Health Care,Biotechnology: Biological Products (No Diagnostic Substances)
SPXC,SPX Technologies Inc. Common Stock,$205.60 ,1.12,0.55%,10297652816,United States,,90025,Industrials,Industrial Machinery/Components
VIRT,Virtu Financial Inc. Class A Common Stock,$66.22 ,5.03,8.22%,10277359032,United States,,1176686,Finance,Investment Bankers/Brokers/Service
AYI,Acuity Inc. Common Stock,$343.20 ,1.55,0.45%,10273879730,United States,,20295,Consumer Discretionary,Building Products
WTFC,Wintrust Financial Corporation Common Stock,$151.62 ,-0.995,-0.65%,10228852587,United States,,82406,Finance,Major Banks
CFR,Cullen/Frost Bankers Inc. Common Stock,$164.47 ,-0.34,-0.21%,10221610669,United States,,101693,Finance,Major Banks
ABVX,Abivax SA American Depositary Shares,$118.60 ,0.405,0.34%,10210811851,France,2023,273892,Health Care,Biotechnology: Pharmaceutical Preparations
APGE,Apogee Therapeutics Inc. Common Stock,$134.80 ,0.045,0.03%,10202328239,United States,2023,296285,Health Care,Biotechnology: Biological Products (No Diagnostic Substances)
RDY,Dr. Reddy's Laboratories Ltd Common Stock,$12.22 ,0.105,0.87%,10195334889,India,,540604,Health Care,Biotechnology: Pharmaceutical Preparations
APTV,Aptiv PLC Ordinary Shares,$49.06 ,2.03,4.32%,10186491219,United Kingdom,,1246047,Consumer Discretionary,Auto Parts:O.E.M.
PAYP,PayPay Corporation American Depository Shares,$15.03 ,0.74,5.18%,10177461319,Japan,2026,234126,Consumer Discretionary,Business Services
SWKS,Skyworks Solutions Inc. Common Stock,$67.56 ,-0.385,-0.57%,10165188788,United States,,734660,Technology,Semiconductors
KLAR,Klarna Group plc Ordinary Shares,$14.40 ,0.395,2.82%,10157752563,,2025,3791363,Finance,Finance: Consumer Services
WLK,Westlake Corporation Common Stock,$79.38 ,0.5301,0.67%,10144502760,United States,2004,98463,Industrials,Major Chemicals
RGEN,Repligen Corporation Common Stock,$179.64 ,-0.65,-0.36%,10138094956,United States,1986,277517,Health Care,Biotechnology: Biological Products (No Diagnostic Substances)
BIO,Bio-Rad Laboratories Inc. Class A Common Stock,$378.87 ,2.405,0.64%,10130158671,United States,1980,58765,Industrials,Biotechnology: Laboratory Analytical Instruments
KRYS,Krystal Biotech Inc. Common Stock,$342.14 ,5.115,1.52%,10126797755,United States,2017,38345,Health Care,Biotechnology: Biological Products (No Diagnostic Substances)
ORI,Old Republic International Corporation Common Stock,$41.94 ,0.14,0.34%,10125696749,United States,,183664,Finance,Property-Casualty Insurers
JEF,Jefferies Financial Group Inc. Common Stock,$52.19 ,0.41,0.79%,10111430991,United States,,236135,Finance,Investment Bankers/Brokers/Service
FRT,Federal Realty Investment Trust Common Stock,$116.37 ,-0.88,-0.75%,10111288407,United States,,111790,Real Estate,Real Estate Investment Trusts
IONS,Ionis Pharmaceuticals Inc. Common Stock,$60.78 ,2.02,3.44%,10100683091,United States,,702812,Health Care,Biotechnology: Pharmaceutical Preparations
FPS,Forgent Power Solutions Inc. Class A Common Stock,$33.12 ,-0.24,-0.72%,10082684804,United States,2026,870262,Energy,Industrial Machinery/Components
LTH,Life Time Group Holdings Inc. Common Stock,$44.97 ,0.25,0.56%,10049083802,United States,2021,316756,Consumer Discretionary,Hotels/Resorts
FLS,Flowserve Corporation Common Stock,$78.82 ,0.72,0.92%,10019029320,United States,,159575,Industrials,Fluid Controls
CGNX,Cognex Corporation Common Stock,$59.55 ,-0.18,-0.30%,10017729791,United States,1989,294205,Industrials,Industrial Machinery/Components
SANM,Sanmina Corporation Common Stock,$186.74 ,-3.98,-2.09%,10008770259,United States,1993,82601,Technology,Electrical Products
CHWY,Chewy Inc. Class A Common Stock,$24.28 ,0.395,1.65%,9938772625,United States,2019,1499781,Consumer Discretionary,Catalog/Specialty Distribution
EAT,Brinker International Inc. Common Stock,$237.70 ,4.6,1.97%,9927542877,United States,,110652,Consumer Discretionary,Restaurants
ZION,Zions Bancorporation N.A. Common Stock,$67.71 ,-0.18,-0.27%,9882501667,United States,,267142,Finance,Major Banks
RMBS,Rambus Inc. Common Stock,$91.08 ,-1.07,-1.16%,9878682801,United States,1997,273921,Technology,Semiconductors
HSIC,Henry Schein Inc. Common Stock,$88.61 ,0.145,0.16%,9874720854,United States,1995,195957,Health Care,Medical Specialities
FRO,Frontline Plc Ordinary Shares,$44.31 ,0.745,1.71%,9863307097,Bermuda,,874111,Consumer Discretionary,Marine Transportation
ONB,Old National Bancorp Common Stock,$25.74 ,-0.095,-0.37%,9845438950,United States,,853124,Finance,Major Banks
HUT,Hut 8 Corp. Common Stock,$79.74 ,-8.9108,-10.05%,9828611371,United States,,5845686,Finance,Finance: Consumer Services
PTGX,Protagonist Therapeutics Inc. Common Stock,$151.48 ,0.79,0.52%,9802011012,United States,2016,111665,Health Care,Biotechnology: Pharmaceutical Preparations
AVTR,Avantor Inc. Common Stock,$14.42 ,0.165,1.16%,9749712679,United States,2019,1601969,Industrials,Biotechnology: Laboratory Analytical Instruments
SIRI,SiriusXM Holdings Inc. Common Stock,$28.87 ,0.48,1.69%,9731121143,United States,,640183,Consumer Discretionary,Broadcasting
LLYVK,Liberty Live Holdings Inc. Series C Liberty Live Group Common Stock,$105.58 ,0.13,0.12%,9713927598,United States,,41090,Consumer Discretionary,Services-Misc. Amusement & Recreation
PCOR,Procore Technologies Inc. Common Stock,$63.89 ,0.605,0.96%,9707666768,United States,2021,401589,Technology,Computer Software: Prepackaged Software
OSCR,Oscar Health Inc. Class A Common Stock,$31.29 ,-0.28,-0.89%,9657502050,United States,2021,1210775,Health Care,Medical Specialities
SAIA,Saia Inc. Common Stock,$361.71 ,2.075,0.58%,9648354278,United States,,60542,Industrials,Trucking Freight/Courier Services
MSGS,Madison Square Garden Sports Corp. Class A Common Stock (New),$399.83 ,1.31,0.33%,9627882810,United States,2015,56419,Consumer Discretionary,Services-Misc. Amusement & Recreation
RRC,Range Resources Corporation Common Stock,$41.12 ,0.45,1.11%,9608901657,United States,,539528,Energy,Oil & Gas Production
JAN,Janus Living Inc. Class A-1 Common Stock,$30.96 ,0.37,1.21%,9606602425,,2026,85601,Real Estate,Real Estate Investment Trusts
OSK,Oshkosh Corporation (Holding Company)Common Stock,$155.04 ,2.31,1.51%,9572130685,United States,,145113,Industrials,Auto Manufacturing
DDS,Dillard's Inc. Common Stock,$611.95 ,14.01,2.34%,9558335278,United States,,30801,Consumer Discretionary,Department/Specialty Retail Stores
R,Ryder System Inc. Common Stock,$249.21 ,1.36,0.55%,9556422974,United States,,49101,Consumer Discretionary,Rental/Leasing Companies
LINE,Lineage Inc. Common Stock,$41.88 ,0.415,1.00%,9535356753,United States,2024,89711,Real Estate,Real Estate Investment Trusts
TTEK,Tetra Tech Inc. Common Stock,$37.23 ,0.66,1.81%,9532534054,United States,1991,665741,Consumer Discretionary,Military/Government/Technical
SYRE,Spyre Therapeutics Inc. Common Stock,$108.10 ,0.31,0.29%,9531583672,United States,2016,209152,Health Care,Biotechnology: Pharmaceutical Preparations
ONBPP,Old National Bancorp Depositary Shares Each Representing a 1/40th Interest in a Share of Series A Preferred Stock,$24.91 ,0.0464,0.19%,9528441448,United States,,1772,Finance,Major Banks
ONBPO,Old National Bancorp Depositary Shares Each Representing a 1/40th Interest in a Share of Series C Preferred Stock,$24.86 ,0.005,0.02%,9508777350,United States,,919,Finance,Major Banks
OGE,OGE Energy Corp Common Stock,$45.96 ,-0.77,-1.65%,9494475951,United States,,316992,Utilities,Electric Utilities: Central
PCVX,Vaxcyte Inc. Common Stock,$63.64 ,2.3,3.75%,9469967892,United States,2020,368234,Health Care,Biotechnology: Biological Products (No Diagnostic Substances)
GLXY,Galaxy Digital Inc. Class A Common Stock,$24.15 ,0.68,2.90%,9439971524,United States,,4185639,Finance,Investment Bankers/Brokers/Service
LLYVA,Liberty Live Holdings Inc. Series A Liberty Live Group Common Stock,$102.18 ,0.28,0.28%,9401109320,United States,,15477,Consumer Discretionary,Services-Misc. Amusement & Recreation
VIAV,Viavi Solutions Inc. Common Stock,$38.05 ,-0.51,-1.32%,9388830955,United States,,884241,Technology,Semiconductors
VICR,Vicor Corporation Common Stock,$203.55 ,-4.09,-1.97%,9385025299,United States,,143328,Technology,Industrial Machinery/Components
CTRE,CareTrust REIT Inc. Common Stock,$39.69 ,-0.075,-0.19%,9377295602,United States,2022,509374,Real Estate,Real Estate Investment Trusts
TWST,Twist Bioscience Corporation Common Stock,$141.38 ,5.05,3.70%,9373659980,United States,2018,577161,Health Care,Biotechnology: Biological Products (No Diagnostic Substances)
TTC,Toro Company (The) Common Stock,$98.31 ,0.52,0.53%,9362015488,United States,,72631,Consumer Discretionary,Tools/Hardware
VMI,Valmont Industries Inc. Common Stock,$484.04 ,2.365,0.49%,9344226942,United States,,38043,Industrials,Metal Fabrications
JMKE,Jersey Mike's Subs Inc. Class A Common Stock,$23.22 ,0.555,2.45%,9342728708,,2026,958405,Consumer Discretionary,Restaurants
EMP,Entergy Mississippi LLC First Mortgage Bonds 4.90% Series Due October 1 2066,$19.97 ,0.1742,0.88%,9320590867,United States,2016,811,Utilities,Electric Utilities: Central
BAH,Booz Allen Hamilton Holding Corporation Common Stock,$77.37 ,1.01,1.32%,9306448361,United States,2010,124438,Consumer Discretionary,Professional Services
FCFS,FirstCash Holdings Inc. Common Stock,$214.09 ,8.18,3.97%,9285468662,United States,1991,190740,Consumer Discretionary,Other Specialty Stores
AMG,Affiliated Managers Group Inc. Common Stock,$358.63 ,6.015,1.71%,9274018472,United States,,57495,Finance,Investment Managers
IMVT,Immunovant Inc. Common Stock,$44.88 ,0.53,1.20%,9270084368,United States,2019,239772,Health Care,Biotechnology: Biological Products (No Diagnostic Substances)
MTCH,Match Group Inc. Common Stock,$40.35 ,0,0.00%,9262382245,United States,,410679,Technology,Computer Software: Programming Data Processing
MHK,Mohawk Industries Inc. Common Stock,$136.61 ,3.14,2.35%,9253707988,United States,,198810,Consumer Discretionary,Home Furnishings
EAI,Entergy Arkansas LLC First Mortgage Bonds 4.875% Series Due September 1 2066,$19.83 ,-0.0316,-0.16%,9252555995,United States,2016,6183,Utilities,Electric Utilities: Central
CUBE,CubeSmart Common Shares,$40.98 ,-0.205,-0.50%,9226023317,United States,,183147,Real Estate,Real Estate Investment Trusts
ADC,Agree Realty Corporation Common Stock,$73.93 ,-0.52,-0.70%,9195362388,United States,,98094,Real Estate,Real Estate Investment Trusts
ALV,Autoliv Inc. Common Stock,$125.49 ,3.8,3.12%,9190538361,Sweden,,132677,Consumer Discretionary,Auto Parts:O.E.M.
ENJ,Entergy New Orleans LLC First Mortgage Bonds 5.0% Series due December 1 2052,$19.68 ,-0.02,-0.10%,9183307881,United States,,1100,Utilities,Power Generation
ARE,Alexandria Real Estate Equities Inc. Common Stock,$52.68 ,-0.26,-0.49%,9179361988,United States,,724187,Real Estate,Real Estate Investment Trusts
KT,KT Corporation Common Stock,$19.01 ,0.335,1.79%,9164023345,South Korea,,476253,Telecommunications,Telecommunications Equipment
PRI,Primerica Inc. Common Stock,$297.21 ,-0.655,-0.22%,9147182307,United States,2010,27462,Finance,Life Insurance
AAL,American Airlines Group Inc. Common Stock,$13.80 ,0.2799,2.07%,9135119127,United States,,22294954,Consumer Discretionary,Air Freight/Delivery Services
BRKR,Bruker Corporation Common Stock,$59.74 ,-0.185,-0.31%,9101183741,United States,,1118623,Industrials,Biotechnology: Laboratory Analytical Instruments
TTAN,ServiceTitan Inc. Class A Common Stock,$95.04 ,2.47,2.67%,9066585908,United States,2024,206817,Technology,Computer Software: Prepackaged Software
YMM,Full Truck Alliance Co. Ltd. American Depositary Shares (each representing 20 Class A Ordinary Shares),$8.73 ,0.105,1.22%,9052574271,China,2021,3264085,Technology,Computer Software: Prepackaged Software
SOLS,Solstice Advanced Materials Inc. Common Stock,$56.97 ,0.35,0.62%,9049534612,United States,,599360,Industrials,Major Chemicals
HLI,Houlihan Lokey Inc. Class A Common Stock,$129.31 ,1.25,0.98%,9037023315,United States,2015,152553,Finance,Investment Managers
QGEN,Qiagen N.V. Common Shares,$43.81 ,-1.09,-2.43%,9028134929,Netherlands,2026,1041265,Health Care,Biotechnology: Biological Products (No Diagnostic Substances)
JXN,Jackson Financial Inc. Class A Common Stock,$133.05 ,3.91,3.03%,9011309389,United States,2021,102281,Finance,Life Insurance
CRNX,Crinetics Pharmaceuticals Inc. Common Stock,$84.72 ,0.025,0.03%,8985315875,United States,2018,353807,Health Care,Biotechnology: Pharmaceutical Preparations
BRX,Brixmor Property Group Inc. Common Stock,$29.27 ,-0.21,-0.71%,8982152689,United States,2013,236084,Real Estate,Real Estate Investment Trusts
BVN,Buenaventura Mining Company Inc.,$35.29 ,1.13,3.31%,8963196536,Peru,1996,802584,Basic Materials,Metal Mining
ESTC,Elastic N.V. Ordinary Shares,$85.96 ,0.055,0.06%,8935162615,United States,2018,266055,Technology,Computer Software: Prepackaged Software
VOYA,Voya Financial Inc. Common Stock,$98.11 ,0.615,0.63%,8887954819,United States,2013,209649,Finance,Life Insurance
COMP,Compass Inc. Class A Common Stock,$11.73 ,-0.19,-1.59%,8885735371,United States,2021,1920752,Finance,Real Estate
SBSW,D/B/A Sibanye-Stillwater Limited ADS,$12.55 ,0.73,6.18%,8880904791,South Africa,,5427927,Basic Materials,Precious Metals
RHP,Ryman Hospitality Properties Inc. (REIT),$128.48 ,-0.165,-0.13%,8862636534,United States,,81368,Real Estate,Real Estate Investment Trusts
SNAP,Snap Inc. Class A Common Stock,$5.24 ,0.03,0.58%,8861876011,United States,2017,8364268,Technology,Computer Software: Programming Data Processing
KMX,CarMax Inc,$62.44 ,1.39,2.28%,8860928834,United States,,532188,Consumer Discretionary,Retail-Auto Dealers and Gas Stations
EDU,New Oriental Education & Technology Group Inc. Sponsored ADR representing 10 Ordinary Share (Cayman Islands),$55.65 ,0.74,1.35%,8856460821,China,2006,84543,Real Estate,Other Consumer Services
FORM,FormFactor Inc. FormFactor Inc. Common Stock,$113.29 ,-2.42,-2.09%,8850296935,United States,2003,255767,Technology,Semiconductors
KNTK,Kinetik Holdings Inc. Class A Common Stock,$54.48 ,0.0851,0.16%,8845619290,United States,2022,519501,Utilities,Natural Gas Distribution
SM,SM Energy Company Common Stock,$37.09 ,-0.55,-1.46%,8822007382,United States,,820116,Energy,Oil & Gas Production
KNSL,Kinsale Capital Group Inc. Common Stock,$386.81 ,5.66,1.49%,8810922574,United States,,33531,Finance,Property-Casualty Insurers
NNN,NNN REIT Inc. Common Stock,$45.80 ,-0.29,-0.63%,8790458120,United States,,154892,Real Estate,Real Estate Investment Trusts
HQY,HealthEquity Inc. Common Stock,$105.02 ,0.75,0.72%,8779898528,United States,2014,244586,Consumer Discretionary,Business Services
SFD,Smithfield Foods Inc. Common Stock,$22.28 ,0,0.00%,8773138363,United States,2025,268213,Consumer Staples,Meat/Poultry/Fish
CNM,Core & Main Inc. Class A Common Stock,$45.29 ,0.83,1.87%,8764522385,United States,2021,363313,Consumer Discretionary,Durable Goods
ESI,Element Solutions Inc. Common Stock,$35.95 ,0.41,1.15%,8760688358,United States,2014,621247,Industrials,Major Chemicals
FIGR,Figure Technology Solutions Inc. Class A Common Stock,$39.01 ,2.945,8.17%,8751858897,U.S. Virgin Islands,2025,1892389,Finance,Finance: Consumer Services
XP,XP Inc. Class A Common Stock,$16.88 ,0.89,5.57%,8749105530,Brazil,2019,1925986,Finance,Investment Bankers/Brokers/Service
GGB,Gerdau S.A. Common Stock,$4.41 ,0.075,1.73%,8713169506,Brazil,,3345012,Industrials,Steel/Iron Ore
PB,Prosperity Bancshares Inc. Common Stock,$72.46 ,-0.12,-0.17%,8708008827,United States,,105511,Finance,Major Banks
IDCC,InterDigital Inc. Common Stock,$337.20 ,-4.73,-1.38%,8701785560,United States,,40618,Miscellaneous,Multi-Sector Companies
BROS,Dutch Bros Inc. Class A Common Stock,$49.81 ,0.435,0.88%,8700022865,United States,2021,1005316,Consumer Discretionary,Restaurants
COLB,Columbia Banking System Inc. Common Stock,$30.72 ,-0.12,-0.39%,8690757673,United States,1992,753378,Finance,Major Banks
TKR,Timken Company (The) Common Stock,$125.37 ,0.845,0.68%,8687398221,United States,,123322,Industrials,Metal Fabrications
SIMO,Silicon Motion Technology Corporation American Depositary Shares,$255.54 ,5.89,2.36%,8664808156,Taiwan,2005,278381,Technology,Semiconductors
WAL,Western Alliance Bancorporation Common Stock (DE),$79.25 ,0.1,0.13%,8646243472,United States,2005,123628,Finance,Major Banks
NEU,NewMarket Corp Common Stock,$938.99 ,11.375,1.23%,8635287288,United States,,41045,Industrials,Major Chemicals
AOS,A.O. Smith Corporation Common Stock,$63.31 ,0.88,1.41%,8604371757,United States,,233968,Consumer Discretionary,Consumer Electronics/Appliances
PBF,PBF Energy Inc. Class A Common Stock,$72.33 ,2.77,3.98%,8573769493,United States,2012,630574,Energy,Integrated oil Companies
TIMB,TIM S.A. American Depositary Shares (Each representing 5 Common Shares),$17.91 ,0.44,2.52%,8568594938,Brazil,2020,439688,Telecommunications,Telecommunications Equipment
ATR,AptarGroup Inc. Common Stock,$134.63 ,1.6734,1.26%,8560143573,United States,,58910,Industrials,Plastic Products
SATA,Strive Inc. Variable Rate Series A Perpetual Preferred Stock,$100.00 ,0.1416,0.14%,8544190300,United States,,314733,Technology,Computer Software: Prepackaged Software
EMN,Eastman Chemical Company Common Stock,$74.62 ,0.83,1.13%,8534843155,United States,,118486,Industrials,Major Chemicals
CAVA,CAVA Group Inc. Common Stock,$73.00 ,0.97,1.35%,8526852454,United States,2023,341382,Consumer Discretionary,Restaurants
BOKF,BOK Financial Corporation Common Stock,$139.91 ,0.07,0.05%,8501892362,United States,,45351,Finance,Major Banks
PATH,UiPath Inc. Class A Common Stock,$16.40 ,0.475,2.98%,8494581761,United States,2021,11988297,Technology,Computer Software: Prepackaged Software
QRVO,Qorvo Inc. Common Stock,$96.07 ,-0.24,-0.25%,8475452282,United States,,109293,Technology,Semiconductors
STN,Stantec Inc Common Stock,$74.88 ,1,1.35%,8416489761,Canada,,62332,Consumer Discretionary,Military/Government/Technical
TGTX,TG Therapeutics Inc. Common Stock,$54.98 ,4.42,8.74%,8415736534,United States,,2649606,Health Care,Biotechnology: Pharmaceutical Preparations
ACM,AECOM Common Stock,$65.39 ,0.21,0.32%,8415459231,United States,2007,268079,Consumer Discretionary,Military/Government/Technical
CBSH,Commerce Bancshares Inc. Common Stock,$58.62 ,-0.18,-0.31%,8407994274,United States,,184052,Finance,Major Banks
TXG,10x Genomics Inc. Class A Common Stock,$64.31 ,0.435,0.68%,8378373558,United States,2019,926562,Industrials,Biotechnology: Laboratory Analytical Instruments
ZG,Zillow Group Inc. Class A Common Stock,$37.21 ,0.635,1.74%,8366472664,United States,2011,190966,Consumer Discretionary,Business Services
PRMB,Primo Brands Corporation Class A Common Stock,$23.07 ,-0.035,-0.15%,8357696048,United States,2024,632759,Consumer Staples,Beverages (Production/Distribution)
SARO,StandardAero Inc. Common Stock,$25.24 ,0.01,0.04%,8352406438,United States,2024,453124,Industrials,Aerospace
FR,First Industrial Realty Trust Inc. Common Stock,$62.74 ,0.12,0.19%,8317626632,United States,1994,150996,Real Estate,Real Estate Investment Trusts
IBRX,ImmunityBio Inc. Common Stock,$7.84 ,0,0.00%,8309116380,United States,2015,3112953,Health Care,Biotechnology: Biological Products (No Diagnostic Substances)
SNEX,StoneX Group Inc. Common Stock,$68.81 ,2.615,3.95%,8299034452,United States,,201716,Finance,Investment Bankers/Brokers/Service
REXR,Rexford Industrial Realty Inc. Common Stock,$37.21 ,0.16,0.43%,8297388094,United States,2013,689741,Real Estate,Real Estate Investment Trusts
ELPC,Companhia Paranaense de Energia (COPEL) American Depositary Shares (each representing four (4) Common Shares),$11.12 ,0.35,3.25%,8292213446,Brazil,2023,131122,Utilities,Electric Utilities: Central
TPGXL,TPG Operating Group II L.P. 6.950% Fixed-Rate Junior Subordinated Notes due 2064,$22.70 ,-0.09,-0.40%,8281545093,United States,,8763,,
LEVI,Levi Strauss & Co Class A Common Stock,$21.47 ,0.24,1.13%,8262741566,United States,2019,276179,Consumer Discretionary,Apparel
AVAV,AeroVironment Inc. Common Stock,$162.03 ,2.24,1.40%,8234788308,United States,2007,591819,Industrials,Aerospace
LAD,Lithia Motors Inc. Common Stock,$374.53 ,3.86,1.04%,8233336435,United States,,25236,Consumer Discretionary,Retail-Auto Dealers and Gas Stations
CELH,Celsius Holdings Inc. Common Stock,$32.52 ,-0.025,-0.08%,8227434553,United States,,2334834,Consumer Staples,Beverages (Production/Distribution)
LNC,Lincoln National Corporation Common Stock,$42.87 ,0.89,2.12%,8207347294,United States,,568552,Finance,Life Insurance
Z,Zillow Group Inc. Class C Capital Stock,$36.31 ,0.59,1.65%,8165209580,United States,,462833,Consumer Discretionary,Business Services
GME,GameStop Corporation Common Stock,$18.17 ,0.1299,0.72%,8152675271,United States,2002,1774390,Consumer Discretionary,Electronics Distribution
ALKS,Alkermes plc Ordinary Shares,$48.58 ,0.56,1.17%,8149939754,Ireland,1991,196844,Health Care,Biotechnology: Pharmaceutical Preparations
PCTY,Paylocity Holding Corporation Common Stock,$153.41 ,1.045,0.69%,8139203409,United States,2014,61474,Technology,Computer Software: Prepackaged Software
MORN,Morningstar Inc. Common Stock,$216.56 ,-0.93,-0.43%,8123938936,United States,2005,47929,Finance,Investment Managers
ZWS,Zurn Elkay Water Solutions Corporation Common Stock,$48.95 ,0.13,0.27%,8119047548,United States,2012,147893,Industrials,Industrial Machinery/Components
SSL,Sasol Ltd. American Depositary Shares,$12.50 ,0.23,1.87%,8117188800,South Africa,,468624,Energy,Oil & Gas Production
CHRD,Chord Energy Corporation Common Stock,$148.24 ,-0.57,-0.38%,8108412545,United States,,115397,Energy,Oil & Gas Production
UGI,UGI Corporation Common Stock,$37.60 ,-0.29,-0.77%,8065010759,United States,,562132,Utilities,Natural Gas Distribution
APLD,Applied Digital Corporation Common Stock,$27.57 ,-1.082,-3.78%,8035220480,United States,2022,8973340,Technology,EDP Services
CAE,CAE Inc. Common Shares,$24.84 ,-0.1501,-0.60%,7986242964,Canada,,98119,Miscellaneous,Industrial Machinery/Components
TAP,Molson Coors Beverage Company Class B Common Stock,$42.83 ,0.22,0.52%,7985821950,Canada,,442462,Consumer Staples,Beverages (Production/Distribution)
IDA,IDACORP Inc. Common Stock,$137.95 ,-2.165,-1.55%,7979020622,United States,,108886,Utilities,Electric Utilities: Central
PL,Planet Labs PBC Class A Common Stock,$22.36 ,0.19,0.86%,7969160481,United States,2021,1302232,Technology,Radio And Television Broadcasting And Communications Equipment
OKLO,Oklo Inc. Class A common stock,$42.63 ,0.97,2.33%,7929932420,United States,2021,3187109,Utilities,Electric Utilities: Central
NFG,National Fuel Gas Company Common Stock,$83.09 ,-0.85,-1.01%,7897297276,United States,,83029,Utilities,Oil/Gas Transmission
APPF,AppFolio Inc. Class A Common Stock,$222.97 ,4.12,1.88%,7896926706,United States,2015,88731,Technology,Computer Software: Prepackaged Software
ASR,Grupo Aeroportuario del Sureste S.A. de C.V. Common Stock,$263.16 ,3.995,1.54%,7894650000,Mexico,,7877,Consumer Discretionary,Aerospace
WULF,TeraWulf Inc. Common Stock,$15.82 ,-0.635,-3.86%,7891189627,United States,,25684438,Finance,Finance: Consumer Services
NCLH,Norwegian Cruise Line Holdings Ltd. Ordinary Shares,$17.19 ,0.435,2.60%,7891143134,United States,,5894427,Consumer Discretionary,Marine Transportation
CAG,ConAgra Brands Inc. Common Stock,$16.37 ,0.1,0.62%,7858706956,United States,,2868744,Consumer Staples,Packaged Foods
HIMS,Hims & Hers Health Inc. Class A Common Stock,$33.67 ,1.81,5.68%,7855662616,United States,2019,4756806,Health Care,Medical/Nursing Services
SOBO,South Bow Corporation Common Shares,$37.65 ,-0.76,-1.98%,7853211207,Canada,2024,108742,Energy,Natural Gas Distribution
MOS,Mosaic Company (The) Common Stock,$24.60 ,1.245,5.33%,7818643413,United States,,3642443,Industrials,Agricultural Chemicals
VLY,Valley National Bancorp Common Stock,$14.10 ,-0.0209,-0.15%,7791236342,United States,,2499600,Finance,Major Banks
THG,Hanover Insurance Group Inc,$223.61 ,0.5,0.22%,7786149618,United States,,44222,Finance,Property-Casualty Insurers
XE,X-Energy Inc. Class A Common Stock,$19.14 ,0.85,4.65%,7777847307,United States,2026,2369148,Industrials,Metal Fabrications
DBX,Dropbox Inc. Class A Common Stock,$34.45 ,0.445,1.31%,7774556322,United States,2018,433023,Technology,Computer Software: Prepackaged Software
MBLY,Mobileye Global Inc. Class A Common Stock,$9.14 ,0.26,2.93%,7770714646,Israel,2022,1060868,Technology,Computer Software: Prepackaged Software
VIST,Vista Energy S.A.B. de C.V. American Depositary Shares each representing one series A share with no par value,$69.72 ,-0.785,-1.11%,7760492680,Mexico,2019,498149,Energy,Oil & Gas Production
AXTA,Axalta Coating Systems Ltd. Common Shares,$36.05 ,0.545,1.54%,7714350792,United States,2014,566821,Consumer Discretionary,Paints/Coatings
SSD,Simpson Manufacturing Company Inc. Common Stock,$188.21 ,0.33,0.18%,7713726999,United States,,48925,Consumer Discretionary,Industrial Machinery/Components
JOBY,Joby Aviation Inc. Common Stock,$7.71 ,0.1301,1.72%,7626246780,United States,2020,12108045,Industrials,Aerospace
RYTM,Rhythm Pharmaceuticals Inc. Common Stock,$110.54 ,1.615,1.48%,7610564884,United States,2017,182723,Health Care,Biotechnology: Pharmaceutical Preparations
CBC,Central Bancompany Inc. Class A Common Stock,$31.77 ,-0.2,-0.63%,7609078075,United States,,336445,Finance,Major Banks
TEX,Terex Corporation Common Stock,$66.43 ,2.23,3.47%,7592949000,United States,,220428,Industrials,Construction/Ag Equipment/Trucks
PPC,Pilgrim's Pride Corporation Common Stock,$31.89 ,0.645,2.07%,7592090288,United States,,345930,Consumer Staples,Meat/Poultry/Fish
BLDR,Builders FirstSource Inc. Common Stock,$70.55 ,0.23,0.33%,7590930041,United States,2005,304320,Consumer Discretionary,RETAIL: Building Materials
RIOT,Riot Platforms Inc. Common Stock,$20.23 ,-0.7535,-3.59%,7590174849,United States,,15407587,Finance,Finance: Consumer Services
SSRM,SSR Mining Inc. Common Stock,$37.09 ,0.26,0.71%,7562996382,Canada,,1231994,Industrials,Precious Metals
AWI,Armstrong World Industries Inc Common Stock,$178.56 ,0.45,0.25%,7546450211,United States,,92043,Industrials,Plastic Products
UGP,Ultrapar Participacoes S.A. (New) American Depositary Shares (Each representing one Common Share),$6.76 ,0.21,3.21%,7522596898,Brazil,,537037,Utilities,Oil/Gas Transmission
PRH,Prudential Financial Inc. 5.950% Junior Subordinated Notes due 2062,$21.37 ,-0.27,-1.25%,7522240000,United States,2022,32989,Finance,Life Insurance
SFM,Sprouts Farmers Market Inc. Common Stock,$80.11 ,1.73,2.21%,7470067239,United States,2013,321869,Consumer Staples,Food Chains
NE,Noble Corporation plc A Ordinary Shares,$46.74 ,-0.24,-0.51%,7461677269,United States,2022,148449,Energy,Oil & Gas Production
ICL,ICL Group Ltd. Ordinary Shares,$5.78 ,0.255,4.62%,7453635010,Israel,2014,653729,Industrials,Agricultural Chemicals
FSS,Federal Signal Corporation Common Stock,$122.03 ,0.04,0.03%,7448907790,United States,,43744,Industrials,Auto Manufacturing
ETSY,Etsy Inc. Common Stock,$81.13 ,-0.08,-0.10%,7446253215,United States,2025,585490,Consumer Discretionary,Business Services
QBTS,D-Wave Quantum Inc. Common Stock,$20.14 ,1.34,7.13%,7436973677,United States,,10189549,Technology,EDP Services
LW,Lamb Weston Holdings Inc. Common Stock,$54.01 ,0.535,1.00%,7424661999,United States,2016,156209,Consumer Staples,Packaged Foods
KEX,Kirby Corporation Common Stock,$140.58 ,1.36,0.98%,7422624000,United States,,42438,Consumer Discretionary,Marine Transportation
AUGO,Aura Minerals Inc. Common Shares,$88.47 ,1.78,2.05%,7412832559,United States,,392529,Basic Materials,Metal Mining
TRNO,Terreno Realty Corporation Common Stock,$67.95 ,-0.45,-0.66%,7404532565,United States,2010,138068,Finance,Real Estate
ESE,ESCO Technologies Inc. Common Stock,$285.55 ,0.975,0.34%,7397776219,United States,,81182,Telecommunications,Telecommunications Equipment
AGCO,AGCO Corporation Common Stock,$105.63 ,1.605,1.54%,7397101376,United States,,112421,Industrials,Industrial Machinery/Components
BZ,KANZHUN LIMITED American Depository Shares,$15.96 ,0.175,1.11%,7384064991,China,2021,1587273,Technology,Computer Software: Programming Data Processing
BIPH,Brookfield Infrastructure Corporation 5.000% Subordinated Notes due 2081,$16.00 ,0.04,0.25%,7381503552,Canada,2021,2153,Consumer Discretionary,Marine Transportation
FAF,First American Corporation (New) Common Stock,$72.03 ,0.035,0.05%,7353752500,United States,,66395,Finance,Specialty Insurers
VFS,VinFast Auto Ltd. Ordinary Shares,$3.14 ,0.02,0.64%,7346143071,Singapore,,77129,Industrials,Auto Manufacturing
CMC,Commercial Metals Company Common Stock,$66.29 ,1.01,1.55%,7333287167,United States,,349518,Industrials,Steel/Iron Ore
GJS,Goldman Sachs Group Securities STRATS Trust for Goldman Sachs Group Securities Series 2006-2,$23.47 ,0,0.00%,7323556105,United States,,101,Finance,Finance: Consumer Services
POWL,Powell Industries Inc. Common Stock,$200.76 ,3.36,1.70%,7314201549,United States,,127952,Energy,Electrical Products
NAVN,Navan Inc. Class A Common Stock,$28.68 ,0.12,0.42%,7294220594,United States,2025,282018,Technology,Computer Software: Prepackaged Software
SLAB,Silicon Laboratories Inc. Common Stock,$218.15 ,0.05,0.02%,7278958912,United States,2000,28936,Technology,Semiconductors
OMF,OneMain Holdings Inc. Common Stock,$63.24 ,1.5401,2.50%,7275234004,United States,2013,87486,Finance,Finance: Consumer Services
MSA,MSA Safety Incorporated Common Stock,$188.54 ,0.1,0.05%,7273550608,United States,2000,46591,Health Care,Industrial Specialties
AXS,Axis Capital Holdings Limited Common Stock,$99.21 ,0.61,0.62%,7238988310,Bermuda,2003,107111,Finance,Property-Casualty Insurers
PRS,Prudential Financial Inc. 5.625% Junior Subordinated Notes due 2058,$20.56 ,-0.07,-0.34%,7237120000,United States,2018,17890,Finance,Life Insurance
CAI,Caris Life Sciences Inc. Common Stock,$25.59 ,1.01,4.11%,7231610810,United States,2025,2504236,Health Care,Medical Specialities
BTG,B2Gold Corp Common shares (Canada),$5.47 ,0.085,1.58%,7219651714,Canada,,10074200,Basic Materials,Precious Metals
NOV,NOV Inc. Common Stock,$20.20 ,-0.07,-0.35%,7200858125,United States,,730143,Consumer Discretionary,Oil and Gas Field Machinery
GAP,Gap Inc. (The) Common Stock,$19.97 ,0.32,1.63%,7188779292,United States,,1677921,Consumer Discretionary,Clothing/Shoe/Accessory Stores
AVT,Avnet Inc. Common Stock,$87.52 ,0.625,0.72%,7182616757,United States,,142587,Technology,Electronic Components
BILI,Bilibili Inc. American Depositary Shares,$17.24 ,0.575,3.45%,7180508556,China,2018,1300993,Technology,EDP Services
MTDR,Matador Resources Company Common Stock,$58.01 ,-0.415,-0.71%,7178363299,United States,2012,621614,Energy,Oil & Gas Production
S,SentinelOne Inc. Class A Common Stock,$20.94 ,0,0.00%,7178309960,United States,2021,1781215,Technology,Computer Software: Prepackaged Software
NXE,Nexgen Energy Ltd. Common Shares,$10.71 ,0.485,4.75%,7177767811,Canada,2017,2543508,Basic Materials,Other Metals and Minerals
CPB,The Campbell's Company Common Stock,$24.05 ,0.275,1.16%,7170369113,United States,,1889646,Consumer Staples,Packaged Foods
ORKA,Oruka Therapeutics Inc. Common Stock,$108.17 ,3.31,3.16%,7161903141,United States,,214704,Health Care,Biotechnology: In Vitro & In Vivo Diagnostic Substances
PJT,PJT Partners Inc. Class A Common Stock,$174.24 ,3.445,2.02%,7145657694,United States,2015,45037,Finance,Investment Managers
ZETA,Zeta Global Holdings Corp. Class A Common Stock,$28.45 ,0.595,2.14%,7140081994,United States,2021,1792307,Technology,Computer Software: Prepackaged Software
ACA,Arcosa Inc. Common Stock,$145.31 ,-0.09,-0.06%,7135710416,United States,2018,82003,Industrials,Metal Fabrications
VNO,Vornado Realty Trust Common Stock,$38.10 ,-0.56,-1.45%,7114052231,United States,,238931,Real Estate,Real Estate Investment Trusts
FLR,Fluor Corporation Common Stock,$53.15 ,0.99,1.90%,7108337711,United States,,466863,Industrials,Military/Government/Technical
HXL,Hexcel Corporation Common Stock,$93.96 ,-0.15,-0.16%,7105579550,United States,,159965,Industrials,Major Chemicals
VCTR,Victory Capital Holdings Inc. Class A Common Stock,$115.24 ,2.16,1.91%,7088363077,United States,2018,99093,Finance,Investment Managers
STAG,Stag Industrial Inc. Common Stock,$36.74 ,0.37,1.02%,7083778007,United States,2011,513551,Real Estate,Real Estate Investment Trusts
LOAR,Loar Holdings Inc. Common Stock,$75.57 ,1.2,1.61%,7080037753,United States,2024,123428,Industrials,Military/Government/Technical
KRMN,Karman Holdings Inc. Common Stock,$53.31 ,-1.05,-1.93%,7065371973,United States,2025,448822,Industrials,Military/Government/Technical
RAL,Ralliant Corporation Common Stock,$63.86 ,-0.075,-0.12%,7064917711,United States,2025,103273,Industrials,Industrial Machinery/Components
AGX,Argan Inc. Common Stock,$503.80 ,-12.78,-2.47%,7062896639,United States,,50348,Consumer Discretionary,Engineering & Construction
HNGE,Hinge Health Inc. Class A Common Stock,$87.46 ,1.84,2.15%,7057533711,United States,2025,571010,Technology,EDP Services
CHE,Chemed Corp,$538.91 ,4.03,0.75%,7043532683,United States,,39261,Health Care,Medical/Nursing Services
CGON,CG Oncology Inc. Common stock,$79.41 ,1.795,2.31%,7038488977,United States,2024,112279,Health Care,Biotechnology: Biological Products (No Diagnostic Substances)
LB,LandBridge Company LLC Class A Shares Representing Limited Liability Company Interests,$91.15 ,4.1167,4.73%,7026080922,,2024,144516,Energy,Oil & Gas Production
GTLB,GitLab Inc. Class A Common Stock,$41.59 ,-0.49,-1.16%,7024551000,United States,2021,740978,Technology,Computer Software: Prepackaged Software
ALGM,Allegro MicroSystems Inc. Common Stock,$37.59 ,0.4,1.08%,7006852909,United States,2020,438102,Technology,Semiconductors
OGC,OceanaGold Corporation Common Shares,$31.03 ,0.31,1.01%,6957485254,,2026,141683,,
POOL,Pool Corporation Common Stock,$191.21 ,0.875,0.46%,6948532530,United States,1995,170321,Consumer Discretionary,Industrial Specialties
PACS,PACS Group Inc. Common Stock,$43.75 ,0.165,0.38%,6926391347,United States,2024,139340,Health Care,Hospital/Nursing Management
MAC,Macerich Company (The) Common Stock,$24.42 ,-0.275,-1.11%,6923102141,United States,1994,319624,Real Estate,Real Estate Investment Trusts
VIPS,Vipshop Holdings Limited American Depositary Shares each representing two ordinary shares,$14.42 ,0.115,0.80%,6923099834,China,2012,808927,Consumer Discretionary,Catalog/Specialty Distribution
TFPM,Triple Flag Precious Metals Corp. Common Shares,$33.39 ,0.1,0.30%,6898504622,Canada,2022,315612,Industrials,Precious Metals
DUOL,Duolingo Inc. Class A Common Stock,$147.13 ,0.1,0.07%,6883663758,United States,2021,241832,Technology,Computer Software: Prepackaged Software
BEPJ,Brookfield BRP Holdings (Canada) Inc. 7.250% Perpetual Subordinated Notes,$23.95 ,0.35,1.48%,6877585943,Canada,2024,4459,Utilities,Electric Utilities: Central
SRRK,Scholar Rock Holding Corporation Common Stock,$56.39 ,1.14,2.06%,6867472052,United States,2018,363400,Health Care,Biotechnology: Biological Products (No Diagnostic Substances)
CAMT,Camtek Ltd. Ordinary Shares,$147.38 ,-1.135,-0.76%,6860100957,Israel,2000,65036,Technology,Electronic Components
ENS,EnerSys Common Stock,$190.21 ,0.235,0.12%,6859785931,United States,2004,130409,Miscellaneous,Industrial Machinery/Components
GLBE,Global-E Online Ltd. Ordinary Shares,$40.83 ,0.04,0.10%,6841813199,Israel,2021,281139,Technology,Computer Software: Prepackaged Software
VSXY,Victorias Secret & Co. Common Stock,$85.85 ,-0.95,-1.09%,6824364162,United States,2021,262470,Consumer Discretionary,Clothing/Shoe/Accessory Stores
ACT,Enact Holdings Inc. Common Stock,$49.40 ,0.28,0.57%,6791693347,United States,2021,42532,Finance,Specialty Insurers
INGR,Ingredion Incorporated Common Stock,$107.66 ,0.6425,0.60%,6789625639,United States,,61793,Consumer Staples,Packaged Foods
ORA,Ormat Technologies Inc. Common Stock,$110.22 ,1.92,1.77%,6778192837,United States,2004,114440,Utilities,Electric Utilities: Central
WEX,WEX Inc. common stock,$198.79 ,0.94,0.48%,6775083451,United States,,128928,Consumer Discretionary,Business Services
GGAL,Grupo Financiero Galicia S.A. American Depositary Shares,$42.16 ,1.155,2.82%,6771162599,Argentina,,695196,Finance,Commercial Banks
OR,OR Royalties Inc. Common Shares,$36.01 ,0.72,2.04%,6751726063,Canada,2016,423354,Basic Materials,Precious Metals
MAAS,Maase Inc. Class A Ordinary Shares,$15.20 ,-0.43,-2.75%,6721068786,China,2019,35412,Finance,Investment Managers
RIG,Transocean Ltd (Switzerland) Common Stock,$6.00 ,-0.015,-0.25%,6695696110,Switzerland,,9446377,Energy,Oil & Gas Production
SGHC,Super Group (SGHC) Limited Ordinary Shares,$13.17 ,-0.0502,-0.38%,6691269683,,2022,441161,Consumer Discretionary,Services-Misc. Amusement & Recreation
EPRT,Essential Properties Realty Trust Inc. Common Stock,$30.93 ,-0.24,-0.77%,6689324014,United States,2018,230885,Real Estate,Real Estate Investment Trusts
MGY,Magnolia Oil & Gas Corporation Class A Common Stock,$28.18 ,-0.04,-0.14%,6677774923,United States,2017,701696,Energy,Oil & Gas Production
DOX,Amdocs Limited Ordinary Shares,$61.84 ,0.935,1.54%,6675059744,Guernsey,,144002,Technology,EDP Services
HR,Healthcare Realty Trust Incorporated Common Stock,$19.47 ,0.055,0.28%,6671040128,United States,,383725,Real Estate,Real Estate Investment Trusts
AN,AutoNation Inc. Common Stock,$201.60 ,1.505,0.75%,6664893186,United States,,39144,Consumer Discretionary,Retail-Auto Dealers and Gas Stations
MATX,Matson Inc. Common Stock,$222.86 ,6.09,2.81%,6664284650,United States,,38999,Consumer Discretionary,Marine Transportation
DSGX,Descartes Systems Group Inc. (The) Common Stock,$77.71 ,-0.12,-0.15%,6659034166,Canada,,125568,Technology,Computer Software: Prepackaged Software
DPC,DPC Holdings PLC Ordinary Shares,$44.57 ,-1.19,-2.60%,6658446723,,2026,141490,Telecommunications,Metal Fabrications
MSM,MSC Industrial Direct Company Inc. Common Stock,$119.00 ,1.3,1.11%,6645709462,United States,1995,62810,Industrials,Industrial Machinery/Components
LYFT,Lyft Inc. Class A Common Stock,$17.53 ,0.125,0.72%,6633917864,United States,2019,3178163,Consumer Discretionary,Business Services
CLF,Cleveland-Cliffs Inc. Common Stock,$11.62 ,0.875,8.15%,6626822646,United States,,9759293,Basic Materials,Metal Mining
CIFR,Cipher Digital Inc. Common Stock,$15.94 ,-1.2701,-7.38%,6615548206,United States,2020,32393549,Finance,Finance: Consumer Services
BLTE,Belite Bio Inc American Depositary Shares,$164.19 ,2.2525,1.39%,6612384004,United States,2022,19392,Health Care,Biotechnology: Pharmaceutical Preparations
AAON,AAON Inc. Common Stock,$80.00 ,-0.8398,-1.04%,6596307611,United States,,216826,Industrials,Industrial Machinery/Components
NPO,Enpro Inc. Common Stock,$311.05 ,-1.7,-0.54%,6584207175,United States,,63676,Industrials,Metal Fabrications
LKQ,LKQ Corporation Common Stock,$26.01 ,0.03,0.12%,6580584257,United States,2003,713064,Consumer Discretionary,Motor Vehicles
IBP,Installed Building Products Inc. Common Stock,$247.54 ,2.93,1.20%,6579409475,United States,2014,63174,Consumer Discretionary,Homebuilding
GTES,Gates Industrial Corporation Ltd. Common Shares,$25.99 ,0.1,0.39%,6579398908,United Kingdom,2018,146857,Industrials,Industrial Machinery/Components
GDS,GDS Holdings Limited ADS,$32.80 ,-0.0499,-0.15%,6572405744,China,2016,369229,Technology,Computer Software: Programming Data Processing
HRB,H&R Block Inc. Common Stock,$53.27 ,0.23,0.43%,6566375665,United States,,313149,Consumer Discretionary,Other Consumer Services
AVAL,Grupo Aval Acciones y Valores S.A. ADR (Each representing 20 preferred shares),$5.52 ,0.09,1.66%,6553199310,,2014,67356,Finance,Commercial Banks
LNTH,Lantheus Holdings Inc. Common Stock,$100.19 ,-0.05,-0.05%,6539638650,United States,2015,196962,Health Care,Biotechnology: In Vitro & In Vivo Diagnostic Substances
FNB,F.N.B. Corporation Common Stock,$18.50 ,-0.035,-0.19%,6528752977,United States,,665680,Finance,Major Banks
WFRD,Weatherford International plc Ordinary Shares,$91.06 ,-0.18,-0.20%,6527676440,United States,,83254,Consumer Discretionary,Oil and Gas Field Machinery
SWX,Southwest Gas Holdings Inc. Common Stock (DE),$89.82 ,-1.48,-1.62%,6507086516,United States,,85597,Utilities,Oil & Gas Production
ACGLO,Arch Capital Group Ltd. Depositary Shares Each Representing 1/1000th Interest in a Share of 5.45% Non-Cumulative Preferred Shares Series F,$19.05 ,-0.2187,-1.14%,6500858448,Bermuda,,15871,Finance,Property-Casualty Insurers
UBSI,United Bankshares Inc. Common Stock,$47.57 ,-0.13,-0.27%,6479632002,United States,,274588,Finance,Major Banks
CHDN,Churchill Downs Incorporated Common Stock,$92.81 ,-0.31,-0.33%,6468879553,United States,,318744,Consumer Discretionary,Services-Misc. Amusement & Recreation
ROAD,Construction Partners Inc. Class A Common Stock,$112.19 ,-1,-0.88%,6436851325,United States,2018,110507,Industrials,Military/Government/Technical
LGN,Legence Corp. Class A Common stock,$59.34 ,-0.745,-1.24%,6412658606,United States,2025,285195,Consumer Discretionary,Engineering & Construction
RRR,Red Rock Resorts Inc. Class A Common Stock,$60.99 ,-0.1,-0.16%,6404937367,United States,2016,99717,Consumer Discretionary,Hotels/Resorts
URBN,Urban Outfitters Inc. Common Stock,$74.77 ,2.12,2.92%,6402935156,United States,1993,229720,Consumer Discretionary,Clothing/Shoe/Accessory Stores
INGM,Ingram Micro Holding Corporation Common Stock,$27.73 ,0.45,1.65%,6396254598,United States,2024,79775,Technology,Retail: Computer Software & Peripheral Equipment
ECG,Everus Construction Group Inc. Common Stock,$125.19 ,-0.135,-0.11%,6392426310,United States,2024,81683,Consumer Discretionary,Homebuilding
PLXS,Plexus Corp. Common Stock,$239.08 ,-2.83,-1.17%,6371983829,United States,,76950,Technology,Electrical Products
COGT,Cogent Biosciences Inc. Common Stock,$36.67 ,1.36,3.85%,6363161090,United States,2018,877523,Health Care,Biotechnology: Pharmaceutical Preparations
BIRK,Birkenstock Holding plc Ordinary Shares,$35.77 ,1.22,3.53%,6363047214,,2023,1609729,Consumer Discretionary,Shoe Manufacturing
MTG,MGIC Investment Corporation Common Stock,$31.00 ,0.29,0.94%,6358870040,United States,1991,188285,Finance,Property-Casualty Insurers
CMSC,CMS Energy Corporation 5.875% Junior Subordinated Notes due 2078,$21.22 ,-0.0617,-0.29%,6351389612,United States,2018,1213,Utilities,Power Generation
LEA,Lear Corporation Common Stock,$128.59 ,3.16,2.52%,6342671403,United States,,113537,Consumer Discretionary,Auto Parts:O.E.M.
FSV,FirstService Corporation Common Shares,$144.30 ,0.845,0.59%,6337802909,Canada,,76289,Finance,Real Estate
RYN,Rayonier Inc. REIT Common Stock,$21.25 ,-0.035,-0.16%,6321817097,United States,,773610,Real Estate,Real Estate Investment Trusts
CMSD,CMS Energy Corporation 5.875% Junior Subordinated Notes due 2079,$21.12 ,-0.005,-0.02%,6320468259,United States,2019,6963,Utilities,Power Generation
QLYS,Qualys Inc. Common Stock,$182.42 ,0.205,0.11%,6310647107,United States,2012,88837,Technology,Computer Software: Prepackaged Software
G,Genpact Limited Common Stock,$37.53 ,0.6,1.63%,6306331295,Bermuda,2007,2218878,Consumer Discretionary,Professional Services
EXP,Eagle Materials Inc Common Stock,$205.40 ,2.48,1.22%,6300711755,United States,,75907,Industrials,Building Materials
AMRX,Amneal Pharmaceuticals Inc. Class A Common Stock,$18.07 ,0.17,0.95%,6293709027,United States,,257169,Health Care,Biotechnology: Pharmaceutical Preparations
IFS,Intercorp Financial Services Inc. Common Shares,$54.50 ,0.76,1.41%,6291899923,,2019,67927,Finance,Commercial Banks
CACC,Credit Acceptance Corporation Common Stock,$604.87 ,18.985,3.24%,6278849522,United States,1992,36310,Finance,Finance: Consumer Services
MIRM,Mirum Pharmaceuticals Inc. Common Stock,$96.64 ,-0.43,-0.44%,6275048098,United States,2019,203613,Health Care,Biotechnology: Pharmaceutical Preparations
LSTR,Landstar System Inc. Common Stock,$184.75 ,2.33,1.28%,6269846894,United States,1993,43413,Industrials,Trucking Freight/Courier Services
TAL,TAL Education Group American Depositary Shares,$11.29 ,-0.18,-1.57%,6262577158,China,,1009669,Real Estate,Other Consumer Services
LUMN,Lumen Technologies Inc. Common Stock,$6.07 ,0.06,1.00%,6260873602,United States,,1651499,Telecommunications,Telecommunications Equipment
SNDR,Schneider National Inc. Common Stock,$35.64 ,0.5,1.42%,6247724040,United States,2017,61181,Industrials,Trucking Freight/Courier Services
GATX,GATX Corporation Common Stock,$176.79 ,0.09,0.05%,6240687000,United States,,34142,Consumer Discretionary,Transportation Services
LQDA,Liquidia Corporation Common Stock,$69.67 ,-1.385,-1.95%,6235636892,United States,2018,535371,Health Care,Biotechnology: Pharmaceutical Preparations
DNTH,Dianthus Therapeutics Inc. Common Stock,$111.41 ,1.895,1.73%,6231369381,United States,2018,310382,Health Care,Biotechnology: Pharmaceutical Preparations
TVTX,Travere Therapeutics Inc. Common Stock,$66.09 ,1.63,2.53%,6229714909,United States,,368519,Health Care,Biotechnology: Pharmaceutical Preparations
ERAS,Erasca Inc. Common Stock,$17.81 ,0.73,4.27%,6229261843,United States,2021,787067,Health Care,Biotechnology: Pharmaceutical Preparations
ST,Sensata Technologies Holding plc Ordinary Shares,$42.80 ,0.867,2.07%,6228498286,Netherlands,2010,328619,Industrials,Industrial Machinery/Components
TTD,The Trade Desk Inc. Class A Common Stock,$13.26 ,-0.065,-0.49%,6228261971,United States,2016,4923458,Technology,Computer Software: Programming Data Processing
OTEX,Open Text Corporation Common Shares,$24.79 ,0.19,0.77%,6212442842,Canada,1996,332741,Technology,EDP Services
KNSA,Kiniksa Pharmaceuticals International plc Class A Ordinary Shares,$79.47 ,0.995,1.27%,6200178193,United States,2018,94430,Health Care,Biotechnology: Pharmaceutical Preparations
ESNT,Essent Group Ltd. Common Shares,$68.73 ,0.195,0.29%,6176761981,Bermuda,2013,72383,Finance,Property-Casualty Insurers
VAL,Valaris Limited Common Shares,$88.94 ,-0.06,-0.07%,6175620675,United States,2021,148768,Energy,Oil & Gas Production
BLCO,Bausch + Lomb Corporation Common Shares,$17.26 ,0.06,0.35%,6164672146,,2022,47209,Health Care,Ophthalmic Goods
STVN,Stevanato Group S.p.A. Ordinary Shares,$22.54 ,0.185,0.83%,6152138244,Italy,2021,109758,Health Care,Medical/Dental Instruments
GBCI,Glacier Bancorp Inc. Common Stock,$47.14 ,-0.11,-0.23%,6138191464,United States,,303071,Finance,Major Banks
DFTX,Definium Therapeutics Inc. Common Shares,$45.56 ,0.16,0.35%,6121758242,United States,,499206,Health Care,Medicinal Chemicals and Botanical Products
ENIC,Enel Chile S.A. American Depositary Shares (Each representing 50 shares of Common Stock),$4.43 ,0.015,0.34%,6121240312,Chile,2016,110471,Utilities,Electric Utilities: Central
DLB,Dolby Laboratories Common Stock,$65.33 ,1.135,1.77%,6118914033,United States,2005,132703,Miscellaneous,Multi-Sector Companies
UEC,Uranium Energy Corp. Common Stock,$12.33 ,1.1815,10.60%,6102518581,Canada,,6768274,Basic Materials,Other Metals and Minerals
ENVA,Enova International Inc. Common Stock,$244.35 ,6.96,2.93%,6083916954,United States,2014,58364,Finance,Finance: Consumer Services
CMSA,CMS Energy Corporation 5.625% Junior Subordinated Notes due 2078,$20.31 ,0.0104,0.05%,6079622947,United States,2018,1883,Utilities,Power Generation
STWD,STARWOOD PROPERTY TRUST INC. Starwood Property Trust Inc.,$16.42 ,0.01,0.06%,6078174159,United States,2009,677128,Real Estate,Real Estate Investment Trusts
RDNT,RadNet Inc. Common Stock,$77.06 ,0.005,0.01%,6064017138,United States,,207651,Health Care,Medical Specialities
CZR,Caesars Entertainment Inc. Common Stock,$29.73 ,0.085,0.29%,6055588058,United States,,355184,Consumer Discretionary,Hotels/Resorts
RUSHA,Rush Enterprises Inc. Common Stock Cl A,$77.80 ,0.6901,0.90%,6054425333,United States,,58489,Consumer Discretionary,Retail-Auto Dealers and Gas Stations
HOMB,Home BancShares Inc. Common Stock,$30.25 ,0.055,0.18%,6050501059,United States,2006,399847,Finance,Major Banks
HWC,Hancock Whitney Corporation Common Stock,$75.36 ,-0.3,-0.40%,6045609651,United States,,190419,Finance,Major Banks
NICE,NICE Ltd American Depositary Shares,$101.65 ,1.28,1.28%,6038373907,Israel,,123843,Technology,Computer Software: Prepackaged Software
RUSHB,Rush Enterprises Inc. Class B,$77.54 ,-0.03,-0.04%,6034184279,United States,,34512,Consumer Discretionary,Retail-Auto Dealers and Gas Stations
STEP,StepStone Group Inc. Class A Common Stock,$50.00 ,1.16,2.38%,6033833400,United States,2020,210911,Finance,Investment Managers
M,Macy's Inc Common Stock,$22.94 ,0.355,1.57%,6032775475,United States,,1324256,Consumer Discretionary,Department/Specialty Retail Stores
RLI,RLI Corp. Common Stock (DE),$65.67 ,0.57,0.88%,6026730940,United States,,107579,Finance,Property-Casualty Insurers
VSEC,VSE Corporation Common Stock,$214.40 ,-0.115,-0.05%,6016989672,United States,,60224,Consumer Discretionary,Military/Government/Technical
JBTM,JBT Marel Corporation Common Stock,$115.79 ,-0.37,-0.32%,6006816640,United States,,202790,Industrials,Industrial Machinery/Components
CRSP,CRISPR Therapeutics AG Common Shares,$61.94 ,3.82,6.57%,5989142927,Switzerland,2016,1365053,Health Care,Biotechnology: Biological Products (No Diagnostic Substances)
BBUC,Brookfield Business Corporation Class A Subordinate Voting Shares,$28.73 ,0.71,2.53%,5972967000,,,58499,Consumer Discretionary,Engineering & Construction
ELF,e.l.f. Beauty Inc. Common Stock,$101.20 ,2.74,2.78%,5971609195,United States,2016,432969,Consumer Discretionary,Package Goods/Cosmetics
KOF,Coca Cola Femsa S.A.B. de C.V.  American Depositary Shares each representing 10 Units (each Unit consists of 3 Series B Shares and 5 Series L Shares),$113.38 ,0.14,0.12%,5954809098,Mexico,1993,16778,Consumer Staples,Beverages (Production/Distribution)
TBBB,BBB Foods Inc. Class A Common Shares,$50.39 ,0.62,1.25%,5938821738,Mexico,2024,367148,Consumer Staples,Food Chains
CROX,Crocs Inc. Common Stock,$123.83 ,0.735,0.60%,5936798912,United States,2006,133135,Consumer Discretionary,Shoe Manufacturing
XENE,Xenon Pharmaceuticals Inc. Common Shares,$61.30 ,1.57,2.63%,5936318482,Canada,2014,295931,Health Care,Biotechnology: Pharmaceutical Preparations
ACI,Albertsons Companies Inc. Class A Common Stock,$12.22 ,0.235,1.96%,5928253218,United States,2020,1200148,Consumer Staples,Food Chains
KGS,Kodiak Gas Services Inc. Common Stock,$58.54 ,-2.06,-3.40%,5918629975,United States,2023,250665,Utilities,Natural Gas Distribution
PTCT,PTC Therapeutics Inc. Common Stock,$70.86 ,0.335,0.48%,5913615126,United States,2013,124754,Health Care,Biotechnology: Pharmaceutical Preparations
TXNM,TXNM Energy Inc. Common Stock,$57.33 ,-0.135,-0.24%,5907118313,United States,,164593,Utilities,Electric Utilities: Central
BYD,Boyd Gaming Corporation Common Stock,$81.30 ,0.345,0.43%,5906521881,United States,1993,167503,Consumer Discretionary,Hotels/Resorts
BETA,Beta Technologies Inc. Class A Common Stock,$25.15 ,-0.335,-1.32%,5882447954,United States,2025,354541,Industrials,Aerospace
MXL,MaxLinear Inc. Common Stock,$64.82 ,-0.46,-0.71%,5878732641,United States,2010,804564,Technology,Semiconductors
CWST,Casella Waste Systems Inc. Class A Common Stock,$92.31 ,-0.74,-0.80%,5874612646,United States,1997,71693,Utilities,Environmental Services
SON,Sonoco Products Company Common Stock,$59.38 ,1.05,1.80%,5871197678,United States,,141815,Consumer Discretionary,Containers/Packaging
YOU,Clear Secure Inc. Class A Common Stock,$43.39 ,0.49,1.14%,5870149878,United States,2021,441174,Technology,Computer Software: Prepackaged Software
POR,Portland General Electric Co Common Stock,$49.88 ,-0.29,-0.58%,5866274071,United States,,352742,Utilities,Electric Utilities: Central
AUB,Atlantic Union Bankshares Corporation Common Stock,$41.00 ,-0.02,-0.05%,5855410736,United States,,258708,Finance,Major Banks
MBGL,Mobility Global Inc. Common Stock,$19.85 ,-0.35,-1.73%,5852203202,United States,2026,803705,Consumer Discretionary,Business Services
NTSK,Netskope Inc. Class A Common Stock,$14.49 ,0.105,0.73%,5850834056,United States,2025,799651,Technology,Computer Software: Prepackaged Software
CGABL,The Carlyle Group Inc. 4.625% Subordinated Notes due 2061,$16.18 ,0.155,0.97%,5850576871,United States,,14313,Finance,Investment Managers
RGTI,Rigetti Computing Inc. Common Stock,$17.52 ,1.4538,9.05%,5847227925,United States,,10291909,Technology,EDP Services
RSI,Rush Street Interactive Inc. Class A Common Stock,$25.22 ,-0.39,-1.52%,5845324089,United States,2020,348173,Consumer Discretionary,Services-Misc. Amusement & Recreation
MMYT,MakeMyTrip Limited Ordinary Shares,$61.96 ,1.1677,1.92%,5827658363,India,2010,83193,Consumer Discretionary,Transportation Services
CORZZ,Core Scientific Inc. Tranche 2 Warrants,$18.11 ,-0.13,-0.71%,5819475387,United States,,2205,Finance,Finance: Consumer Services
MCY,Mercury General Corporation Common Stock,$105.03 ,1.16,1.12%,5817467494,United States,,44284,Finance,Property-Casualty Insurers
FND,Floor & Decor Holdings Inc. Common Stock,$54.62 ,-0.085,-0.16%,5815949438,United States,2017,492397,Consumer Discretionary,RETAIL: Building Materials
TEO,Telecom Argentina SA,$13.50 ,0.3,2.27%,5814957627,Argentina,,21906,Telecommunications,Telecommunications Equipment
ASB,Associated Banc-Corp Common Stock,$30.79 ,0.03,0.10%,5814681001,United States,,305607,Finance,Major Banks
TFX,Teleflex Incorporated Common Stock,$137.21 ,2.25,1.67%,5813916592,United States,,86577,Health Care,Medical/Dental Instruments
HLNE,Hamilton Lane Incorporated Class A Common Stock,$105.11 ,1.05,1.01%,5792679160,United States,2017,76514,Finance,Investment Managers
NXST,Nexstar Media Group Inc. Common Stock,$188.02 ,0.73,0.39%,5792576754,United States,2003,59100,Industrials,Broadcasting
CRUS,Cirrus Logic Inc. Common Stock,$115.45 ,-1.45,-1.24%,5786072417,United States,1989,136890,Technology,Semiconductors
CMBT,CMB.TECH NV Ordinary Shares,$18.28 ,0.66,3.75%,5776071387,,2015,571794,Consumer Discretionary,Marine Transportation
ABCB,Ameris Bancorp Common Stock,$86.06 ,-0.06,-0.07%,5775248988,United States,1994,63818,Finance,Major Banks
EPAM,EPAM Systems Inc. Common Stock,$111.70 ,4.94,4.63%,5762265778,United States,2012,774486,Technology,EDP Services
EXLS,ExlService Holdings Inc. Common Stock,$37.97 ,0.92,2.48%,5756726587,United States,2006,487315,Consumer Discretionary,Business Services
CORZ,Core Scientific Inc. Common Stock,$17.91 ,-0.4834,-2.63%,5754114741,United States,,6406659,Finance,Finance: Consumer Services
RITM,Rithm Capital Corp. Common Stock,$10.28 ,0.115,1.13%,5737632244,United States,,1162921,Real Estate,Real Estate Investment Trusts
MMED,MiniMed Group Inc. Common Stock,$20.43 ,0.25,1.24%,5737619323,United States,2026,349494,Health Care,Medical/Dental Instruments
SXT,Sensient Technologies Corporation Common Stock,$134.73 ,2.15,1.62%,5734487526,United States,,150069,Industrials,Major Chemicals
LGND,Ligand Pharmaceuticals Incorporated Common Stock,$287.57 ,0.18,0.06%,5732883080,United States,,34176,Health Care,Biotechnology: Pharmaceutical Preparations
HCC,Warrior Met Coal Inc. Common Stock,$108.35 ,4.985,4.82%,5720842116,United States,2017,183271,Energy,Coal Mining
BCPC,Balchem Corporation Common Stock,$179.31 ,-0.32,-0.18%,5716047946,United States,,32339,Industrials,Major Chemicals
MKTX,MarketAxess Holdings Inc. Common Stock,$162.11 ,0.205,0.13%,5704943596,United States,2004,377628,Finance,Investment Bankers/Brokers/Service
SPHR,Sphere Entertainment Co. Class A Common Stock,$158.45 ,2.22,1.42%,5690511029,United States,2020,118807,Consumer Discretionary,Services-Misc. Amusement & Recreation
WPP,WPP plc American Depositary Shares,$26.34 ,0.07,0.27%,5683130832,Ireland,,335017,Consumer Discretionary,Advertising
VFC,V.F. Corporation Common Stock,$14.45 ,0.5,3.58%,5680794537,United States,,1449632,Industrials,Garments and Clothing
ANDG,Andersen Group Inc. Class A Common Stock,$50.09 ,-0.23,-0.46%,5659591611,,2025,151877,Consumer Discretionary,Business Services
BGC,BGC Group Inc. Class A Common Stock,$11.84 ,0.96,8.82%,5629523620,United States,,1521363,Finance,Investment Bankers/Brokers/Service
FTDR,Frontdoor Inc. Common Stock,$81.60 ,-0.34,-0.42%,5621694586,United States,,103718,Consumer Discretionary,Diversified Commercial Services
FLG,Flagstar Bank N.A. Common Stock,$13.47 ,-0.025,-0.19%,5589225037,United States,,799030,Finance,Banks
OBDC,Blue Owl Capital Corporation Common Stock,$11.31 ,0.025,0.22%,5574976743,United States,2019,663264,Finance,Diversified Financial Services
WH,Wyndham Hotels & Resorts Inc. Common Stock,$75.04 ,-0.27,-0.36%,5568802595,United States,2018,134001,Consumer Discretionary,Hotels/Resorts
MWH,SOLV Energy Inc. Class A Common Stock,$27.50 ,-1.425,-4.93%,5564622921,United States,2026,525957,Industrials,Military/Government/Technical
MRCY,Mercury Systems Inc Common Stock,$92.42 ,-1.81,-1.92%,5557781412,United States,1998,175481,Technology,Electrical Products
OZK,Bank OZK Common Stock,$49.08 ,-0.2,-0.41%,5552721359,United States,,193348,Finance,Major Banks
CIG,Comp En De Mn Cemig ADS American Depositary Shares,$1.94 ,0.06,3.19%,5551856876,Brazil,,872797,Utilities,Electric Utilities: Central
PEGA,Pegasystems Inc. Common Stock,$33.75 ,0.14,0.42%,5548666894,United States,1996,568982,Technology,EDP Services
WHD,Cactus Inc. Class A Common Stock,$69.18 ,0.33,0.48%,5546812068,United States,2018,138187,Consumer Discretionary,Oil and Gas Field Machinery
RNG,RingCentral Inc. Class A Common Stock,$66.25 ,0.67,1.02%,5532283233,United States,2013,567062,Technology,EDP Services
AROC,Archrock Inc. Common Stock,$31.53 ,-0.75,-2.32%,5528412973,United States,,418798,Utilities,Natural Gas Distribution
GRFS,Grifols S.A. American Depositary Shares,$8.04 ,0.05,0.63%,5527941460,Spain,,72072,Health Care,Biotechnology: Pharmaceutical Preparations
SHC,Sotera Health Company Common Stock,$19.27 ,0.05,0.26%,5499172300,United States,2020,325853,Health Care,Misc Health and Biotechnology Services
NIQ,NIQ Global Intelligence plc Ordinary Shares,$18.64 ,0.49,2.70%,5497977305,United States,2025,241968,Technology,Computer Software: Programming Data Processing
MTN,Vail Resorts Inc. Common Stock,$154.14 ,3.92,2.61%,5492551698,United States,1997,137151,Consumer Discretionary,Services-Misc. Amusement & Recreation
BKH,Black Hills Corporation Common Stock,$72.01 ,-1.28,-1.75%,5490988683,United States,,277865,Utilities,Electric Utilities: Central
ACGLN,Arch Capital Group Ltd. Depositary Shares each Representing a 1/1000th Interest in a 4.550% Non-Cumulative Preferred Share Series G,$16.09 ,-0.235,-1.44%,5488670492,Bermuda,,41805,Finance,Property-Casualty Insurers
CIGI,Colliers International Group Inc. Subordinate Voting Shares,$107.34 ,0.64,0.60%,5485484146,Canada,,63824,Finance,Real Estate
MAIN,Main Street Capital Corporation Common Stock,$58.65 ,0.25,0.43%,5484271238,United States,2007,84213,Finance,Finance/Investors Services
CVLT,Commvault Systems Inc. Common Stock,$132.31 ,0.68,0.52%,5483530263,United States,2006,175049,Technology,Computer Software: Prepackaged Software
AX,Axos Financial Inc. Common Stock,$96.07 ,0.11,0.12%,5464906884,United States,2018,57417,Finance,Savings Institutions
NOVT,Novanta Inc. Common Stock,$144.41 ,-1.11,-0.76%,5461264166,United States,,95692,Miscellaneous,Industrial Machinery/Components
NJR,NewJersey Resources Corporation Common Stock,$53.81 ,-1.035,-1.89%,5459482835,United States,,169079,Utilities,Oil/Gas Transmission
WFG,West Fraser Timber Co. Ltd Common stock,$69.62 ,0.7,1.02%,5451512088,Canada,2021,44100,Basic Materials,Forest Products
ALM,Almonty Industries Inc. Common Shares,$18.92 ,1.23,6.95%,5451022356,Canada,,4560877,Basic Materials,Other Metals and Minerals
SIGI,Selective Insurance Group Inc. Common Stock,$91.31 ,0.5,0.55%,5439256256,United States,,88634,Finance,Property-Casualty Insurers
PFH,Prudential Financial Inc. 4.125% Junior Subordinated Notes due 2060,$15.23 ,-0.07,-0.46%,5437110000,United States,2020,20413,Finance,Life Insurance
CAKE,Cheesecake Factory Incorporated (The) Common Stock,$109.13 ,2.595,2.44%,5430129185,United States,1992,375742,Consumer Discretionary,Restaurants
ADT,ADT Inc. Common Stock,$7.43 ,0.06,0.81%,5428055213,United States,2018,811349,Consumer Discretionary,Diversified Commercial Services
ACMR,ACM Research Inc. Class A Common Stock,$77.93 ,-0.595,-0.76%,5427413598,United States,2017,173777,Technology,Industrial Machinery/Components
VSNT,Versant Media Group Inc. Class A Common Stock,$39.04 ,0.41,1.06%,5418451509,United States,,450499,Industrials,Broadcasting
SAIC,Science Applications International Corporation Common Stock,$128.04 ,1.745,1.38%,5412912521,United States,,76621,Technology,EDP Services
GVA,Granite Construction Incorporated Common Stock,$123.68 ,0.71,0.58%,5412794597,United States,,51562,Industrials,Military/Government/Technical
MUR,Murphy Oil Corporation Common Stock,$37.75 ,-0.53,-1.39%,5412637469,United States,,293906,Energy,Oil & Gas Production
MMSI,Merit Medical Systems Inc. Common Stock,$90.44 ,0.17,0.19%,5400210385,United States,,116872,Health Care,Medical/Dental Instruments
RELY,Remitly Global Inc. Common Stock,$25.47 ,0.76,3.08%,5391592855,United States,2021,492353,Consumer Discretionary,Business Services
CNX,CNX Resources Corporation Common Stock,$36.44 ,-0.02,-0.06%,5391066132,United States,1999,195267,Energy,Oil & Gas Production
CWEN,Clearway Energy Inc. Class C Common Stock,$32.89 ,0.2471,0.76%,5390646572,United States,2015,235070,Utilities,Electric Utilities: Central
MRX,Marex Group Limited Ordinary Shares,$72.51 ,2.92,4.20%,5375372011,United Kingdom,2024,118291,Finance,Investment Bankers/Brokers/Service
AIR,AAR Corp. Common Stock,$133.20 ,0.81,0.61%,5362477488,United States,,49703,Industrials,Aerospace
MC,Moelis & Company Class A Common Stock,$68.30 ,1.43,2.14%,5345777344,United States,2014,170854,Finance,Investment Managers
CPA,Copa Holdings S.A. Class A Common Stock,$129.93 ,1.64,1.28%,5345132191,Panama,2005,62114,Consumer Discretionary,Air Freight/Delivery Services
REYN,Reynolds Consumer Products Inc. Common Stock,$25.36 ,-0.145,-0.57%,5344605349,United States,2020,167626,Consumer Discretionary,Containers/Packaging
FBIN,Fortune Brands Innovations Inc. Common Stock,$44.76 ,-0.22,-0.49%,5343067311,United States,,883174,Basic Materials,Forest Products
GLNG,Golar Lng Ltd,$52.56 ,0.42,0.81%,5339531926,Bermuda,,242418,Consumer Discretionary,Marine Transportation
CSW,CSW Industrials Inc. Common Stock,$327.14 ,4.52,1.40%,5330251337,United States,,21366,Industrials,Home Furnishings
PAGP,Plains GP Holdings L.P. Class A Units representing Limited Partner Interests,$26.89 ,0.09,0.34%,5321641894,United States,,614474,Energy,Natural Gas Distribution
BC,Brunswick Corporation Common Stock,$82.04 ,0.98,1.21%,5315980993,United States,,80789,Industrials,Industrial Machinery/Components
HRI,Herc Holdings Inc. Common Stock,$158.95 ,-2.71,-1.68%,5313928024,United States,2016,82378,Industrials,Misc Corporate Leasing Services
PIPR,Piper Sandler Companies Common Stock,$74.67 ,1.81,2.48%,5276950629,United States,2026,106004,Finance,Investment Bankers/Brokers/Service
ACIW,ACI Worldwide Inc. Common Stock,$52.22 ,0.65,1.26%,5271882685,United States,,144566,Technology,Computer Software: Prepackaged Software
UNF,Unifirst Corporation Common Stock,$291.36 ,2.705,0.94%,5268914224,United States,,36379,Consumer Discretionary,Other Consumer Services
PSMT,PriceSmart Inc. Common Stock,$169.96 ,0.504,0.30%,5245178101,United States,,53465,Consumer Discretionary,Department/Specialty Retail Stores
OUT,OUTFRONT Media Inc. Common Stock,$29.78 ,-0.005,-0.02%,5244427099,United States,2014,243448,Real Estate,Real Estate Investment Trusts
KRG,Kite Realty Group Trust Common Stock,$26.15 ,-0.12,-0.46%,5239072298,United States,2004,405167,Real Estate,Real Estate Investment Trusts
SBRA,Sabra Health Care REIT Inc. Common Stock,$20.51 ,-0.025,-0.12%,5238263812,United States,,195613,Real Estate,Real Estate Investment Trusts
ENPH,Enphase Energy Inc. Common Stock,$39.63 ,1.27,3.31%,5236892400,United States,2012,1159852,Technology,Semiconductors
CAR,Avis Budget Group Inc. Common Stock,$148.04 ,4.055,2.82%,5229447993,United States,,88418,Consumer Discretionary,Rental/Leasing Companies
GXO,GXO Logistics Inc. Common Stock,$45.59 ,0.22,0.49%,5228469957,United States,2021,250551,Consumer Discretionary,Transportation Services
KVYO,Klaviyo Inc. Series A Common Stock,$18.33 ,0.22,1.22%,5219053920,United States,2023,1033806,Technology,Computer Software: Prepackaged Software
OII,Oceaneering International Inc. Common Stock,$52.38 ,-0.11,-0.21%,5213362805,United States,,160964,Energy,Oilfield Services/Equipment
CE,Celanese Corporation Common Stock,$47.47 ,0.49,1.04%,5209781517,United States,2005,253535,Industrials,Major Chemicals
GOLF,Acushnet Holdings Corp. Common Stock,$89.19 ,-0.065,-0.07%,5208853849,United States,2016,101065,Consumer Discretionary,Recreational Games/Products/Toys
EBC,Eastern Bankshares Inc. Common Stock,$22.70 ,-0.04,-0.18%,5187212230,United States,2020,476669,Finance,Savings Institutions
HASI,HA Sustainable Infrastructure Capital Inc. Common Stock,$40.24 ,-0.385,-0.95%,5170028111,United States,2013,176801,Finance,Finance/Investors Services
IRDM,Iridium Communications Inc Common Stock,$48.73 ,0.28,0.58%,5163449464,United States,,117700,Consumer Discretionary,Telecommunications Equipment
MIDD,Middleby Corporation (The) Common Stock,$114.16 ,1.635,1.45%,5162357250,United States,,94654,Industrials,Industrial Machinery/Components
LPX,Louisiana-Pacific Corporation Common Stock,$73.69 ,-0.065,-0.09%,5152306466,United States,,136520,Basic Materials,Forest Products
LAUR,Laureate Education Inc. Common Stock,$37.33 ,-0.23,-0.61%,5142183609,United States,2017,257287,Real Estate,Other Consumer Services
AMTM,Amentum Holdings Inc. Common Stock,$21.03 ,0.415,2.01%,5140747333,United States,2024,514971,Consumer Discretionary,Business Services
PSN,Parsons Corporation Common Stock,$48.03 ,1.965,4.27%,5129329047,United States,2019,365000,Technology,EDP Services
MRP,Millrose Properties Inc. Class A Common Stock,$30.63 ,0.05,0.16%,5086048004,United States,2025,163527,Finance,Real Estate
WTM,White Mountains Insurance Group Ltd. Common Stock,"$2,123.99 ",6.285,0.30%,5069359603,United States,,7488,Finance,Property-Casualty Insurers
ACAD,ACADIA Pharmaceuticals Inc. Common Stock,$29.36 ,0.32,1.10%,5058890008,United States,1985,294898,Health Care,Biotechnology: Pharmaceutical Preparations
DOO,BRP Inc. Common Subordinate Voting Shares,$68.37 ,1.58,2.37%,5048894298,Canada,,30651,Consumer Discretionary,Industrial Specialties
GNTX,Gentex Corporation Common Stock,$23.95 ,0.36,1.53%,5045865777,United States,,414290,Consumer Discretionary,Auto Parts:O.E.M.
ATHS,Athene Holding Ltd. 7.250% Fixed-Rate Reset Junior Subordinated Debentures due 2064,$24.74 ,-0.16,-0.64%,5042135700,Bermuda,2024,5204,Finance,Life Insurance
PRM,Perimeter Solutions SA Common Stock,$30.80 ,-0.27,-0.87%,5041557228,Luxembourg,,309646,Industrials,Major Chemicals
FRVO,Fervo Energy Company Class A common stock,$17.09 ,0.085,0.50%,5036029255,United States,2026,1025838,Utilities,Electric Utilities: Central
OTF,Blue Owl Technology Finance Corp. Common Stock,$10.97 ,-0.145,-1.31%,5024002790,United States,2025,746159,,
PECO,Phillips Edison & Company Inc. Common Stock,$39.03 ,-0.4,-1.01%,5023161000,United States,2021,317189,Real Estate,Real Estate Investment Trusts
ACHR,Archer Aviation Inc. Class A Common Stock,$6.44 ,0.3514,5.77%,5013245469,United States,2020,14988860,Industrials,Aerospace
OGS,ONE Gas Inc. Common Stock,$79.75 ,-1.64,-2.02%,5012787533,United States,2014,86925,Utilities,Oil/Gas Transmission
DYN,Dyne Therapeutics Inc. Common Stock,$26.81 ,0.83,3.20%,5006671815,United States,2020,271510,Health Care,Biotechnology: Pharmaceutical Preparations
BOOT,Boot Barn Holdings Inc. Common Stock,$165.08 ,4.86,3.03%,4999422048,United States,2014,110776,Consumer Discretionary,Clothing/Shoe/Accessory Stores
INSW,International Seaways Inc. Common Stock,$100.54 ,1.1763,1.18%,4979694742,United States,2016,167294,Consumer Discretionary,Marine Transportation
ONDS,Ondas Inc. Common Stock,$8.73 ,0.3465,4.14%,4978925004,United States,,26912285,Technology,Radio And Television Broadcasting And Communications Equipment
OMAB,Grupo Aeroportuario del Centro Norte S.A.B. de C.V. ADS,$102.99 ,1.03,1.01%,4971448622,Mexico,2006,17860,Consumer Discretionary,Aerospace
ESAB,ESAB Corporation Common Stock,$79.94 ,1.36,1.73%,4969694731,United States,2022,270966,Industrials,Industrial Machinery/Components
HAE,Haemonetics Corporation Common Stock,$109.14 ,0.92,0.85%,4965548146,United States,1991,165796,Health Care,Medical/Dental Instruments
PAY,Paymentus Holdings Inc. Class A Common Stock,$39.41 ,0.9925,2.58%,4963596337,United States,2021,351268,Consumer Discretionary,Business Services
HESM,Hess Midstream LP Class A Representing Limited Partner Interests,$38.67 ,-0.435,-1.11%,4962686814,United States,2017,427562,Energy,Oil & Gas Production
SLM,SLM Corporation Common Stock,$26.38 ,0.53,2.05%,4958040752,United States,,303234,Finance,Finance: Consumer Services
CNO,CNO Financial Group Inc. Common Stock,$53.56 ,0.45,0.85%,4955444631,United States,,162194,Finance,Accident &Health Insurance
GTX,Garrett Motion Inc. Common Stock,$26.57 ,0.17,0.64%,4955130010,Switzerland,,499806,Consumer Discretionary,Auto Parts:O.E.M.
GBTG,Global Business Travel Group Inc. Class A Common Stock,$9.48 ,0.015,0.16%,4949488372,United States,2020,1788467,Consumer Discretionary,Transportation Services
SIM,Grupo Simec S.A.B. de C.V. American Depositary Shares,$29.80 ,2.3,8.36%,4943911516,Mexico,1998,336,Industrials,Steel/Iron Ore
CHH,Choice Hotels International Inc. Common Stock,$109.36 ,0.11,0.10%,4940823558,United States,,70364,Consumer Discretionary,Hotels/Resorts
SKY,Champion Homes Inc. Common Stock,$90.89 ,0.94,1.05%,4933521379,United States,,128895,Consumer Discretionary,Homebuilding
TFSL,TFS Financial Corporation Common Stock,$17.58 ,0.08,0.46%,4930183633,United States,2007,237175,Finance,Savings Institutions
PI,Impinj Inc. Common Stock,$161.02 ,1.29,0.81%,4919871581,United States,2016,81435,Technology,Industrial Machinery/Components
FFIN,First Financial Bankshares Inc. Common Stock,$34.09 ,-0.14,-0.41%,4886034714,United States,,161434,Finance,Major Banks
GHC,Graham Holdings Company Common Stock,"$1,152.70 ",0.195,0.02%,4881580331,United States,,9682,Real Estate,Other Consumer Services
KBR,KBR Inc. Common Stock,$38.72 ,0.815,2.15%,4880713135,United States,2006,198610,Industrials,Military/Government/Technical
UFPI,UFP Industries Inc. Common Stock,$88.38 ,0.255,0.29%,4874896767,United States,1993,65284,Basic Materials,Forest Products
BIPC,Brookfield Infrastructure Corporation Brookfield Infrastructure Corporation,$39.55 ,-0.05,-0.13%,4864863016,Canada,,167575,Consumer Discretionary,Marine Transportation
OCTV,Octave Intelligence plc Class B Ordinary Shares,$18.11 ,-0.03,-0.17%,4861408341,United States,,629385,Technology,Computer Software: Prepackaged Software
RDN,Radian Group Inc. Common Stock,$36.73 ,0.07,0.19%,4859427410,United States,,108713,Finance,Property-Casualty Insurers
MYRG,MYR Group Inc. Common Stock,$311.98 ,-6.02,-1.89%,4857294615,United States,2008,63605,Industrials,Water Sewer Pipeline Comm & Power Line Construction
BULL,Webull Corporation Class A Ordinary Shares,$9.16 ,0.3094,3.50%,4852324146,United States,,15460723,Finance,Investment Bankers/Brokers/Service
BLSH,Bullish Ordinary Shares,$30.34 ,1.9001,6.68%,4843530640,Cayman Islands,2025,1286893,Finance,Finance: Consumer Services
SR,Spire Inc. Common Stock,$81.83 ,-1.47,-1.77%,4837200997,United States,,95584,Utilities,Oil/Gas Transmission
TKC,Turkcell Iletisim Hizmetleri AS Common Stock,$5.48 ,0.08,1.48%,4822400000,Turkey,,193241,Telecommunications,Telecommunications Equipment
CUZ,Cousins Properties Incorporated Common Stock,$29.24 ,-0.34,-1.15%,4812964176,United States,,190520,Real Estate,Real Estate Investment Trusts
TREX,Trex Company Inc. Common Stock,$47.24 ,-0.06,-0.13%,4812111576,United States,,254263,Basic Materials,Forest Products
IEP,Icahn Enterprises L.P. Common Stock,$6.76 ,0.105,1.58%,4802231453,United States,,589095,Energy,Integrated oil Companies
CRC,California Resources Corporation Common Stock,$54.02 ,0.61,1.14%,4798050620,United States,2020,263417,Energy,Oil & Gas Production
PBLS,Parabilis Medicines Inc. Common Stock,$39.32 ,-0.26,-0.66%,4795153820,United States,2026,60315,Health Care,Biotechnology: Pharmaceutical Preparations
ANF,Abercrombie & Fitch Company Common Stock,$107.89 ,2.87,2.73%,4793737192,United States,,308371,Consumer Discretionary,Clothing/Shoe/Accessory Stores
LFST,LifeStance Health Group Inc. Common Stock,$12.54 ,-0.115,-0.91%,4789067059,United States,2021,431169,Health Care,Medical/Nursing Services
WAY,Waystar Holding Corp. Common Stock,$24.97 ,0.13,0.52%,4787957948,United States,2024,702227,Technology,EDP Services
BMA,Banco Macro S.A.  ADR (representing Ten Class B Common Shares),$74.85 ,1.98,2.72%,4785836396,Argentina,,213430,Finance,Commercial Banks
VSH,Vishay Intertechnology Inc. Common Stock,$31.19 ,-0.64,-2.01%,4783896219,United States,,595565,Technology,Electrical Products
TPC,Tutor Perini Corporation Common Stock,$90.83 ,0.465,0.52%,4774590052,United States,1970,71864,Consumer Discretionary,General Bldg Contractors - Nonresidential Bldgs
BDC,Belden Inc Common Stock,$122.13 ,-1.76,-1.42%,4772619467,United States,,72527,Industrials,Telecommunications Equipment
TDW,Tidewater Inc. Common Stock,$95.77 ,-0.72,-0.75%,4765154243,United States,2017,84336,Consumer Discretionary,Marine Transportation
EWTX,Edgewise Therapeutics Inc. Common Stock,$43.60 ,0.31,0.72%,4735140024,United States,2021,230489,Health Care,Biotechnology: Pharmaceutical Preparations
FHI,Federated Hermes Inc. Common Stock,$63.40 ,0.27,0.43%,4733461815,United States,,90126,Finance,Investment Managers
CGAU,Centerra Gold Inc. Common Shares,$23.68 ,0.19,0.81%,4729140401,Canada,2021,777150,Basic Materials,Precious Metals
XMTR,Xometry Inc. Class A Common Stock,$82.46 ,-0.665,-0.80%,4726615212,United States,2021,90557,Consumer Discretionary,Business Services
BILL,BILL Holdings Inc. Common Stock,$47.43 ,0.03,0.06%,4723872762,United States,2019,782232,Technology,Computer Software: Prepackaged Software
VRNS,Varonis Systems Inc. Common Stock,$41.09 ,0.235,0.58%,4719043026,United States,2014,170819,Technology,Computer Software: Prepackaged Software
INDV,Indivior Pharmaceuticals Inc. Common Stock,$37.82 ,0.04,0.11%,4718794592,United Kingdom,,436148,Health Care,Biotechnology: Pharmaceutical Preparations
BB,BlackBerry Limited Common Stock,$8.05 ,-0.09,-1.11%,4717794326,Canada,,2567295,Technology,Computer Software: Prepackaged Software
MTRN,Materion Corporation,$226.19 ,-6.53,-2.81%,4712380258,United States,,85182,Industrials,Industrial Specialties
CNR,Core Natural Resources Inc. Common Stock,$94.87 ,1.1,1.17%,4708991702,United States,2017,139962,Energy,Coal Mining
ATAT,Atour Lifestyle Holdings Limited American Depositary Shares,$34.50 ,0.25,0.73%,4693490262,China,2022,750820,Consumer Discretionary,Hotels/Resorts
RHI,Robert Half Inc. Common Stock,$45.75 ,1.87,4.26%,4683053631,United States,,478509,Consumer Discretionary,Professional Services
EQPT,EquipmentShare.com Inc Class A Common Stock,$18.44 ,0.17,0.93%,4672252758,United States,2026,435143,Consumer Discretionary,Diversified Commercial Services
MEOH,Methanex Corporation Common Stock,$60.37 ,1.655,2.82%,4670093736,Canada,,236824,Industrials,Major Chemicals
ALH,Alliance Laundry Holdings Inc. Common Stock,$23.48 ,0.295,1.27%,4666574029,United States,2025,705342,Industrials,Industrial Machinery/Components
MTH,Meritage Homes Corporation Common Stock,$71.60 ,0.55,0.77%,4666465059,United States,,75574,Consumer Discretionary,Homebuilding
PTEN,Patterson-UTI Energy Inc. Common Stock,$12.24 ,0.055,0.45%,4666243933,United States,1993,1250566,Energy,Oil & Gas Production
USAR,USA Rare Earth Inc. Class A Common Stock,$19.02 ,1.905,11.13%,4653352682,United States,2023,11222108,Basic Materials,Metal Mining
EPR,EPR Properties Common Stock,$60.65 ,-0.57,-0.93%,4646331119,United States,1997,122967,Real Estate,Real Estate Investment Trusts
BEPI,Brookfield BRP Holdings (Canada) Inc. 4.875% Perpetual Subordinated Notes,$16.17 ,-0.0363,-0.22%,4644509886,Canada,2021,4526,Utilities,Electric Utilities: Central
CELC,Celcuity Inc. Common Stock,$94.84 ,4.27,4.72%,4640702155,United States,2017,267192,Health Care,Medical Specialities
BCO,Brinks Company (The) Common Stock,$112.40 ,-0.72,-0.64%,4629714862,United States,,73745,Industrials,Integrated Freight & Logistics
CRGY,Crescent Energy Company Class A Common Stock,$14.01 ,0.2,1.45%,4628955781,United States,2021,1638256,Energy,Oil & Gas Production
AXTI,AXT Inc Common Stock,$70.39 ,-2.735,-3.74%,4615370527,United States,1998,4402374,Technology,Semiconductors
OLLI,Ollie's Bargain Outlet Holdings Inc. Common Stock,$76.18 ,1.43,1.91%,4605331785,United States,2015,357799,Consumer Discretionary,Department/Specialty Retail Stores
NNI,Nelnet Inc. Common Stock,$128.17 ,1.57,1.24%,4585850568,United States,2003,50919,Finance,Finance: Consumer Services
FELE,Franklin Electric Co. Inc. Common Stock,$103.62 ,0.36,0.35%,4581191900,United States,,28130,Consumer Discretionary,Metal Fabrications
BOX,Box Inc. Class A Common Stock,$33.03 ,0.13,0.40%,4572997720,United States,2015,276567,Technology,Computer Software: Prepackaged Software
NP,Neptune Insurance Holdings Inc. Class A Common Stock,$33.26 ,0.7,2.15%,4564372573,,2025,88073,Finance,Specialty Insurers
DOCS,Doximity Inc. Class A Common Stock,$25.61 ,-0.335,-1.29%,4563988318,United States,2021,655582,Technology,EDP Services
ICUI,ICU Medical Inc. Common Stock,$181.86 ,-0.675,-0.37%,4547654895,United States,1992,68187,Health Care,Medical/Dental Instruments
DHCNL,Diversified Healthcare Trust 6.25% Senior Notes Due 2046,$18.78 ,0,0.00%,4533761624,United States,,7600,Real Estate,Real Estate Investment Trusts
BLLN,BillionToOne Inc. Class A Common Stock,$96.02 ,0.75,0.79%,4530899389,United States,2025,218277,Health Care,Medical Specialities
GFF,Griffon Corporation Common Stock,$100.03 ,-0.1,-0.10%,4530830441,United States,,87967,Industrials,Building Products
HCXY,Hercules Capital Inc. 6.25% Notes due 2033,$24.86 ,-0.1299,-0.52%,4516457479,United States,2018,174,Finance,Investment Managers
KTB,Kontoor Brands Inc. Common Stock,$82.40 ,3.41,4.32%,4503458288,United States,2019,123774,Industrials,Garments and Clothing
ALK,Alaska Air Group Inc. Common Stock,$40.22 ,0.0363,0.09%,4488264555,United States,,829895,Consumer Discretionary,Air Freight/Delivery Services
FULT,Fulton Financial Corporation Common Stock,$23.50 ,-0.125,-0.53%,4485537658,United States,,419897,Finance,Major Banks
CHEF,The Chefs' Warehouse Inc. Common Stock,$109.91 ,1.07,0.98%,4483897483,United States,2011,85065,Consumer Discretionary,Food Distributors
ENO,Entergy New Orleans LLC First Mortgage Bonds 5.50% Series due April 1 2066,$20.93 ,0.04,0.19%,4475479607,United States,2016,149,Utilities,Power Generation
VNT,Vontier Corporation Common Stock,$33.10 ,0.29,0.88%,4475120000,United States,2020,238462,Industrials,Industrial Machinery/Components
KLIC,Kulicke and Soffa Industries Inc. Common Stock,$85.49 ,0.36,0.42%,4473616041,Singapore,,122025,Technology,Semiconductors
CVCO,Cavco Industries Inc. Common Stock When Issued,$581.04 ,2.1801,0.38%,4467850907,United States,,19586,Consumer Discretionary,Homebuilding
BWIN,The Baldwin Insurance Group Inc. Class A Common Stock,$32.02 ,0.57,1.81%,4466736655,United States,2019,177544,Finance,Specialty Insurers
CON,Concentra Group Holdings Parent Inc. Common Stock,$34.95 ,0.135,0.39%,4456107285,United States,2024,123453,Health Care,Medical Specialities
IBOC,International Bancshares Corporation Common Stock,$71.58 ,-0.12,-0.17%,4451668572,United States,,86867,Finance,Major Banks
LBTYB,Liberty Global Ltd. Class B Common Shares,$13.05 ,0,0.00%,4451192736,United Kingdom,,7,Telecommunications,Cable & Other Pay Television Services
CCC,CCC Intelligent Solutions Holdings Inc. Common Stock,$7.56 ,0.105,1.41%,4449854989,United States,,1495250,Technology,Computer Software: Prepackaged Software
HGTY,Hagerty Inc. Class A Common Stock,$12.94 ,0.125,0.98%,4444759353,United States,2021,5565,Finance,Specialty Insurers
AMLX,Amylyx Pharmaceuticals Inc. Common Stock,$39.83 ,0.165,0.42%,4437422887,United States,2022,1479146,Health Care,Biotechnology: Pharmaceutical Preparations
DHCNI,Diversified Healthcare Trust 5.625% Senior Notes due 2042,$18.36 ,-0.13,-0.70%,4432367595,United States,,1065,Real Estate,Real Estate Investment Trusts
AQN,Algonquin Power & Utilities Corp. Common Shares,$5.76 ,-0.065,-1.12%,4429897921,United States,2016,1458001,Utilities,Electric Utilities: Central
SLGN,Silgan Holdings Inc. Common Stock,$41.86 ,0.74,1.80%,4423849357,United States,2022,74791,Industrials,Containers/Packaging
EE,Excelerate Energy Inc. Class A Common Stock,$38.89 ,-0.475,-1.21%,4409640853,United States,2022,217944,Utilities,Oil/Gas Transmission
CVSA,Covista Inc. Common Shares,$129.54 ,1.5,1.17%,4409388743,United States,,97420,Real Estate,Other Consumer Services
KFY,Korn Ferry Common Stock,$85.75 ,1.16,1.37%,4403788405,United States,1999,67966,Consumer Discretionary,Diversified Commercial Services
DAVE,Dave Inc. Class A Common Stock,$344.99 ,9.98,2.98%,4400522360,United States,,122189,Finance,Finance: Consumer Services
TNL,Travel   Leisure Co. Common  Stock,$71.84 ,1.1,1.56%,4396912027,United States,,82496,Consumer Discretionary,Hotels/Resorts
CBT,Cabot Corporation Common Stock,$84.84 ,-0.09,-0.11%,4380374634,United States,,65109,Industrials,Major Chemicals
MANE,Veradermics Incorporated Common Stock,$104.76 ,-0.56,-0.53%,4376887047,,2026,127382,Health Care,Biotechnology: Pharmaceutical Preparations
MDA,MDA Space Ltd. Common Shares,$31.50 ,0.2549,0.82%,4374397680,,2026,390292,Consumer Discretionary,Electronic Components
OXLCM,Oxford Lane Capital Corp. Preferred Stock Shares 8.25% Series 2031,$25.20 ,0.02,0.08%,4373852000,United States,,308,Finance,Investment Managers
DLO,DLocal Limited Class A Common Shares,$14.81 ,0.465,3.24%,4366467609,Uruguay,2021,2041061,Consumer Discretionary,Business Services
PAM,Pampa Energia S.A.,$80.01 ,0.62,0.78%,4363810608,Argentina,,49920,Utilities,Electric Utilities: Central
ITRI,Itron Inc. Common Stock,$99.62 ,1.19,1.21%,4362036334,United States,1993,48222,Industrials,Electrical Products
BEPH,Brookfield BRP Holdings (Canada) Inc. 4.625% Perpetual Subordinated Notes,$15.19 ,-0.01,-0.07%,4362026325,Canada,,2280,Utilities,Electric Utilities: Central
SKE,Skeena Resources Limited Common Shares,$34.75 ,-0.08,-0.23%,4359828999,,2021,249785,Basic Materials,Precious Metals
MARA,MARA Holdings Inc. Common Stock,$11.29 ,0.135,1.21%,4359387567,United States,,56997373,Finance,Finance: Consumer Services
COLD,Americold Realty Trust Inc. Common Stock,$15.27 ,0.245,1.63%,4357860611,United States,2018,441764,Real Estate,Real Estate Investment Trusts
CENX,Century Aluminum Company Common Stock,$44.01 ,0.61,1.41%,4356694913,United States,1996,733368,Industrials,Aluminum
SKT,Tanger Inc. Common Stock,$37.91 ,-0.32,-0.84%,4355062473,United States,1993,194146,Real Estate,Real Estate Investment Trusts
NSIT,Insight Enterprises Inc. Common Stock,$148.31 ,2.0444,1.40%,4352857078,United States,1995,43998,Consumer Discretionary,Catalog/Specialty Distribution
RLAY,Relay Therapeutics Inc. Common Stock,$19.86 ,0.16,0.81%,4352152792,United States,2020,793911,Health Care,Biotechnology: Biological Products (No Diagnostic Substances)
LIVN,LivaNova PLC Ordinary Shares,$78.94 ,0.73,0.93%,4349081443,United Kingdom,,97444,Health Care,Biotechnology: Electromedical & Electrotherapeutic Apparatus
NVST,Envista Holdings Corporation Common Stock,$27.06 ,0.13,0.48%,4346315206,United States,2019,726370,Health Care,Medical/Dental Instruments
RUM,RUM Group Inc. Class A Common Stock,$8.77 ,0.335,3.97%,4345776350,United States,2021,952366,Technology,Computer Software: Programming Data Processing
MNDY,monday.com Ltd. Ordinary Shares,$93.48 ,2.18,2.39%,4343358529,Israel,2021,227128,Technology,Computer Software: Prepackaged Software
CLMT,Calumet Inc. Common Stock,$49.40 ,1.11,2.30%,4342172760,United States,2006,182251,Energy,Integrated oil Companies
HP,Helmerich & Payne Inc. Common Stock,$43.44 ,-0.665,-1.51%,4340848076,United States,,196007,Energy,Oil & Gas Production
ELVN,Enliven Therapeutics Inc. Common Stock,$59.24 ,0.32,0.54%,4340559882,United States,2020,254545,Health Care,Biotechnology: Pharmaceutical Preparations
OXLCZ,Oxford Lane Capital Corp. 5.00% Notes due 2027,$24.98 ,-0.02,-0.08%,4336528000,United States,,4173,Finance,Finance Companies
LEGN,Legend Biotech Corporation American Depositary Shares,$22.29 ,1.03,4.85%,4335146726,United States,2020,389820,Health Care,Biotechnology: Pharmaceutical Preparations
GMAB,Genmab A/S ADS,$33.68 ,0.27,0.81%,4327099163,Denmark,2019,1110329,Health Care,Biotechnology: Pharmaceutical Preparations
FBP,First BanCorp. New Common Stock,$28.28 ,0.055,0.20%,4316695278,Puerto Rico,,246574,Finance,Major Banks
VVV,Valvoline Inc. Common Stock,$33.83 ,0.02,0.06%,4316248521,United States,2016,218753,Industrials,Major Chemicals
CNK,Cinemark Holdings Inc Cinemark Holdings Inc. Common Stock,$37.08 ,0.19,0.52%,4298011583,United States,2007,243642,Consumer Discretionary,Movies/Entertainment
HTFL,Heartflow Inc. Common Stock,$49.42 ,2.62,5.60%,4297248246,United States,2025,775824,Health Care,Medical/Dental Instruments
MIAX,Miami International Holdings Inc. Common Stock,$43.30 ,1.98,4.79%,4296697883,United States,2025,280899,Finance,Investment Bankers/Brokers/Service
BRC,Brady Corporation Common Stock,$91.19 ,0.46,0.51%,4296215320,United States,,19913,Consumer Discretionary,Miscellaneous manufacturing industries
OXLCN,Oxford Lane Capital Corp. 7.125% Series 2029 Term Preferred Stock,$24.70 ,0,0.00%,4287902640,United States,,148,Finance,Investment Managers
NWE,NorthWestern Energy Group Inc. Common Stock,$69.57 ,-1.24,-1.75%,4279796825,United States,,211269,Utilities,Power Generation
TGS,Transportadora de Gas del Sur SA TGS Common Stock,$28.40 ,0.28,1.00%,4275682821,Argentina,,57258,Utilities,Natural Gas Distribution
TCBI,Texas Capital Bancshares Inc. Common Stock,$98.34 ,0.3,0.31%,4275269447,United States,2003,138667,Finance,Major Banks
UCB,United Community Banks Inc. Common Stock,$35.42 ,-0.11,-0.31%,4270784316,United States,2024,158538,Finance,Major Banks
GEO,Geo Group Inc (The) REIT,$32.44 ,0.715,2.25%,4269081207,United States,,428021,Consumer Discretionary,Homebuilding
FCN,FTI Consulting Inc. Common Stock,$154.59 ,1.1,0.72%,4268473379,United States,1999,133360,Consumer Discretionary,Professional Services
LUNR,Intuitive Machines Inc. Class A Common Stock,$18.62 ,0.685,3.82%,4261421526,United States,2021,4269147,Industrials,Industrial Machinery/Components
ITGR,Integer Holdings Corporation Common Stock,$125.35 ,0.14,0.11%,4260903217,United States,,424676,Health Care,Biotechnology: Electromedical & Electrotherapeutic Apparatus
ARX,Accelerant Holdings Class A Common Shares,$19.61 ,0.04,0.20%,4259067505,Cayman Islands,2025,3201854,Finance,Specialty Insurers
DIOD,Diodes Incorporated Common Stock,$92.36 ,1.62,1.79%,4253335474,United States,,161813,Technology,Semiconductors
LAZ,Lazard Inc. Common Stock,$43.56 ,0.79,1.85%,4244946916,Bermuda,2005,176505,Finance,Investment Managers
ARIS,Aris Mining Corporation Common Shares,$20.56 ,0.37,1.83%,4243584000,,2023,719220,,
REGCP,Regency Centers Corporation 6.25% Series A Cumulative Redeemable Preferred Stock,$23.08 ,0.075,0.33%,4226422225,United States,,756,Real Estate,Real Estate Investment Trusts
KRC,Kilroy Realty Corporation Common Stock,$36.28 ,-0.48,-1.31%,4219690085,United States,1997,96511,Real Estate,Real Estate Investment Trusts
CDP,COPT Defense Properties Common Shares of Beneficial Interest,$37.20 ,0.0799,0.22%,4218857697,United States,,102826,Real Estate,Real Estate Investment Trusts
ELC,Entergy Louisiana Inc. Collateral Trust Mortgage Bonds 4.875 % Series due September 1 2066,$19.77 ,-0.0149,-0.08%,4214661539,United States,2016,3920,Utilities,Electric Utilities: Central
SITE,SiteOne Landscape Supply Inc. Common Stock,$96.51 ,0.92,0.96%,4213181689,United States,2016,182550,Consumer Discretionary,Professional and commerical equipment
CECO,CECO Environmental Corp. Common Stock,$71.88 ,-1.12,-1.53%,4209999380,United States,1998,105582,Industrials,Pollution Control Equipment
CRK,Comstock Resources Inc. Common Stock,$14.33 ,0.51,3.69%,4207582453,United States,,845913,Energy,Oil & Gas Production
OXLCL,Oxford Lane Capital Corp. 6.75% Notes due 2031,$24.24 ,0.065,0.27%,4207196000,United States,,518,Finance,Finance Companies
MDU,MDU Resources Group Inc. Common Stock (Holding Company),$19.98 ,-0.335,-1.65%,4201730384,United States,,152053,Industrials,Mining & Quarrying of Nonmetallic Minerals (No Fuels)
CNS,Cohen & Steers Inc Common Stock,$81.60 ,0.81,1.00%,4195997093,United States,2004,29985,Finance,Investment Managers
MAT,Mattel Inc. Common Stock,$14.67 ,-0.055,-0.37%,4189790500,United States,,690790,Consumer Discretionary,Recreational Games/Products/Toys
PRIM,Primoris Services Corporation Common Stock,$77.73 ,-1.51,-1.91%,4184386778,United States,,182441,Industrials,Water Sewer Pipeline Comm & Power Line Construction
IRTC,iRhythm Holdings Inc. Common Stock,$126.79 ,-1.19,-0.93%,4179379150,United States,2016,91908,Health Care,Medical/Dental Instruments
AZZ,AZZ Inc.,$138.98 ,-0.455,-0.33%,4176407351,United States,,58103,Industrials,Industrial Specialties
THO,Thor Industries Inc. Common Stock,$80.12 ,1.3825,1.76%,4170966868,United States,,98575,Industrials,Homebuilding
DK,Delek US Holdings Inc. Common Stock,$68.10 ,4.06,6.34%,4169911049,United States,2017,374542,Energy,Integrated oil Companies
OXLCO,Oxford Lane Capital Corp. Preferred Stock Shares 6.00% Series 2029,$24.00 ,-0.0398,-0.17%,4166417360,United States,,340,Finance,Investment Managers
SEI,Solaris Energy Infrastructure Inc. Class A Common Stock,$54.27 ,0.03,0.06%,4155258094,United States,2017,994663,Consumer Discretionary,Oil and Gas Field Machinery
FLY,Firefly Aerospace Inc. Common Stock,$24.80 ,1.17,4.95%,4151635196,United States,2025,932958,Industrials,Military/Government/Technical
PHI,PLDT Inc. Sponsored ADR,$19.20 ,-0.04,-0.21%,4148270880,Philippines,,13065,Telecommunications,Telecommunications Equipment
STNG,Scorpio Tankers Inc. Common Shares,$79.90 ,1.5001,1.91%,4135852097,Monaco,2010,288582,Consumer Discretionary,Marine Transportation
CATY,Cathay General Bancorp Common Stock,$61.99 ,-0.43,-0.69%,4135589702,United States,,94138,Finance,Major Banks
HAFN,Hafnia Limited Common Shares,$8.26 ,0.37,4.69%,4128193579,,2024,779996,Consumer Discretionary,Transportation Services
MANU,Manchester United Ltd. Class A Ordinary Shares,$23.85 ,-0.17,-0.71%,4112428287,United Kingdom,2012,65253,Consumer Discretionary,Services-Misc. Amusement & Recreation
OPLN,OPENLANE Inc. Common Stock,$33.64 ,-0.55,-1.61%,4106430259,United States,,215585,Consumer Discretionary,Retail-Auto Dealers and Gas Stations
WK,Workiva Inc. Class A Common Stock,$75.19 ,-0.205,-0.27%,4091303650,United States,2014,154797,Technology,Computer Software: Prepackaged Software
SLG,SL Green Realty Corp Common Stock,$57.72 ,-0.38,-0.65%,4089456632,United States,1997,136665,Real Estate,Real Estate Investment Trusts
AVNT,Avient Corporation Common Stock,$44.59 ,0.855,1.96%,4089316137,United States,,307637,Industrials,Major Chemicals
BFH,Bread Financial Holdings Inc. Common Stock,$106.34 ,3.16,3.06%,4085504959,United States,,86651,Consumer Discretionary,Business Services
SMR,NuScale Power Corporation Class A Common Stock,$9.50 ,0.4302,4.74%,4082457029,United States,2022,14479248,Industrials,Metal Fabrications
ADPT,Adaptive Biotechnologies Corporation Common Stock,$25.57 ,0.13,0.51%,4080865680,United States,2019,579523,Health Care,Biotechnology: Biological Products (No Diagnostic Substances)
LMND,Lemonade Inc. Common Stock,$52.62 ,1.91,3.77%,4072609881,United States,2020,393804,Finance,Property-Casualty Insurers
PLNT,Planet Fitness Inc. Common Stock,$54.09 ,0.965,1.82%,4068109552,United States,2015,293936,Consumer Discretionary,Hotels/Resorts
LILAP,Liberty Latin America Ltd. 9.0% Fixed Rate Cumulative Perpetual Redeemable Series A Preference Shares,$20.73 ,0.6232,3.10%,4061633880,United States,,19058,Telecommunications,Cable & Other Pay Television Services
WSFS,WSFS Financial Corporation Common Stock,$79.24 ,-0.66,-0.83%,4048419540,United States,,176750,Finance,Major Banks
REGCO,Regency Centers Corporation 5.875% Series B Cumulative Redeemable Preferred Stock,$22.10 ,-0.02,-0.09%,4046964089,United States,,809,Real Estate,Real Estate Investment Trusts
GEF,Greif Inc. Class A Common Stock,$87.65 ,1.215,1.41%,4046422494,United States,,82357,,
ATMU,Atmus Filtration Technologies Inc. Common Stock,$49.59 ,0.22,0.45%,4046322184,United States,2023,71020,Consumer Discretionary,Auto Parts:O.E.M.
BNL,Broadstone Net Lease Inc. Common Stock,$21.08 ,-0.135,-0.64%,4044144364,United States,2020,209650,Real Estate,Real Estate Investment Trusts
ERO,Ero Copper Corp. Common Shares,$38.59 ,2.57,7.14%,4024086785,Canada,2021,1526087,Basic Materials,Metal Mining
SEZL,Sezzle Inc. Common Stock,$119.35 ,1.925,1.64%,4018944546,United States,,106841,Finance,Finance: Consumer Services
SEB,Seaboard Corporation Common Stock,"$4,195.00 ",-161.35,-3.70%,4017945830,United States,1996,9755,Industrials,Farming/Seeds/Milling
SRAD,Sportradar Group AG Class A Ordinary Shares,$12.88 ,0.265,2.10%,4013876062,Switzerland,2021,673028,Technology,Computer Software: Programming Data Processing
DTW,DTE Energy Company 2017 Series E 5.25% Junior Subordinated Debentures due 2077,$19.28 ,-0.0899,-0.46%,4011958779,United States,2017,11397,Utilities,Electric Utilities: Central
TNGX,Tango Therapeutics Inc.,$23.75 ,0.235,1.00%,4003653164,United States,2020,636970,Health Care,Biotechnology: Pharmaceutical Preparations
VKTX,Viking Therapeutics Inc. Common Stock,$34.31 ,-0.05,-0.15%,4002362268,United States,2015,462943,Health Care,Biotechnology: Pharmaceutical Preparations
QTWO,Q2 Holdings Inc. Common Stock,$64.08 ,0.26,0.41%,3995688856,United States,2014,185254,Technology,Computer Software: Prepackaged Software
DNLI,Denali Therapeutics Inc. Common Stock,$24.95 ,-0.005,-0.02%,3987393468,United States,2017,175027,Health Care,Biotechnology: Biological Products (No Diagnostic Substances)
HHH,Howard Hughes Holdings Inc. Common Stock,$66.61 ,-1.32,-1.94%,3978018208,United States,,77016,Real Estate,Real Estate Investment Trusts
CALM,Cal-Maine Foods Inc. Common Stock,$84.47 ,2.04,2.48%,3962985651,United States,1996,318503,Consumer Staples,Farming/Seeds/Milling
TAC,TransAlta Corporation Ordinary Shares,$12.54 ,-0.055,-0.44%,3961060000,Canada,,233829,Utilities,Electric Utilities: Central
SKYW,SkyWest Inc. Common Stock,$102.00 ,1.215,1.21%,3960489150,United States,1986,50444,Consumer Discretionary,Air Freight/Delivery Services
OLED,Universal Display Corporation Common Stock,$86.02 ,-0.48,-0.56%,3954067147,United States,,68735,Technology,Electrical Products
WSC,WillScot Holdings Corporation Class A Common Stock,$21.82 ,-0.18,-0.82%,3953586704,United States,2015,2791984,Industrials,Misc Corporate Leasing Services
CVBF,CVB Financial Corporation Common Stock,$22.46 ,-0.065,-0.29%,3952022403,United States,,263906,Finance,Major Banks
TDS,Telephone and Data Systems Inc. Common Shares,$34.30 ,-0.41,-1.18%,3947930000,United States,,108355,Telecommunications,Telecommunications Equipment
DORM,Dorman Products Inc. Common Stock,$132.99 ,1.62,1.23%,3946560438,United States,,30870,Consumer Discretionary,Auto Parts:O.E.M.
SUNC,SunocoCorp LLC Common Units representing limited liability company interests,$76.55 ,-0.15,-0.20%,3943641507,,2025,59533,Energy,Integrated oil Companies
INDB,Independent Bank Corp. Common Stock,$83.14 ,-0.37,-0.44%,3938266891,United States,,69484,Finance,Major Banks
BWLP,BW LPG Limited Common Shares,$24.71 ,1.2,5.10%,3935858220,,2024,274981,Consumer Discretionary,Transportation Services
WBI,WaterBridge Infrastructure LLC Class A Shares Representing Limited Liability Company Interests,$31.87 ,-0.62,-1.91%,3934549381,,2025,115258,Energy,Oilfield Services/Equipment
IRT,Independence Realty Trust Inc. Common Stock,$16.66 ,0.03,0.18%,3927504486,United States,2013,245400,Real Estate,Real Estate Investment Trusts
VEON,VEON Ltd. ADS,$57.01 ,0.58,1.03%,3925776727,Netherlands,,25058,Telecommunications,Telecommunications Equipment
MWA,MUELLER WATER PRODUCTS Common Stock,$25.11 ,-0.02,-0.08%,3920315800,United States,2006,152482,Industrials,Metal Fabrications
IDYA,IDEAYA Biosciences Inc. Common Stock,$40.50 ,1.39,3.55%,3907824102,United States,2019,351339,Health Care,Biotechnology: Pharmaceutical Preparations
BBWI,Bath & Body Works Inc.,$19.36 ,-0.28,-1.43%,3902236680,United States,,1153678,Consumer Discretionary,Other Specialty Stores
PFSI,PennyMac Financial Services Inc. Common Stock,$75.11 ,-0.635,-0.84%,3901822815,United States,2013,62078,Finance,Finance: Consumer Services
APLE,Apple Hospitality REIT Inc. Common Shares,$16.52 ,0.015,0.09%,3898905757,United States,2015,371711,Real Estate,Real Estate Investment Trusts
CAAP,Corporacion America Airports SA Common Shares,$23.60 ,0.325,1.40%,3898345750,,2018,39364,Consumer Discretionary,Aerospace
JOE,St. Joe Company (The) Common Stock,$68.46 ,-0.35,-0.51%,3897458675,United States,,31368,Real Estate,Homebuilding
WSBC,WesBanco Inc. Common Stock,$40.63 ,-0.25,-0.61%,3896656270,United States,,150339,Finance,Major Banks
FOUR,Shift4 Payments Inc. Class A Common Stock,$49.24 ,1.38,2.88%,3887996309,United States,2020,495137,Consumer Discretionary,Business Services
ABG,Asbury Automotive Group Inc Common Stock,$215.87 ,0.5,0.23%,3875280323,United States,2002,36109,Consumer Discretionary,Retail-Auto Dealers and Gas Stations
FRMI,Fermi Inc. Common Stock,$6.04 ,0.0701,1.17%,3868486829,United States,2025,4741421,Real Estate,Real Estate Investment Trusts
RCUS,Arcus Biosciences Inc. Common Stock,$30.36 ,0.835,2.83%,3865204628,United States,2018,120235,Health Care,Biotechnology: Pharmaceutical Preparations
ACLS,Axcelis Technologies Inc. Common Stock,$125.04 ,0.07,0.06%,3861421385,United States,2000,49320,Technology,Industrial Machinery/Components
VAC,Marriott Vacations Worldwide Corporation Common Stock,$112.12 ,1.84,1.67%,3856403278,United States,,115849,Finance,Real Estate
IOVA,Iovance Biotherapeutics Inc. Common Stock,$8.51 ,-0.48,-5.34%,3854786886,United States,,14409497,Health Care,Biotechnology: Biological Products (No Diagnostic Substances)
PARR,Par Pacific Holdings Inc.  Common Stock,$76.93 ,4.48,6.18%,3854164305,United States,,221261,Energy,Oil & Gas Production
AYA,Aya Gold & Silver Inc. Common Shares,$26.75 ,-0.17,-0.63%,3852967494,Canada,,379114,Basic Materials,Precious Metals
TLX,Telix Pharmaceuticals Limited American Depositary Shares,$11.34 ,-1.08,-8.70%,3841731736,Australia,,166744,Health Care,Biotechnology: Pharmaceutical Preparations
BRZE,Braze Inc. Class A Common Stock,$31.34 ,0.63,2.05%,3841650901,United States,2021,623409,Technology,Computer Software: Prepackaged Software
MHO,M/I Homes Inc. Common Stock,$151.78 ,1.83,1.22%,3837458445,United States,1993,36817,Consumer Discretionary,Homebuilding
NG,Novagold Resources Inc.,$8.75 ,0.085,0.98%,3837136469,Canada,2003,2473311,Basic Materials,Precious Metals
SYNA,Synaptics Incorporated Common Stock $0.001 Par Value,$98.00 ,0,0.00%,3832484628,United States,2002,303299,Technology,Semiconductors
BMI,Badger Meter Inc. Common Stock,$132.05 ,3.92,3.06%,3827713146,United States,1971,75477,Industrials,Industrial Machinery/Components
OTTR,Otter Tail Corporation Common Stock,$90.93 ,-1.115,-1.21%,3817538862,United States,,25769,Utilities,Electric Utilities: Central
JOYY,JOYY Inc. American Depositary Shares,$73.60 ,-0.17,-0.23%,3806738611,Singapore,2012,55142,Technology,EDP Services
FSLY,Fastly Inc. Class A Common Stock,$23.89 ,1.18,5.20%,3805677000,United States,,1669646,Technology,Computer Software: Prepackaged Software
LOPE,Grand Canyon Education Inc. Common Stock,$145.90 ,-0.37,-0.25%,3802888898,United States,2008,26040,Real Estate,Other Consumer Services
RNST,Renasant Corporation Common Stock,$41.52 ,-0.31,-0.74%,3795113387,United States,2023,106827,Finance,Major Banks
CVI,CVR Energy Inc. Common Stock,$37.73 ,1.9,5.30%,3793019500,United States,2007,235224,Energy,Integrated oil Companies
USAC,USA Compression Partners LP Common Units Representing Limited Partner Interests,$26.10 ,-0.26,-0.99%,3783021305,United States,2013,37097,Utilities,Natural Gas Distribution
COCO,The Vita Coco Company Inc. Common Stock,$64.35 ,-0.82,-1.26%,3776971641,United States,2021,120338,Consumer Staples,Beverages (Production/Distribution)
UUUU,Energy Fuels Inc Ordinary Shares (Canada),$15.11 ,1.21,8.71%,3775490370,Canada,,6548099,Industrials,Mining & Quarrying of Nonmetallic Minerals (No Fuels)
QS,QuantumScape Corporation Class A Common Stock,$6.09 ,0.39,6.84%,3770401258,United States,,8618605,Miscellaneous,Industrial Machinery/Components
BANF,BancFirst Corporation Common Stock,$112.08 ,-0.66,-0.59%,3765747340,United States,1993,37565,Finance,Major Banks
MSGE,Madison Square Garden Entertainment Corp. Class A Common Stock,$79.48 ,-0.355,-0.45%,3759583472,United States,2023,50598,Consumer Discretionary,Services-Misc. Amusement & Recreation
GNW,Genworth Financial Inc Common Stock,$9.94 ,0.075,0.76%,3753950053,United States,2004,609074,Finance,Life Insurance
ASBA,Associated Banc-Corp 6.625% Fixed-Rate Reset Subordinated Notes due 2033,$24.75 ,0.1,0.41%,3734795171,United States,2023,8788,Finance,Major Banks
ZGN,Ermenegildo Zegna N.V. Ordinary Shares,$13.91 ,0.275,2.02%,3730879055,,2021,255906,Consumer Discretionary,Apparel
MIR,Mirion Technologies Inc. Class A Common Stock,$14.98 ,-0.25,-1.64%,3730583952,United States,2020,1434425,Industrials,Industrial Machinery/Components
BELFB,Bel Fuse Inc. Class B Common Stock,$257.74 ,-4.695,-1.79%,3721551646,United States,,52042,,
TENB,Tenable Holdings Inc. Common Stock,$33.73 ,-0.38,-1.11%,3715021627,United States,2018,387187,Technology,Computer Software: Prepackaged Software
SXI,Standex International Corporation Common Stock,$306.20 ,-3.22,-1.04%,3710980183,United States,,25725,Industrials,Industrial Machinery/Components
GPGI,GPGI Inc. Class A Common Stock,$12.77 ,-0.025,-0.20%,3700446897,United States,,176356,Finance,Finance: Consumer Services
KNF,Knife Riv Holding Co. Common Stock,$65.10 ,-0.86,-1.30%,3695298642,United States,2023,219910,Industrials,Mining & Quarrying of Nonmetallic Minerals (No Fuels)
IPAR,Interparfums Inc. Common Stock,$115.31 ,0.555,0.48%,3692732678,United States,,76042,Consumer Discretionary,Package Goods/Cosmetics
LIF,Life360 Inc. Common Stock,$45.19 ,-0.635,-1.39%,3681690473,United States,2024,202583,Technology,EDP Services
PII,Polaris Inc. Common Stock,$64.66 ,0.23,0.36%,3679381862,United States,,99472,Consumer Discretionary,Industrial Specialties
CSTM,Constellium SE Ordinary Shares (France),$27.14 ,0.605,2.28%,3677544899,Netherlands,2013,681543,Industrials,Metal Fabrications
KAI,Kadant Inc Common Stock,$310.12 ,-3.94,-1.26%,3662243364,United States,1992,45940,Industrials,Industrial Machinery/Components
LEU,Centrus Energy Corp. Class A Common Stock,$183.19 ,7.06,4.01%,3655164057,United States,2014,146070,Industrials,Mining & Quarrying of Nonmetallic Minerals (No Fuels)
FA,First Advantage Corporation Common Stock,$21.27 ,0.04,0.19%,3653201008,United States,2021,390562,Technology,EDP Services
FSM,Fortuna Mining Corp. Common Shares,$11.95 ,0.05,0.42%,3639460775,Canada,,2683607,Basic Materials,Precious Metals
PDI,PIMCO Dynamic Income Fund Common Stock,$14.96 ,-0.035,-0.23%,3635410950,United States,2012,2850990,Finance,Trusts Except Educational Religious and Charitable
NHC,National HealthCare Corporation Common Stock,$232.07 ,-4.68,-1.98%,3634539938,United States,1986,37156,Health Care,Hospital/Nursing Management
UNMA,Unum Group 6.250% Junior Subordinated Notes due 2058,$21.33 ,-0.1299,-0.61%,3632798441,United States,2018,18712,Finance,Accident &Health Insurance
PVH,PVH Corp. Common Stock,$78.79 ,2.695,3.54%,3632626028,United States,,144486,Industrials,Garments and Clothing
NHI,National Health Investors Inc. Common Stock,$73.96 ,0.05,0.07%,3632207699,United States,,46493,Real Estate,Real Estate Investment Trusts
RXO,RXO Inc. Common Stock,$22.01 ,0.34,1.57%,3630024077,United States,2022,464598,Consumer Discretionary,Transportation Services
BATRA,Atlanta Braves Holdings Inc. Series A Common Stock,$56.51 ,-0.475,-0.83%,3625807020,United States,,47028,Consumer Discretionary,Services-Misc. Amusement & Recreation
XXI,Twenty One Capital Inc. Class A Common Stock,$6.45 ,0.255,4.12%,3624488971,,2025,1344033,Finance,Finance: Consumer Services
PTRN,Pattern Group Inc. Series A Common Stock,$20.42 ,0.38,1.90%,3622489397,United States,2025,298987,Consumer Discretionary,Catalog/Specialty Distribution
CORZW,Core Scientific Inc. Tranche 1 Warrants,$11.25 ,-0.44,-3.76%,3615079961,United States,,34160,Finance,Finance: Consumer Services
OGN,Organon & Co. Common Stock,$13.74 ,-0.005,-0.04%,3606940562,United States,2021,343570,Health Care,Biotechnology: Pharmaceutical Preparations
CII,BlackRock Enhanced Large Cap Core Fund Inc. Common Stock,$24.25 ,0.145,0.60%,3606746109,United States,2004,38992,Finance,Investment Bankers/Brokers/Service
LBTYA,Liberty Global Ltd. Class A Common Shares,$10.57 ,-0.075,-0.71%,3603590135,United Kingdom,,375407,Telecommunications,Cable & Other Pay Television Services
PRK,Park National Corporation Common Stock,$199.36 ,-2.78,-1.38%,3601271137,United States,1994,79947,Finance,Major Banks
FIBK,First Interstate BancSystem Inc. Common Stock (DE),$37.76 ,-0.05,-0.13%,3598701960,United States,2010,221618,Finance,Major Banks
GPCR,Structure Therapeutics Inc. American Depositary Shares,$50.39 ,-0.135,-0.27%,3592947145,United States,2023,172927,Health Care,Biotechnology: Pharmaceutical Preparations
LXP,LXP Industrial Trust Common Stock (Maryland REIT),$60.91 ,0.03,0.05%,3591086950,United States,,188628,Real Estate,Real Estate Investment Trusts
OPCH,Option Care Health Inc. Common Stock,$23.97 ,0.48,2.04%,3590352275,United States,,331113,Health Care,Medical/Nursing Services
NIC,Nicolet Bankshares Inc. Common Stock,$171.09 ,-0.6,-0.35%,3585620899,United States,2022,47434,Finance,Major Banks
GPK,Graphic Packaging Holding Company,$12.11 ,0.475,4.08%,3583946391,United States,,1108220,Consumer Discretionary,Containers/Packaging
SMG,Scotts Miracle-Gro Company (The) Common Stock,$61.51 ,0.375,0.61%,3580837952,United States,1992,219889,Industrials,Agricultural Chemicals
CHRN,ChronoScale Holdings Corporation Common Stock,$24.52 ,0.415,1.72%,3570302136,United States,,61877,Industrials,Industrial Machinery/Components
PONY,Pony AI Inc. American Depositary Shares,$8.22 ,0.47,6.07%,3561543858,China,2024,1392480,Technology,EDP Services
MCHB,Mechanics Bancorp Class A Common Stock,$16.17 ,-0.205,-1.25%,3561344466,United States,2012,127496,Finance,Major Banks
BFAM,Bright Horizons Family Solutions Inc. Common Stock,$73.08 ,-0.535,-0.73%,3554024986,United States,2013,90305,Consumer Discretionary,Other Consumer Services
CRVL,CorVel Corp. Common Stock,$70.28 ,0.07,0.10%,3550304610,United States,,26497,Finance,Specialty Insurers
EROK,EagleRock Land LLC Class A shares representing limited liability company interests,$26.97 ,0.81,3.10%,3547082803,,2026,27670,Energy,Oil & Gas Production
PLSE,Pulse Biosciences Inc Common Stock (DE),$49.62 ,1.77,3.70%,3539027759,United States,2016,133291,Health Care,Medical/Dental Instruments
FRPT,Freshpet Inc. Common Stock,$73.60 ,-0.53,-0.72%,3537074246,United States,2014,242965,Consumer Staples,Packaged Foods
GRAL,GRAIL Inc. Common Stock,$79.11 ,1.14,1.46%,3533545772,United States,,219730,Health Care,Medical Specialities
AWR,American States Water Company Common Stock,$88.98 ,-0.33,-0.37%,3526778001,United States,,30765,Utilities,Water Supply
POST,Post Holdings Inc. Common Stock,$80.16 ,1.64,2.09%,3523577489,United States,2012,174228,Consumer Staples,Packaged Foods
HGV,Hilton Grand Vacations Inc. Common Stock,$45.20 ,0.375,0.84%,3512742733,United States,2016,172399,Consumer Discretionary,Hotels/Resorts
LRN,Stride Inc. Common Stock,$84.37 ,0.3,0.36%,3506404123,United States,,85638,Real Estate,Other Consumer Services
LBTYK,Liberty Global Ltd. Class C Common Shares,$10.26 ,-0.045,-0.44%,3497852989,United Kingdom,,461591,Telecommunications,Cable & Other Pay Television Services
WT,WisdomTree Inc. Common Stock,$23.03 ,0.38,1.68%,3489323916,United States,2022,297154,Finance,Investment Bankers/Brokers/Service
HNI,HNI Corporation Common Stock,$48.18 ,0.381,0.80%,3477791306,United States,,96363,Consumer Discretionary,Office Equipment/Supplies/Services
WIX,Wix.com Ltd. Ordinary Shares,$82.80 ,0.41,0.50%,3465139511,Israel,2013,266986,Technology,Computer Software: Programming Data Processing
CWK,Cushman & Wakefield Ltd. Common Shares,$14.75 ,0.05,0.34%,3462027193,United States,2018,357479,Finance,Real Estate
VGNT,Versigent PLC Ordinary Shares,$48.84 ,2.19,4.70%,3459594343,United Kingdom,2026,204546,Consumer Discretionary,Auto Parts:O.E.M.
KEN,Kenon Holdings Ltd. Ordinary Shares,$66.30 ,1.1,1.69%,3454786721,Singapore,2015,7116,Utilities,Electric Utilities: Central
PLMR,Palomar Holdings Inc. Common stock,$131.14 ,2.27,1.76%,3451300949,United States,2019,43125,Finance,Property-Casualty Insurers
USLM,United States Lime & Minerals Inc. Common Stock,$120.21 ,0.065,0.05%,3448484674,United States,,34223,Industrials,Mining & Quarrying of Nonmetallic Minerals (No Fuels)
HIW,Highwoods Properties Inc. Common Stock,$31.24 ,-0.23,-0.73%,3445966032,United States,1994,175761,Real Estate,Real Estate Investment Trusts
NATL,NCR Atleos Corporation Common Stock,$46.58 ,-0.235,-0.50%,3441749701,United States,2023,73813,Miscellaneous,Office Equipment/Supplies/Services
GBDC,Golub Capital BDC Inc. Common Stock,$13.25 ,0.04,0.30%,3440383554,United States,2010,202452,Finance,Finance: Consumer Services
OPEN,Opendoor Technologies Inc Common Stock,$3.54 ,0.07,2.02%,3437662317,United States,,9261034,Finance,Real Estate
FFBC,First Financial Bancorp. Common Stock,$32.72 ,-0.23,-0.70%,3434583717,United States,,153154,Finance,Major Banks
ZIM,ZIM Integrated Shipping Services Ltd. Ordinary Shares,$28.46 ,1.2999,4.79%,3428447695,,2021,720141,Consumer Discretionary,Marine Transportation
APAM,Artisan Partners Asset Management Inc. Class A Common Stock,$42.26 ,0.21,0.50%,3426130992,United States,2013,61007,Finance,Investment Managers
NMIH,NMI Holdings Inc. Common Stock,$45.53 ,0.135,0.30%,3424292667,United States,2013,76457,Finance,Property-Casualty Insurers
FRSH,Freshworks Inc. Class A Common Stock,$13.12 ,0.105,0.81%,3421975925,United States,2021,930908,Technology,Computer Software: Prepackaged Software
NVTS,Navitas Semiconductor Corporation Common Stock,$13.10 ,0.13,1.00%,3420324693,United States,,6149403,Technology,Semiconductors
LION,Lionsgate Studios Corp Common Shares,$11.49 ,0.03,0.26%,3418960723,Canada,2025,505546,Consumer Discretionary,Movies/Entertainment
MNSO,MINISO Group Holding Limited American Depositary Shares each representing four Ordinary Shares,$11.04 ,-0.09,-0.81%,3415677126,China,2020,431070,Consumer Discretionary,Department/Specialty Retail Stores
BTE,Baytex Energy Corp Common Shares,$4.82 ,-0.005,-0.10%,3413295720,Canada,2023,5350501,Energy,Oil & Gas Production
DAN,Dana Incorporated Common Stock,$31.72 ,0.97,3.15%,3412332258,United States,,203504,Consumer Discretionary,Auto Parts:O.E.M.
CURB,Curbline Properties Corp. Common Stock,$29.64 ,0.17,0.58%,3409727061,United States,2024,135360,Finance,Real Estate
WRBY,Warby Parker Inc. Class A Common Stock,$27.56 ,0.1,0.36%,3406637968,United States,2021,486769,Health Care,Ophthalmic Goods
SBLK,Star Bulk Carriers Corp. Common Shares,$30.52 ,1.355,4.65%,3403342527,Greece,,1435874,Consumer Discretionary,Marine Transportation
QURE,uniQure N.V. Ordinary Shares,$49.05 ,0.16,0.33%,3402422509,Netherlands,2014,245979,Health Care,Biotechnology: Pharmaceutical Preparations
SHOO,Steven Madden Ltd. Common Stock,$46.39 ,0.675,1.48%,3394319552,United States,1993,93893,Consumer Discretionary,Shoe Manufacturing
NTRSO,Northern Trust Corporation Depositary Shares Each Representing a 1/1000th Interest in a Share of Series E Non-Cumulative Perpetual Preferred Stock,$18.55 ,0.1099,0.60%,3393809068,United States,,14036,Finance,Major Banks
VCYT,Veracyte Inc. Common Stock,$42.20 ,0.41,0.98%,3392488848,United States,2013,213427,Health Care,Medical Specialities
ARLP,Alliance Resource Partners L.P. Common Units representing Limited Partners Interests,$26.33 ,0.26,1.00%,3387586230,United States,1999,42583,Energy,Coal Mining
MGNI,Magnite Inc. Common Stock,$23.60 ,0.25,1.07%,3384810105,United States,,480328,Technology,Computer Software: Programming Data Processing
VCRE,Vicore Pharma Holding AB American Depositary Shares,$12.02 ,0.0172,0.14%,3383149356,Sweden,,515,Health Care,Biotechnology: Pharmaceutical Preparations
FULTP,Fulton Financial Corporation Depositary Shares Each Representing a 1/40th Interest in a Share of Fixed Rate Non-Cumulative Perpetual Preferred Stock Series A,$17.71 ,0.07,0.40%,3381096911,United States,,2792,Finance,Major Banks
KBH,KB Home Common Stock,$55.10 ,0.639,1.17%,3378104703,United States,1986,133053,Consumer Discretionary,Homebuilding
ABCL,AbCellera Biologics Inc. Common Shares,$11.46 ,-0.11,-0.95%,3376866997,Canada,2020,1550381,Health Care,Biotechnology: Pharmaceutical Preparations
KC,Kingsoft Cloud Holdings Limited American Depositary Shares,$11.27 ,-0.1505,-1.32%,3373746428,China,2020,336276,Technology,Computer Software: Prepackaged Software
AB,AllianceBernstein Holding L.P.  Units,$36.17 ,0.145,0.40%,3366065295,United States,,50961,Finance,Investment Managers
SII,Sprott Inc. Common Shares,$130.43 ,3.87,3.06%,3365094000,,2020,106769,Finance,Finance: Consumer Services
CXW,CoreCivic Inc. Common Stock,$33.99 ,0.48,1.43%,3361389691,United States,,835556,Real Estate,Real Estate Investment Trusts
ASH,Ashland Inc. Common Stock,$73.29 ,0.47,0.65%,3356196087,United States,,70591,Consumer Discretionary,Specialty Chemicals
CSQR,Csquare Inc. Common Stock,$20.14 ,-0.22,-1.08%,3356008438,,2026,125934,Technology,Computer Software: Programming Data Processing
SA,Seabridge Gold Inc. Common Shares New,$31.08 ,-2.19,-6.58%,3352637393,Canada,2026,1027970,Basic Materials,Precious Metals
BATRK,Atlanta Braves Holdings Inc. Series C Common Stock,$52.20 ,-0.78,-1.47%,3349564223,United States,,190728,Consumer Discretionary,Services-Misc. Amusement & Recreation
NAMS,NewAmsterdam Pharma Company N.V. Ordinary Shares,$28.00 ,0.22,0.79%,3347040732,Netherlands,,141090,Health Care,Biotechnology: Pharmaceutical Preparations
SBCF,Seacoast Banking Corporation of Florida Common Stock,$34.55 ,-0.19,-0.55%,3345227705,United States,,193041,Finance,Major Banks
BTU,Peabody Energy Corporation Common Stock,$27.44 ,0.58,2.16%,3344936000,United States,2017,574472,Energy,Coal Mining
UCTT,Ultra Clean Holdings Inc. Common Stock,$73.88 ,0.865,1.19%,3344840517,United States,2004,265081,Technology,Semiconductors
EXPO,Exponent Inc. Common Stock,$70.18 ,0.8,1.15%,3336784175,United States,,68772,Consumer Discretionary,Professional Services
NAN,Nuveen New York Quality Municipal Income Fund Common Stock,$11.00 ,-0.04,-0.36%,3325473800,United States,1999,23294,Finance,Investment Managers
CBU,Community Financial System Inc. Common Stock,$63.20 ,0.065,0.10%,3325062116,United States,,43188,Finance,Major Banks
FSK,FS KKR Capital Corp. Common Stock,$11.99 ,0.08,0.67%,3313319957,United States,2014,343890,Finance,Investment Managers
CSQ,Calamos Strategic Total Return Common Stock,$20.85 ,0.17,0.82%,3312806919,United States,2004,235714,Finance,Finance Companies
LPL,LG Display Co Ltd AMERICAN DEPOSITORY SHARES,$3.31 ,-0.02,-0.60%,3310000000,South Korea,2004,102433,Technology,Industrial Machinery/Components
SFNC,Simmons First National Corporation Class A Common Stock,$22.90 ,-0.08,-0.35%,3309365768,United States,,222572,Finance,Major Banks
CARG,CarGurus Inc. Class A Common Stock,$36.94 ,0.05,0.14%,3290374277,United States,2017,113012,Technology,EDP Services
TGB,Trekor Metals Limited Common Shares,$8.98 ,0.29,3.34%,3286889396,Canada,,4109294,Basic Materials,Precious Metals
BKU,BankUnited Inc. Common Stock,$46.12 ,-0.09,-0.20%,3285231324,United States,2011,86096,Finance,Savings Institutions
DTB,DTE Energy Company 2020 Series G 4.375% Junior Subordinated Debentures due 2080,$15.78 ,-0.19,-1.19%,3283629729,United States,2020,9077,Utilities,Electric Utilities: Central
IMNM,Immunome Inc. Common Stock,$28.90 ,0.8169,2.91%,3282041387,United States,2020,248010,Health Care,Biotechnology: Pharmaceutical Preparations
AGO,Assured Guaranty Ltd. Common Stock,$74.50 ,0.22,0.30%,3276450996,Bermuda,2004,85090,Finance,Property-Casualty Insurers
ATRO,Astronics Corporation Common Stock,$76.14 ,0.08,0.11%,3274710133,United States,,120928,Industrials,Military/Government/Technical
AAUC,Allied Gold Corporation Common Shares,$23.50 ,0.575,2.51%,3273978746,,2025,175989,,
AAMI,Acadian Asset Management Inc. Common Stock,$92.24 ,1.39,1.53%,3273609407,United Kingdom,2014,54185,Finance,Investment Managers
AEHR,Aehr Test Systems Common Stock,$100.23 ,-5.745,-5.42%,3269384601,United States,1997,1098452,Industrials,Electrical Products
DHT,DHT Holdings Inc.,$20.30 ,0.495,2.50%,3268340023,Jersey,2005,2532017,Consumer Discretionary,Marine Transportation
OSIS,OSI Systems Inc. Common Stock (DE),$197.78 ,-20.31,-9.31%,3259985984,United States,1997,680654,Technology,Semiconductors
NESR,National Energy Services Reunited Corp Ordinary Shares,$32.32 ,-0.405,-1.24%,3259024431,United States,,382335,Energy,Oilfield Services/Equipment
PLUG,Plug Power Inc. Common Stock,$2.33 ,0.13,5.91%,3255464998,United States,1999,29227168,Energy,Industrial Machinery/Components
TMDX,TransMedics Group Inc. Common Stock,$93.88 ,3.03,3.34%,3255302613,United States,2019,204366,Health Care,Biotechnology: Electromedical & Electrotherapeutic Apparatus
TRMD,TORM plc Class A Common Stock,$32.10 ,1.04,3.35%,3252779895,United Kingdom,,237623,Consumer Discretionary,Marine Transportation
CPK,Chesapeake Utilities Corporation Common Stock,$134.91 ,-2.67,-1.94%,3252201844,United States,,36332,Utilities,Oil & Gas Production
DTG,DTE Energy Company 2021 Series E 4.375% Junior Subordinated Debentures,$15.62 ,-0.29,-1.82%,3250335638,United States,2021,24839,Utilities,Electric Utilities: Central
DX,Dynex Capital Inc. Common Stock,$13.09 ,-0.16,-1.21%,3248504944,United States,,1842874,Real Estate,Real Estate Investment Trusts
AGYS,Agilysys Inc. Common Stock (DE),$115.10 ,1.72,1.52%,3246486199,United States,,71879,Technology,EDP Services
SOUN,SoundHound AI Inc Class A Common Stock,$7.29 ,0.3201,4.59%,3237605174,United States,,9890366,Technology,Computer Software: Prepackaged Software
TNK,Teekay Tankers Ltd.,$93.29 ,2.17,2.38%,3231925513,Bermuda,2007,153102,Consumer Discretionary,Marine Transportation
CLDX,Celldex Therapeutics Inc.,$41.14 ,1.2,3.01%,3230704946,United States,,359287,Health Care,Biotechnology: In Vitro & In Vivo Diagnostic Substances
XNDU,Xanadu Quantum Technologies Limited Class B Subordinate Voting Shares,$10.62 ,0.505,5.00%,3229338015,Canada,,451905,Technology,Computer Manufacturing
AMBA,Ambarella Inc. Ordinary Shares,$73.60 ,1.15,1.59%,3228698416,United States,2012,277685,Technology,Semiconductors
PPTA,Perpetua Resources Corp. Common Shares,$25.77 ,0.715,2.85%,3223093364,Canada,,770894,Basic Materials,Precious Metals
MBX,MBX Biosciences Inc. Common Stock,$66.90 ,0.55,0.83%,3221910422,United States,2024,96943,Health Care,Biotechnology: Pharmaceutical Preparations
YETI,YETI Holdings Inc. Common Stock,$44.07 ,0.07,0.16%,3216616240,United States,2018,561511,Consumer Discretionary,Recreational Games/Products/Toys
EXK,Endeavour Silver Corporation Ordinary Shares (Canada),$10.86 ,-0.115,-1.05%,3213826846,Canada,,4375290,Basic Materials,Precious Metals
SHAK,Shake Shack Inc. Class A Common Stock,$75.05 ,1.2,1.63%,3212060297,United States,2015,203696,Consumer Discretionary,Restaurants
FHB,First Hawaiian Inc. Common Stock,$26.37 ,-0.245,-0.92%,3208109915,United States,2016,414204,Finance,Major Banks
TNET,TriNet Group Inc. Common Stock,$69.88 ,1.175,1.71%,3207593568,United States,2014,108794,Consumer Discretionary,Business Services
SIG,Signet Jewelers Limited Common Shares,$81.49 ,0.465,0.57%,3204787368,Bermuda,,123104,Consumer Discretionary,Consumer Specialties
TARS,Tarsus Pharmaceuticals Inc. Common Stock,$72.86 ,1.37,1.92%,3197315089,United States,2020,158916,Health Care,Biotechnology: Biological Products (No Diagnostic Substances)
FUL,H. B. Fuller Company Common Stock,$59.39 ,0.23,0.39%,3194434339,United States,,55820,Industrials,Home Furnishings
HTGC,Hercules Capital Inc. Common Stock,$17.05 ,0.015,0.09%,3190210380,United States,2012,365773,Finance,Investment Managers
PK,Park Hotels & Resorts Inc. Common Stock,$15.83 ,0.005,0.03%,3186179072,United States,2016,724913,Consumer Discretionary,Hotels/Resorts
AMBP,Ardagh Metal Packaging S.A. Ordinary Shares,$5.33 ,0.075,1.43%,3182750295,,,760206,Industrials,Containers/Packaging
LFTO,Liftoff Mobile Inc. Common Stock,$18.78 ,0.42,2.29%,3180046077,United States,2026,201257,Technology,EDP Services
RWTN,Redwood Trust Inc. 9.125% Senior Notes Due 2029,$24.60 ,-0.1,-0.41%,3178897214,United States,2024,1951,Real Estate,Real Estate Investment Trusts
RWTO,Redwood Trust Inc. 9.00% Senior Notes Due 2029,$24.54 ,-0.06,-0.24%,3171143807,United States,2024,4171,Real Estate,Real Estate Investment Trusts
AVA,Avista Corporation Common Stock,$37.80 ,-0.43,-1.13%,3165856974,United States,,361570,Utilities,Power Generation
ATKR,Atkore Inc. Common Stock,$93.60 ,0.11,0.12%,3161110680,United States,2016,194670,Miscellaneous,Industrial Machinery/Components
GPI,Group 1 Automotive Inc. Common Stock,$264.96 ,1.14,0.43%,3158912736,United States,1997,52175,Consumer Discretionary,Retail-Auto Dealers and Gas Stations
DNN,Denison Mines Corp Ordinary Shares (Canada),$3.49 ,0.345,10.99%,3154678203,Canada,,23329525,Basic Materials,Other Metals and Minerals
EROC,ERock Inc. Class A Common Stock,$14.37 ,1.355,10.42%,3151682149,,2026,1505298,Energy,Industrial Machinery/Components
BSM,Black Stone Minerals L.P. Common units representing limited partner interests,$14.81 ,0.04,0.27%,3150243557,United States,2015,86211,Energy,Oil & Gas Production
VTMX,Corporacion Inmobiliaria Vesta S.A.B de C.V. American Depositary Shares each representing ten (10) Common Shares,$35.58 ,1.08,3.13%,3147002754,,2023,23942,Finance,Real Estate
WING,Wingstop Inc. Common Stock,$115.20 ,1.57,1.38%,3138341299,United States,2015,277712,Consumer Discretionary,Restaurants
LBRT,Liberty Energy Inc. Class A common stock,$19.22 ,-0.02,-0.10%,3136539016,United States,2018,698547,Energy,Oilfield Services/Equipment
ARQT,Arcutis Biotherapeutics Inc. Common Stock,$24.94 ,-0.41,-1.62%,3134757507,United States,2020,471307,Health Care,Biotechnology: Pharmaceutical Preparations
INFQ,Infleqtion Inc. Common Stock,$13.89 ,1.34,10.68%,3130209452,,2026,6549868,Technology,EDP Services
HAYW,Hayward Holdings Inc. Common Stock,$14.75 ,0.025,0.17%,3127703237,United States,2021,226685,Industrials,Industrial Machinery/Components
INTA,Intapp Inc. Common Stock,$40.83 ,0.66,1.64%,3123950173,United States,2021,242450,Technology,Computer Software: Prepackaged Software
IOND,Ionic Digital Inc. Class A Common Stock,$69.49 ,0.715,1.04%,3121365355,United States,,152343,Finance,Finance: Consumer Services
MZTI,The Marzetti Company Common Stock,$113.79 ,0.9,0.80%,3120349380,United States,,71404,Consumer Staples,Packaged Foods
BELFA,Bel Fuse Inc. Class A Common Stock,$215.80 ,-2.52,-1.15%,3116033310,United States,,63386,,
IPGP,IPG Photonics Corporation Common Stock,$73.21 ,-1.22,-1.64%,3113953600,United States,2006,290766,Technology,Semiconductors
FGN,F&G Annuities & Life Inc. 7.950% Senior Notes due 2053,$24.62 ,-0.09,-0.36%,3104546252,United States,2023,887,Finance,Life Insurance
BEAM,Beam Therapeutics Inc. Common Stock,$30.04 ,1.65,5.81%,3102761457,United States,2020,1248255,Health Care,Biotechnology: Biological Products (No Diagnostic Substances)
GRBK,Green Brick Partners Inc. Common Stock,$71.97 ,1.1,1.55%,3095479791,United States,2021,175202,Consumer Discretionary,Homebuilding
COLM,Columbia Sportswear Company Common Stock,$60.42 ,0.98,1.65%,3093092781,United States,1998,90737,Consumer Discretionary,Apparel
TR,Tootsie Roll Industries Inc. Common Stock,$41.20 ,-0.47,-1.13%,3092951898,United States,,28980,Consumer Staples,Specialty Foods
ARCB,ArcBest Corporation Common Stock,$138.34 ,2.45,1.80%,3092086312,United States,,74464,Industrials,Trucking Freight/Courier Services
GPOR,Gulfport Energy Corporation Common Shares,$174.52 ,0.165,0.10%,3086099875,United States,2021,42261,Energy,Oil & Gas Production
NN,NextNav Inc. Common Stock,$18.25 ,0.92,5.31%,3080780858,United States,,782814,Industrials,Industrial Machinery/Components
POWI,Power Integrations Inc. Common Stock,$55.11 ,0.265,0.48%,3078898086,United States,1997,194291,Technology,Semiconductors
CWT,California Water Service Group Common Stock,$49.76 ,-0.26,-0.52%,3077113666,United States,,66476,Utilities,Water Supply
REZI,Resideo Technologies Inc. Common Stock,$20.26 ,0.23,1.15%,3076427878,United States,2018,369446,Industrials,Wholesale Distributors
PFS,Provident Financial Services Inc Common Stock,$23.58 ,-0.115,-0.49%,3074713219,United States,2003,182198,Finance,Savings Institutions
CLSK,CleanSpark Inc. Common Stock,$11.97 ,-0.6301,-5.00%,3074074682,United States,,15224860,Finance,Finance: Consumer Services
AD,Array Digital Infrastructure Inc. Common Shares,$35.51 ,-0.03,-0.08%,3071615000,United States,1988,19858,Telecommunications,Telecommunications Equipment
SLNHP,Soluna Holdings Inc 9.0% Series A Cumulative Perpetual Preferred Stock,$12.53 ,0.0243,0.19%,3065771644,United States,,6925,Technology,EDP Services
MMS,Maximus Inc. Common Stock,$58.29 ,0.53,0.92%,3051934005,United States,1997,63908,Consumer Discretionary,Business Services
BOH,Bank of Hawaii Corporation Common Stock,$77.36 ,-0.23,-0.30%,3051882635,United States,,67899,Finance,Major Banks
BHF,Brighthouse Financial Inc. Common Stock,$53.03 ,-0.19,-0.36%,3049838186,United States,,147208,Finance,Life Insurance
FIZZ,National Beverage Corp. Common Stock,$32.44 ,0.23,0.71%,3036776589,United States,,67783,Consumer Staples,Beverages (Production/Distribution)
RDW,Redwire Corporation Common Stock,$12.14 ,0.365,3.10%,3033660310,United States,2021,4485397,Industrials,Military/Government/Technical
IRON,Disc Medicine Inc. Common Stock,$78.93 ,0.09,0.11%,3030347177,United States,,120956,Health Care,Biotechnology: Pharmaceutical Preparations
BTDR,Bitdeer Technologies Group Class A Ordinary Shares,$11.14 ,0.705,6.76%,3026295298,Singapore,,14820979,Finance,Finance: Consumer Services
KYIV,Kyivstar Group Ltd. Common Shares,$13.05 ,0.23,1.79%,3012770293,United Arab Emirates,,51204,Telecommunications,Telecommunications Equipment
FG,F&G Annuities & Life Inc. Common Stock,$22.90 ,0.26,1.15%,2998416286,United States,2022,102361,Finance,Life Insurance
MGEE,MGE Energy Inc,$79.20 ,-1.28,-1.59%,2992493750,United States,,31008,Energy,Electric Utilities: Central
CBZ,CBIZ Inc. Common Stock,$55.05 ,0.035,0.06%,2986955220,United States,,260910,Consumer Discretionary,Business Services
DBRG,DigitalBridge Group Inc.,$15.93 ,0.02,0.13%,2986799826,United States,2014,1465499,Real Estate,Real Estate Investment Trusts
SLS,SELLAS Life Sciences Group Inc. Common Stock,$14.75 ,1.3474,10.06%,2978174149,United States,,4607238,Health Care,Biotechnology: Pharmaceutical Preparations
ALMS,Alumis Inc. Common Stock,$23.01 ,0.145,0.63%,2977657673,United States,2024,248306,Health Care,Biotechnology: Pharmaceutical Preparations
BBAR,Banco BBVA Argentina S.A. ADS,$14.55 ,0.47,3.34%,2971643883,Argentina,,360253,Finance,Commercial Banks
RH,RH Common Stock,$157.04 ,0.63,0.40%,2968208172,United States,2012,163027,Consumer Discretionary,Other Specialty Stores
SDRL,Seadrill Limited Common Shares,$47.43 ,-0.46,-0.96%,2966340641,Bermuda,2022,113585,Energy,Oil & Gas Production
BANC,Banc of California Inc. Common Stock,$18.74 ,0.085,0.46%,2959203161,United States,,414230,Finance,Major Banks
HOG,Harley-Davidson Inc. Common Stock,$28.28 ,0.65,2.35%,2943170498,United States,,381183,Consumer Discretionary,Motor Vehicles
DXPE,DXP Enterprises Inc. Common Stock,$189.55 ,1.97,1.05%,2941275403,United States,,38927,Industrials,Industrial Machinery/Components
ZLAB,Zai Lab Limited American Depositary Shares,$26.14 ,0.12,0.46%,2934639200,China,2017,318941,Health Care,Biotechnology: Pharmaceutical Preparations
FBK,FB Financial Corporation Common Stock,$58.52 ,-0.02,-0.03%,2924720636,United States,2016,49135,Finance,Major Banks
EXTR,Extreme Networks Inc. Common Stock,$22.30 ,-0.02,-0.09%,2909941562,United States,1999,260734,Telecommunications,Computer Communications Equipment
TALO,Talos Energy Inc. Common Stock,$17.42 ,-0.33,-1.86%,2908538453,United States,2018,439063,Energy,Oil & Gas Production
UNFI,United Natural Foods Inc. Common Stock,$48.04 ,1.275,2.73%,2907036890,United States,2019,72426,Consumer Discretionary,Food Distributors
ADEA,Adeia Inc. Common Stock,$26.34 ,-0.62,-2.30%,2904779151,United States,2003,151775,Telecommunications,Cable & Other Pay Television Services
UPST,Upstart Holdings Inc. Common stock,$29.83 ,0.97,3.36%,2902848162,United States,2020,1811249,Finance,Finance: Consumer Services
NOG,Northern Oil and Gas Inc. Common Stock,$27.23 ,0.32,1.19%,2901332755,United States,2022,1246751,Energy,Oil & Gas Production
HG,Hamilton Insurance Group Ltd. Class B Common Shares,$34.84 ,0.071,0.20%,2899145288,Bermuda,2023,42993,Finance,Property-Casualty Insurers
MAN,ManpowerGroup Common Stock,$62.33 ,1.59,2.62%,2898692178,United States,,200635,Consumer Discretionary,Professional Services
SPSC,SPS Commerce Inc. Common Stock,$80.43 ,1,1.26%,2895493995,United States,2010,75955,Technology,Computer Software: Prepackaged Software
IMAX,Imax Corporation Common Stock,$52.76 ,0.015,0.03%,2893195724,Canada,,156627,Consumer Discretionary,Industrial Machinery/Components
NMRK,Newmark Group Inc. Class A Common Stock,$15.93 ,-0.05,-0.31%,2886972028,United States,2017,234433,Finance,Real Estate
BCC,Boise Cascade L.L.C. Common Stock,$82.73 ,0.96,1.17%,2886561468,United States,2013,55816,Consumer Discretionary,RETAIL: Building Materials
VECO,Veeco Instruments Inc. Common Stock,$47.13 ,-0.07,-0.15%,2881039933,United States,1994,91659,Technology,Industrial Machinery/Components
WDFC,WD-40 Company Common Stock,$214.13 ,2.21,1.04%,2873859286,United States,1973,27910,Industrials,Major Chemicals
AVAH,Aveanna Healthcare Holdings Inc. Common Stock,$13.15 ,0.18,1.39%,2869589002,United States,2021,4249547,Health Care,Medical/Nursing Services
AKR,Acadia Realty Trust Common Stock,$20.88 ,-0.15,-0.71%,2867507235,United States,,113375,Real Estate,Real Estate Investment Trusts
DKL,Delek Logistics Partners L.P. Common Units representing Limited Partner Interests,$53.89 ,0.18,0.34%,2866802551,United States,2012,26959,Energy,Natural Gas Distribution
VC,Visteon Corporation Common Stock,$106.87 ,1.53,1.45%,2852940497,United States,,53168,Consumer Discretionary,Auto Parts:O.E.M.
KN,Knowles Corporation Common Stock,$33.34 ,-0.67,-1.97%,2847580269,United States,2014,212820,Consumer Staples,Consumer Electronics/Appliances
DCO,Ducommun Incorporated Common Stock,$188.50 ,-0.58,-0.31%,2846308342,United States,,53346,Industrials,Military/Government/Technical
CXT,Crane NXT Co. Common Stock,$49.43 ,-0.03,-0.06%,2845255257,United States,,47465,Industrials,Metal Fabrications
KWR,Quaker Houghton Common Stock,$165.30 ,0.47,0.29%,2844433141,United States,,73471,Industrials,Major Chemicals
ALRM,Alarm.com Holdings Inc. Common Stock,$57.89 ,0.83,1.46%,2841833299,United States,2015,75178,Technology,Computer Software: Prepackaged Software
MGRC,McGrath RentCorp Common Stock,$116.27 ,-0.1673,-0.14%,2840037786,United States,1984,16070,Consumer Discretionary,Diversified Commercial Services
CALY,Callaway Golf Company Common Stock,$15.89 ,0.1,0.63%,2836532179,United States,,281841,Consumer Discretionary,Recreational Games/Products/Toys
ASO,Academy Sports and Outdoors Inc. Common Stock,$45.65 ,-0.005,-0.01%,2830828544,United States,2020,312865,Consumer Discretionary,Other Specialty Stores
CLBT,Cellebrite DI Ltd. Ordinary Shares,$11.35 ,0.035,0.31%,2829894724,Israel,,994971,Technology,Computer Software: Prepackaged Software
BKD,Brookdale Senior Living Inc. Common Stock,$11.85 ,0.035,0.30%,2828790350,United States,2005,906490,Health Care,Hospital/Nursing Management
PPLI,People Incorporated Common Stock,$37.97 ,0.345,0.92%,2827022913,United States,,174364,Technology,Computer Software: Programming Data Processing
POWWP,Outdoor Holding Company 8.75% Series A Cumulative Redeemable Perpetual Preferred Stock,$24.36 ,0,0.00%,2825554020,United States,,91,Industrials,Ordnance And Accessories
NRIX,Nurix Therapeutics Inc. Common stock,$27.18 ,0.13,0.48%,2820786144,United States,2020,449982,Health Care,Biotechnology: Pharmaceutical Preparations
DNOW,DNOW Inc. Common Stock,$15.59 ,0.05,0.32%,2818452041,United States,2014,484973,Consumer Discretionary,Oil and Gas Field Machinery
OUST,Ouster Inc. Common Stock,$39.08 ,1.13,2.98%,2818149974,United States,,992215,Industrials,Industrial Machinery/Components
KD,Kyndryl Holdings Inc. Common Stock,$12.94 ,0.625,5.08%,2817479232,United States,2021,1522332,Technology,EDP Services
DGII,Digi International Inc. Common Stock,$74.14 ,0.53,0.72%,2813473839,United States,1989,65859,Telecommunications,Computer Communications Equipment
AVPT,AvePoint Inc. Class A Common Stock,$13.28 ,0.152,1.16%,2810011988,United States,2019,326488,Technology,Computer Software: Prepackaged Software
FTAIM,FTAI Aviation Ltd. 9.500% Fixed-Rate Reset Series D Cumulative Perpetual Redeemable Preferred Shares,$27.32 ,-0.1201,-0.44%,2806460991,United States,,195,Industrials,Misc Corporate Leasing Services
SVM,Silvercorp Metals Inc. Common Shares,$12.68 ,0.035,0.28%,2803789967,Canada,,1017180,Basic Materials,Precious Metals
IHS,IHS Holding Limited Ordinary Shares,$8.36 ,-0.005,-0.06%,2803279810,Cayman Islands,2021,175751,Telecommunications,Telecommunications Equipment
TOWN,TowneBank Common Stock,$37.53 ,0.04,0.11%,2800388395,United States,,238305,Finance,Major Banks
RLX,RLX Technology Inc. American Depositary Shares each representing the right to receive one (1) Class A ordinary share,$1.81 ,-0.005,-0.28%,2795837254,Cayman Islands,2021,666025,Health Care,Medicinal Chemicals and Botanical Products
TTAM,Titan America SA Common Shares,$15.14 ,0.19,1.27%,2791247720,United States,2025,108137,Industrials,Mining & Quarrying of Nonmetallic Minerals (No Fuels)
WOR,Worthington Enterprises Inc. Common Shares,$57.04 ,0.65,1.15%,2790783759,United States,,45349,Industrials,Steel/Iron Ore
BKV,BKV Corporation Common Stock,$25.49 ,-0.61,-2.34%,2789570287,United States,2024,273087,Energy,Oil & Gas Production
GCMG,GCM Grosvenor Inc. Class A Common Stock,$13.71 ,0.24,1.78%,2780279691,United States,,52632,Finance,Investment Managers
VRDN,Viridian Therapeutics Inc. Common Stock,$24.44 ,-0.06,-0.25%,2768863054,United States,2014,222167,Health Care,Biotechnology: Pharmaceutical Preparations
NTCT,NetScout Systems Inc. Common Stock,$38.08 ,0.04,0.11%,2768694441,United States,1999,117827,Technology,EDP Services
FCPT,Four Corners Property Trust Inc. Common Stock,$25.22 ,-0.16,-0.63%,2768056559,United States,2015,121478,Real Estate,Real Estate Investment Trusts
CENT,Central Garden & Pet Company Common Stock,$44.10 ,0.13,0.30%,2760333572,United States,1993,49742,Consumer Discretionary,Consumer Specialties
ATAI,AtaiBeckley Inc. Common Stock,$7.44 ,0.015,0.20%,2757378814,Germany,2008,1705396,Health Care,Biotechnology: Pharmaceutical Preparations
ABM,ABM Industries Incorporated Common Stock,$47.04 ,-0.06,-0.13%,2755646618,United States,,64955,Consumer Discretionary,Diversified Commercial Services
SPNT,SiriusPoint Ltd. Common Shares,$23.71 ,0.105,0.45%,2753691704,Bermuda,2013,107557,Finance,Property-Casualty Insurers
LIME,Neutron Holdings Inc. Common Stock,$42.30 ,0.27,0.64%,2748831237,United States,2026,178461,Technology,Computer Software: Prepackaged Software
PATK,Patrick Industries Inc. Common Stock,$85.53 ,0.045,0.05%,2746914529,United States,,130390,Consumer Discretionary,Auto Parts:O.E.M.
GRND,Grindr Inc. Common Stock,$15.77 ,0.11,0.70%,2741151288,Singapore,2021,204989,Technology,Computer Software: Programming Data Processing
DAC,Danaos Corporation Common Stock,$150.55 ,1.85,1.24%,2740533161,Greece,2006,36053,Consumer Discretionary,Marine Transportation
GDV,Gabelli Dividend & Income Trust Common Shares of Beneficial Interest,$30.37 ,0.225,0.75%,2738573529,United States,2003,42622,Finance,Investment Managers
TBBK,The Bancorp Inc Common Stock,$67.04 ,0.13,0.19%,2734347675,United States,2004,74334,Finance,Major Banks
SUPN,Supernus Pharmaceuticals Inc. Common Stock,$47.04 ,-0.41,-0.86%,2734294692,United States,2012,168113,Health Care,Biotechnology: Pharmaceutical Preparations
ARR,ARMOUR Residential REIT Inc.,$16.36 ,0.04,0.25%,2733713431,United States,,606514,Real Estate,Real Estate Investment Trusts
ALHC,Alignment Healthcare Inc. Common Stock,$13.17 ,0.235,1.82%,2730883737,United States,2021,598093,Health Care,Medical Specialities
WTTR,Select Water Solutions Inc. Class A common stock,$19.66 ,-0.3,-1.50%,2722533177,United States,2017,406709,Energy,Oilfield Services/Equipment
AEO,American Eagle Outfitters Inc. Common Stock,$16.25 ,0.245,1.53%,2722228795,United States,,842879,Consumer Discretionary,Clothing/Shoe/Accessory Stores
APPN,Appian Corporation Class A Common Stock,$37.92 ,0.64,1.72%,2716118478,United States,2017,184560,Technology,Computer Software: Prepackaged Software
CSAN,Cosan S.A. ADS,$2.74 ,0.195,7.68%,2712142875,Brazil,2021,677378,Consumer Discretionary,Retail-Auto Dealers and Gas Stations
WHR,Whirlpool Corporation Common Stock,$41.46 ,0.99,2.45%,2703166212,United States,,511326,Consumer Discretionary,Consumer Electronics/Appliances
CHTRP,Charter Communications Inc. Series A Cumulative Redeemable Preferred Stock,$22.66 ,0.5749,2.60%,2702231581,United States,,8705,Telecommunications,Cable & Other Pay Television Services
PRVA,Privia Health Group Inc. Common Stock,$21.16 ,-0.045,-0.21%,2702217149,United States,2021,125448,Health Care,Medical/Nursing Services
SIND,Sinda Ltd. Common Stock,$17.00 ,1.15,7.26%,2699445045,,2026,152338,Basic Materials,Precious Metals
UE,Urban Edge Properties Common Shares of Beneficial Interest,$21.38 ,-0.1502,-0.70%,2699081434,United States,2015,160760,Finance,Real Estate
LASR,nLIGHT Inc. Common Stock,$46.69 ,-0.505,-1.07%,2693266847,United States,2018,405598,Technology,Semiconductors
RGC,Regencell Bioscience Holdings Limited Ordinary Shares,$5.44 ,-0.005,-0.09%,2687547215,Hong Kong,2021,71106,Health Care,Medicinal Chemicals and Botanical Products
CUBI,Customers Bancorp Inc Common Stock,$79.55 ,-0.02,-0.03%,2687501210,United States,,41288,Finance,Major Banks
NBTB,NBT Bancorp Inc. Common Stock,$51.72 ,-0.16,-0.31%,2687374355,United States,,42876,Finance,Major Banks
TRMK,Trustmark Corporation Common Stock,$46.25 ,-0.335,-0.72%,2685473833,United States,,54052,Finance,Major Banks
NMFCZ,New Mountain Finance Corporation 8.250% Notes due 2028,$25.23 ,0.005,0.02%,2682955241,United States,,4945,,
HTO,H2O America Common Stock,$64.06 ,-0.19,-0.30%,2681346864,United States,,65237,Utilities,Water Supply
WAFD,WaFd Inc. Common Stock,$36.17 ,-0.21,-0.58%,2676407758,United States,,102262,Finance,Major Banks
ZIONP,Zions Bancorporation N.A. Depositary Shares (Each representing 1/40th Interest in a Share of Series A Floating-Rate Non-Cumulative Perpetual Preferred Stock),$18.30 ,0.0637,0.35%,2670216630,United States,,1130,Finance,Major Banks
BVC,BitVentures Limited Ordinary Shares,$15.88 ,2.46,18.33%,2667840000,China,2021,6363,Finance,Investment Managers
OSW,OneSpaWorld Holdings Limited Common Shares,$26.26 ,0.18,0.69%,2665356177,Bahamas,,115170,Consumer Discretionary,Hotels/Resorts
PHIN,PHINIA Inc. Common Stock,$72.69 ,1.055,1.47%,2663039426,United States,2023,70919,Consumer Discretionary,Auto Parts:O.E.M.
AXGN,Axogen Inc. Common Stock,$49.52 ,3.075,6.62%,2662001316,United States,,455696,Health Care,Biotechnology: Electromedical & Electrotherapeutic Apparatus
FBNC,First Bancorp Common Stock,$64.33 ,0.09,0.14%,2661603637,United States,1987,41237,Finance,Major Banks
SLDE,Slide Insurance Holdings Inc. Common Stock,$22.78 ,0.26,1.16%,2660970959,United States,2025,273953,Finance,Property-Casualty Insurers
WLYB,John Wiley & Sons Inc. Common Stock,$52.18 ,-1.01,-1.90%,2648844126,United States,,126,Consumer Discretionary,Books
PENG,Penguin Solutions Inc. Common Stock,$51.68 ,0.535,1.05%,2647966471,United States,2017,355998,Technology,Semiconductors
AADX,Applied Aerospace & Defense Inc. Common Stock,$15.29 ,-0.21,-1.36%,2635896890,,2026,408971,Industrials,Military/Government/Technical
DRD,DRDGOLD Limited American Depositary Shares,$30.48 ,0.97,3.29%,2635266388,South Africa,,292381,Basic Materials,Precious Metals
BBT,Beacon Financial Corporation Common stock,$31.44 ,-0.14,-0.44%,2635177744,United States,,118612,Finance,Banks
WLY,John Wiley & Sons Inc. Common Stock,$51.82 ,-0.26,-0.50%,2630569234,United States,,74646,Consumer Discretionary,Books
FRME,First Merchants Corporation Common Stock,$41.85 ,-0.09,-0.22%,2628239553,United States,,83269,Finance,Major Banks
STUB,StubHub Holdings Inc. Class A Common Stock,$6.88 ,0.045,0.66%,2626868516,United States,2025,1905366,Consumer Discretionary,Services-Misc. Amusement & Recreation
HURN,Huron Consulting Group Inc. Common Stock,$164.54 ,2.09,1.29%,2617843247,United States,2004,70881,Consumer Discretionary,Professional Services
SSMR,Sunshine Silver Mining & Refining Company Common Stock,$18.20 ,0.75,4.30%,2615824175,,2026,266409,Basic Materials,Precious Metals
TDC,Teradata Corporation Common Stock,$28.04 ,0.465,1.69%,2607255000,United States,,415700,Technology,Computer Software: Prepackaged Software
RARE,Ultragenyx Pharmaceutical Inc. Common Stock,$26.43 ,1.11,4.38%,2605703913,United States,2014,974069,Health Care,Biotechnology: Pharmaceutical Preparations
NMM,Navios Maritime Partners LP Common Units Representing Limited Partner Interests,$89.24 ,3.92,4.59%,2602979717,Greece,2007,114434,Consumer Discretionary,Marine Transportation
EEFT,Euronet Worldwide Inc. Common Stock,$69.51 ,0.13,0.19%,2599923888,United States,1997,98645,Finance,Investment Bankers/Brokers/Service
DRH,Diamondrock Hospitality Company Common Stock,$12.71 ,-0.065,-0.51%,2599515177,United States,2005,345612,Real Estate,Real Estate Investment Trusts
MFAO,MFA Financial Inc. 9.000% Senior Notes due 2029,$25.28 ,0.075,0.30%,2594951443,United States,2024,1966,Real Estate,Real Estate Investment Trusts
BHE,Benchmark Electronics Inc. Common Stock,$72.20 ,-1.16,-1.58%,2593419163,United States,,66850,Technology,Electrical Products
TRVI,Trevi Therapeutics Inc. Common Stock,$18.16 ,-0.09,-0.49%,2587361273,United States,2019,227772,Health Care,Biotechnology: Pharmaceutical Preparations
MFAN,MFA Financial Inc. 8.875% Senior Notes due 2029,$25.20 ,0.06,0.24%,2587251290,United States,2024,2238,Real Estate,Real Estate Investment Trusts
VISN,Vistance Networks Inc. Common Stock,$11.22 ,-0.095,-0.84%,2586475211,United States,2013,1258718,Technology,Radio And Television Broadcasting And Communications Equipment
AMR,Alpha Metallurgical Resources Inc. Common Stock,$203.89 ,9.585,4.93%,2585067090,United States,2018,205707,Energy,Coal Mining
PGEN,Precigen Inc. Common Stock,$7.20 ,-0.24,-3.23%,2577853778,United States,,1542956,Health Care,Biotechnology: Pharmaceutical Preparations
GSHD,Goosehead Insurance Inc. Class A Common Stock,$72.35 ,1.65,2.33%,2569575727,United States,2018,74046,Finance,Specialty Insurers
IVT,InvenTrust Properties Corp. Common Stock,$32.90 ,-0.29,-0.87%,2565490380,United States,2021,75661,Real Estate,Real Estate Investment Trusts
NEOG,Neogen Corporation Common Stock,$11.77 ,-0.065,-0.55%,2565429028,United States,1989,333405,Health Care,Biotechnology: In Vitro & In Vivo Diagnostic Substances
NKTR,Nektar Therapeutics  Common Stock,$75.11 ,0.575,0.77%,2564309564,United States,,192142,Health Care,Biotechnology: Pharmaceutical Preparations
ECO,Okeanis Eco Tankers Corp. Common Stock,$65.55 ,1.445,2.25%,2559181912,,,189029,Consumer Discretionary,Marine Transportation
EMAT,Evolution Metals & Technologies Corp. Common Stock,$4.11 ,0.78,23.42%,2555600655,United States,,1856739,Miscellaneous,Industrial Machinery/Components
ATHM,Autohome Inc. American Depositary Shares each representing four class A ordinary shares.,$22.17 ,0.045,0.20%,2552763242,China,2013,262457,Technology,EDP Services
AAP,Advance Auto Parts Inc.,$42.22 ,-0.17,-0.40%,2549442414,United States,,1645263,Consumer Discretionary,Auto & Home Supply Stores
PHVS,Pharvaris N.V. Ordinary Shares,$36.56 ,0.17,0.47%,2547005522,Netherlands,2021,119762,Health Care,Biotechnology: Pharmaceutical Preparations
ACHC,Acadia Healthcare Company Inc. Common Stock,$27.34 ,0.365,1.35%,2544896017,United States,,216457,Health Care,Medical Specialities
NWL,Newell Brands Inc. Common Stock,$5.98 ,0.185,3.20%,2544752500,United States,,1309525,Industrials,Plastic Products
LCII,LCI Industries,$104.62 ,-0.82,-0.78%,2543469862,United States,1995,45492,Consumer Discretionary,Auto Parts:O.E.M.
BHC,Bausch Health Companies Inc. Common Stock,$6.80 ,-0.015,-0.22%,2541265862,Canada,,483458,Health Care,Biotechnology: Pharmaceutical Preparations
SYBT,Stock Yards Bancorp Inc. Common Stock,$81.72 ,-0.33,-0.40%,2538766066,United States,,41852,Finance,Major Banks
COHU,Cohu Inc. Common Stock,$53.59 ,-0.52,-0.96%,2536866624,United States,,166512,Industrials,Electrical Products
CALX,Calix Inc Common Stock,$40.29 ,-0.095,-0.24%,2536504297,United States,2010,112465,Consumer Discretionary,Telecommunications Equipment
RGTIW,Rigetti Computing Inc. Warrants,$7.58 ,0.89,13.30%,2529967102,United States,,37860,Technology,EDP Services
PAGS,PagSeguro Digital Ltd. Class A Common Shares,$8.69 ,0.25,2.96%,2525989291,Cayman Islands,2018,604160,Technology,EDP Services
BGSI,Boyd Group Services Inc. Common Shares,$90.64 ,-1.26,-1.37%,2523094468,Canada,,10870,,
RVMDW,Revolution Medicines Inc. Warrant,$11.76 ,-0.51,-4.16%,2520596276,United States,,2823,Health Care,Biotechnology: Biological Products (No Diagnostic Substances)
MH,McGraw Hill Inc. Common Stock,$13.15 ,0.29,2.26%,2515710904,,2025,92594,Consumer Discretionary,Publishing
DJT,Trump Media & Technology Group Corp. Common Stock,$9.05 ,0.535,6.29%,2513978823,United States,2024,1958904,Technology,Computer Software: Programming Data Processing
SKWD,Skyward Specialty Insurance Group Inc. Common Stock,$56.61 ,0.75,1.34%,2513285469,United States,2023,69882,Finance,Property-Casualty Insurers
WGS,GeneDx Holdings Corp. Class A Common Stock,$84.24 ,1.685,2.04%,2512101741,United States,2020,147884,Health Care,Medical/Nursing Services
HWKN,Hawkins Inc. Common Stock,$119.99 ,0.6,0.50%,2504805289,United States,,27044,Consumer Discretionary,Specialty Chemicals
HYMC,Hycroft Mining Holding Corporation Class A Common Stock,$26.88 ,0.735,2.81%,2504257677,United States,2018,889729,Basic Materials,Precious Metals
HLIO,Helios Technologies Inc. Common Stock,$75.89 ,-0.42,-0.55%,2500619289,United States,2021,36229,Industrials,Metal Fabrications
PENN,PENN Entertainment Inc. Common Stock,$18.64 ,0.195,1.06%,2498330923,United States,1994,484302,Consumer Discretionary,Hotels/Resorts
KALU,Kaiser Aluminum Corporation Common Stock,$152.72 ,1.57,1.04%,2496833330,United States,,46434,Industrials,Metal Fabrications
MBIN,Merchants Bancorp Common Stock,$54.30 ,0.17,0.31%,2494437473,United States,2017,31056,Finance,Major Banks
OCUL,Ocular Therapeutix Inc. Common Stock,$11.34 ,0.245,2.21%,2489345864,United States,2014,537186,Health Care,Biotechnology: Pharmaceutical Preparations
NUVB,Nuvation Bio Inc. Class A Common Stock,$7.09 ,0.255,3.73%,2487708106,United States,2020,2577483,Health Care,Biotechnology: Pharmaceutical Preparations
BUSE,First Busey Corporation Class A Common Stock,$30.11 ,-0.105,-0.35%,2485979260,United States,,190742,Finance,Major Banks
RNW,ReNew Energy Global plc Class A Ordinary Shares,$6.82 ,0,0.00%,2485226332,United Kingdom,,710537,Utilities,Electric Utilities: Central
VVX,V2X Inc. Common Stock,$79.21 ,0.2,0.25%,2482865807,United States,2014,71443,Consumer Discretionary,Diversified Commercial Services
FIGS,FIGS Inc. Class A Common Stock,$14.90 ,0.49,3.40%,2475489606,United States,2021,628664,Consumer Discretionary,Apparel
MPT,Medical Properties Trust Inc. common stock,$4.15 ,0.065,1.59%,2475394000,United States,,1754524,Real Estate,Real Estate Investment Trusts
BCRX,BioCryst Pharmaceuticals Inc. Common Stock,$9.69 ,0.025,0.26%,2474857492,United States,1994,608209,Health Care,Biotechnology: Biological Products (No Diagnostic Substances)
HUBG,Hub Group Inc. Class A Common Stock,$40.45 ,0.4,1.00%,2473659480,United States,1996,502120,Industrials,Integrated Freight & Logistics
WSBCO,WesBanco Inc. Depositary Shares each representing 1/40th interest in a share of 7.375% Fixed-Rate Reset Non-Cumulative Perpetual Preferred Stock Series B,$25.72 ,0,0.00%,2466699465,United States,,45,Finance,Major Banks
ETOR,eToro Group Ltd. Class A Common Shares,$30.62 ,0.95,3.20%,2466328716,Israel,2025,747376,Finance,Investment Bankers/Brokers/Service
FIVN,Five9 Inc. Common Stock,$32.98 ,0.68,2.11%,2464382052,United States,2014,360605,Technology,EDP Services
KOD,Kodiak Sciences Inc Common Stock,$39.21 ,-0.63,-1.58%,2464327209,United States,2018,190182,Health Care,Biotechnology: Biological Products (No Diagnostic Substances)
ATRC,AtriCure Inc. Common Stock,$48.42 ,0.925,1.95%,2462691624,United States,2005,76027,Health Care,Medical/Dental Instruments
SAH,Sonic Automotive Inc. Common Stock,$77.78 ,-0.005,-0.01%,2458841226,United States,1997,31224,Consumer Discretionary,Retail-Auto Dealers and Gas Stations
EFXT,Enerflex Ltd Common Shares,$20.12 ,0.03,0.15%,2456710006,Canada,2022,77281,Industrials,Industrial Machinery/Components
BFLY,Butterfly Network Inc. Class A Common Stock,$9.22 ,0.05,0.55%,2455149387,United States,2020,1756036,Health Care,Medical Electronics
NVA,Nova Minerals Corp Common Stock,$5.43 ,0.24,4.62%,2449083142,,2026,176984,Basic Materials,Precious Metals
LCLN,Lincoln International Inc. Class A Common Stock,$23.54 ,0.22,0.94%,2439344011,,2026,108227,Finance,Investment Managers
CDNA,CareDx Inc. Common Stock,$47.06 ,0.065,0.14%,2434353863,United States,2014,219767,Health Care,Medical Specialities
INTR,Inter & Co. Inc. Class A Common Shares,$5.51 ,0.3123,6.01%,2432697403,Brazil,,1417666,Finance,Commercial Banks
ALMR,Alamar Biosciences Inc. Common Stock,$34.98 ,0.3401,0.98%,2427365894,United States,2026,73802,Industrials,Biotechnology: Laboratory Analytical Instruments
BXMT,Blackstone Mortgage Trust Inc. Common Stock,$14.40 ,0.05,0.35%,2427027710,United States,,313086,Real Estate,Real Estate Investment Trusts
CC,Chemours Company (The) Common Stock,$16.09 ,0.4,2.55%,2421528830,United States,2015,315872,Industrials,Major Chemicals
NGVT,Ingevity Corporation Common Stock,$70.29 ,0.98,1.41%,2416424137,United States,2016,66636,Industrials,Major Chemicals
PTON,Peloton Interactive Inc. Class A Common Stock,$5.50 ,-0.08,-1.43%,2413794906,United States,2019,1151191,Consumer Discretionary,Recreational Games/Products/Toys
VOYG,Voyager Technologies Inc. Class A Common Stock,$38.94 ,1.02,2.69%,2413024497,United States,2025,446051,Industrials,Military/Government/Technical
UNIT,Uniti Group Inc. Common Stock,$9.94 ,-0.125,-1.24%,2411474216,United States,,294800,Real Estate,Real Estate Investment Trusts
BANR,Banner Corporation Common Stock,$70.85 ,-0.81,-1.13%,2407830803,United States,,71814,Finance,Major Banks
PAYO,Payoneer Global Inc. Common Stock,$7.11 ,0.015,0.21%,2407535190,United States,,254256,Consumer Discretionary,Business Services
CENTA,Central Garden & Pet Company Class A Common Stock Nonvoting,$38.31 ,0.25,0.66%,2397922429,United States,,58216,Consumer Discretionary,Consumer Specialties
AGM,Federal Agricultural Mortgage Corporation Common Stock,$220.60 ,-0.25,-0.11%,2394218126,United States,,41572,Finance,Finance Companies
PBH,Prestige Consumer Healthcare Inc. Common Stock,$50.48 ,-0.045,-0.09%,2391228998,United States,2005,48073,Health Care,Biotechnology: Pharmaceutical Preparations
HIMX,Himax Technologies Inc. American Depositary Shares,$13.70 ,0.03,0.22%,2389635022,Taiwan,2006,244859,Technology,Semiconductors
MFICL,MidCap Financial Investment Corporation 8.00% Notes due 2028,$25.46 ,0,0.00%,2375510216,United States,,150,Finance,Finance/Investors Services
UFPT,UFP Technologies Inc. Common Stock,$306.47 ,2.22,0.73%,2373852261,United States,1993,56786,Health Care,Medical/Dental Instruments
VERA,Vera Therapeutics Inc. Class A Common Stock,$32.92 ,1.66,5.31%,2372324988,United States,2021,548785,Health Care,Biotechnology: Pharmaceutical Preparations
SFBS,ServisFirst Bancshares Inc. Common Stock,$43.32 ,-0.325,-0.75%,2368139771,United States,,113294,Finance,Major Banks
BGR,BlackRock Energy and Resources Trust,$17.44 ,-0.01,-0.06%,2364623223,United States,2004,66935,Finance,Trusts Except Educational Religious and Charitable
GRDN,Guardian Pharmacy Services Inc. Class A Common Stock,$37.31 ,-0.17,-0.45%,2363301362,United States,2024,58787,Consumer Staples,Retail-Drug Stores and Proprietary Stores
FLYW,Flywire Corporation Voting Common Stock,$19.39 ,0.635,3.39%,2358527860,United States,2021,441458,Consumer Discretionary,Business Services
DBD,Diebold Nixdorf Incorporated Common stock,$69.41 ,1.595,2.35%,2356062940,United States,2023,47407,Miscellaneous,Office Equipment/Supplies/Services
TRN,Trinity Industries Inc. Common Stock,$29.57 ,-0.17,-0.57%,2355826701,United States,,103169,Industrials,Railroads
NOVTU,Novanta Inc. Tangible Equity Units,$62.05 ,0,0.00%,2346592629,United States,,6,Miscellaneous,Industrial Machinery/Components
NTB,Bank of N.T. Butterfield & Son Limited (The) Voting Ordinary Shares,$58.54 ,-0.12,-0.21%,2341600000,Bermuda,2016,19804,Finance,Commercial Banks
COAG,Hemab Therapeutics Holdings Inc. Common Stock,$49.89 ,1.69,3.51%,2330467517,United States,2026,158517,Health Care,Biotechnology: Biological Products (No Diagnostic Substances)
COTY,Coty Inc. Class A Common Stock,$2.65 ,-0.105,-3.82%,2328833729,United States,2013,4064841,Consumer Discretionary,Package Goods/Cosmetics
MFP,Midera Food Processing Inc. Common Stock,$51.30 ,2.35,4.80%,2320322342,United States,,157091,Industrials,Industrial Machinery/Components
WERN,Werner Enterprises Inc. Common Stock,$38.58 ,0.5343,1.40%,2313876694,United States,1986,79927,Industrials,Trucking Freight/Courier Services
RAPP,Rapport Therapeutics Inc. Common Stock,$48.20 ,0.345,0.72%,2312313494,United States,2024,35968,Health Care,Biotechnology: Pharmaceutical Preparations
ANDE,Andersons Inc. (The) Common Stock,$68.03 ,0.71,1.06%,2311358027,United States,,45976,Industrials,Farming/Seeds/Milling
KMT,Kennametal Inc. Common Stock,$30.25 ,0.47,1.58%,2305625416,United States,,227005,Industrials,Industrial Machinery/Components
MLYS,Mineralys Therapeutics Inc. Common Stock,$26.04 ,0.29,1.13%,2302115285,United States,2023,215627,Health Care,Biotechnology: Pharmaceutical Preparations
IOSP,Innospec Inc. Common Stock,$93.40 ,0.48,0.52%,2300539790,United States,,36781,Industrials,Major Chemicals
EFSC,Enterprise Financial Services Corporation Common Stock,$63.55 ,-0.465,-0.73%,2299853683,United States,,31105,Finance,Major Banks
WU,Western Union Company (The) Common Stock,$7.37 ,0.08,1.10%,2298548090,United States,,1993940,Consumer Discretionary,Business Services
STNE,StoneCo Ltd. Class A Common Shares,$9.45 ,0.285,3.11%,2297290595,Brazil,2018,974264,Technology,EDP Services
ADAMM,Adamas Trust Inc. 7.875% Series E Fixed-to-Floating Rate Cumulative Redeemable Preferred Stock,$25.51 ,0.04,0.16%,2292833341,United States,,13893,Real Estate,Real Estate Investment Trusts
HCI,HCI Group Inc. Common Stock,$184.15 ,2.12,1.17%,2290617358,United States,,88116,Finance,Property-Casualty Insurers
BOBS,Bob's Discount Furniture Inc. Common Stock,$17.53 ,-0.525,-2.91%,2290291007,,2026,176133,Consumer Discretionary,Other Specialty Stores
RAMP,LiveRamp Holdings Inc. Common Stock,$37.64 ,-0.01,-0.03%,2288323122,United States,2018,115143,Technology,EDP Services
AMC,AMC Entertainment Holdings Inc. Class A Common Stock,$2.56 ,0.0925,3.75%,2287299385,United States,2013,6159378,Consumer Discretionary,Movies/Entertainment
NCNO,nCino Inc. Common Stock,$20.85 ,0.49,2.41%,2284179008,United States,2020,480140,Technology,Computer Software: Prepackaged Software
PLUS,ePlus inc. Common Stock,$87.49 ,0.635,0.73%,2282520219,United States,1996,44680,Technology,Retail: Computer Software & Peripheral Equipment
ADAMI,Adamas Trust Inc. 9.125% Senior Notes Due 2029,$25.18 ,-0.02,-0.08%,2280790526,United States,,1697,Real Estate,Real Estate Investment Trusts
ADUS,Addus HomeCare Corporation Common Stock,$121.72 ,1.17,0.97%,2273035796,United States,2009,67996,Health Care,Medical/Nursing Services
UAA,Under Armour Inc. Class A Common Stock,$5.29 ,-0.01,-0.19%,2272295912,United States,,1759726,Consumer Discretionary,Apparel
KLRA,Kailera Therapeutics Inc. Common Stock,$17.53 ,0.065,0.37%,2272005422,United States,2026,95290,Health Care,Biotechnology: Pharmaceutical Preparations
URGN,UroGen Pharma Ltd. Ordinary Shares,$46.48 ,-0.32,-0.68%,2271968615,Israel,2017,243715,Health Care,Biotechnology: Pharmaceutical Preparations
RUN,Sunrun Inc. Common Stock,$9.42 ,0.06,0.64%,2268778570,United States,2015,1840966,Miscellaneous,Industrial Machinery/Components
MRVI,Maravai LifeSciences Holdings Inc. Class A Common Stock,$8.72 ,0.43,5.19%,2264354010,United States,2020,3361434,Health Care,Biotechnology: Pharmaceutical Preparations
UWMC,UWM Holdings Corporation Class A Common Stock,$1.41 ,-0.0097,-0.68%,2262420745,United States,,3060735,Finance,Finance: Consumer Services
TILE,Interface Inc. Common Stock,$39.12 ,0.04,0.10%,2261153995,United States,,66856,Consumer Discretionary,Home Furnishings
INOD,Innodata Inc. Common Stock,$65.70 ,2.91,4.63%,2258940171,United States,1993,438707,Technology,EDP Services
AUPH,Aurinia Pharmaceuticals Inc Ordinary Shares,$16.97 ,-0.305,-1.77%,2257213065,Canada,,394522,Health Care,Biotechnology: Pharmaceutical Preparations
PMTU,PennyMac Mortgage Investment Trust 8.50% Senior Notes due 2028,$25.80 ,0.05,0.19%,2249820940,United States,2023,107,Real Estate,Real Estate Investment Trusts
MCRI,Monarch Casino & Resort Inc. Common Stock,$125.48 ,-0.17,-0.14%,2248917935,United States,1993,38523,Consumer Discretionary,Hotels/Resorts
HRMY,Harmony Biosciences Holdings Inc. Common Stock,$38.60 ,0.53,1.39%,2247924770,United States,2020,116329,Health Care,Biotechnology: Pharmaceutical Preparations
PRCH,Porch Group Inc. Common Stock,$17.03 ,-0.055,-0.32%,2244440549,United States,2020,241842,Technology,Computer Software: Prepackaged Software
BKE,Buckle Inc. (The) Common Stock,$43.56 ,0.92,2.16%,2244127826,United States,,207428,Consumer Discretionary,Clothing/Shoe/Accessory Stores
CCU,Compania Cervecerias Unidas S.A. Common Stock,$12.15 ,0.125,1.04%,2243806190,Chile,,16271,Consumer Staples,Beverages (Production/Distribution)
ROG,Rogers Corporation Common Stock,$125.46 ,-1.08,-0.85%,2241761309,United States,1960,32933,Industrials,Major Chemicals
ADAML,Adamas Trust Inc. 6.875% Series F Fixed-to-Floating Rate Cumulative Redeemable Preferred Stock $0.01 par value per share,$24.91 ,-0.01,-0.04%,2238905469,United States,,7205,Real Estate,Real Estate Investment Trusts
ADAMN,Adamas Trust Inc. 8.00% Series D Fixed-to-Floating Rate Cumulative Redeemable Preferred Stock,$24.91 ,0.1,0.40%,2238905469,United States,,552,Real Estate,Real Estate Investment Trusts
NWBI,Northwest Bancshares Inc. Common Stock,$15.29 ,-0.025,-0.16%,2238627680,United States,2009,211497,Finance,Major Banks
MLCO,Melco Resorts & Entertainment Limited American Depositary Shares,$5.48 ,0.13,2.43%,2229220187,Hong Kong,2006,397869,Consumer Discretionary,Hotels/Resorts
BRSL,Brightstar Lottery PLC Trading under the Legal Name to begin at the market open on July 21 2025. Ordinary Shares,$12.08 ,0.495,4.28%,2227837500,United States,2015,699673,Consumer Discretionary,Services-Misc. Amusement & Recreation
ASAN,Asana Inc. Class A Common Stock,$9.65 ,0.145,1.53%,2223267281,United States,2020,1155686,Technology,Computer Software: Prepackaged Software
MTX,Minerals Technologies Inc. Common Stock,$71.20 ,0.74,1.05%,2216367854,United States,1992,28130,Basic Materials,Major Chemicals
UA,Under Armour Inc. Class C Common Stock,$5.16 ,0.005,0.10%,2214307264,United States,2016,713138,Consumer Discretionary,Apparel
ADMA,ADMA Biologics Inc Common Stock,$9.88 ,0.12,1.23%,2212968638,United States,,447534,Health Care,Biotechnology: Biological Products (No Diagnostic Substances)
PSNY,Polestar Automotive Holding UK PLC Class A ADS,$13.47 ,0.28,2.12%,2212853338,Sweden,,32523,Industrials,Auto Manufacturing
PBI,Pitney Bowes Inc. Common Stock,$16.14 ,-0.03,-0.19%,2212636022,United States,,277607,Miscellaneous,Office Equipment/Supplies/Services
PCTTU,PureCycle Technologies Inc. Unit,$11.00 ,0,0.00%,2209952910,United States,,2,Industrials,Major Chemicals
ICHR,Ichor Holdings Ordinary Shares,$58.98 ,0.11,0.19%,2209050426,United States,2016,189376,Technology,Semiconductors
LCID,Lucid Group Inc. Common Stock,$5.60 ,-0.025,-0.44%,2206792986,United States,,2851710,Industrials,Auto Manufacturing
VIA,Via Transportation Inc. Class A Common Stock,$27.04 ,0.465,1.75%,2203504247,United States,2025,132815,Technology,Computer Software: Prepackaged Software
HTH,Hilltop Holdings Inc.,$38.43 ,-0.2,-0.52%,2201517005,United States,,54808,Finance,Major Banks
CTOS,Custom Truck One Source Inc. Common Stock,$9.67 ,-0.15,-1.53%,2199978523,Cayman Islands,2017,108794,Consumer Discretionary,Diversified Commercial Services
XRAY,DENTSPLY SIRONA Inc. Common Stock,$11.04 ,0.255,2.37%,2199870022,United States,1987,1248194,Health Care,Medical/Dental Instruments
HCM,HUTCHMED (China) Limited American Depositary Shares,$12.61 ,0.045,0.36%,2199137930,Hong Kong,2016,3364,Health Care,Biotechnology: Pharmaceutical Preparations
LPG,Dorian LPG Ltd. Common Stock,$51.36 ,1.71,3.44%,2197318496,United States,2014,227462,Consumer Discretionary,Marine Transportation
ALGT,Allegiant Travel Company Common Stock,$80.36 ,3.945,5.16%,2196725303,United States,2006,215433,Consumer Discretionary,Air Freight/Delivery Services
VERX,Vertex Inc. Class A Common Stock,$13.53 ,-0.055,-0.41%,2193998180,United States,2020,257856,Technology,Computer Software: Prepackaged Software
OFG,OFG Bancorp Common Stock,$51.86 ,0.08,0.15%,2191888519,Puerto Rico,,47002,Finance,Major Banks
MESO,Mesoblast Limited American Depositary Shares,$16.98 ,-0.4526,-2.60%,2191446510,Australia,2015,88705,Health Care,Biotechnology: Biological Products (No Diagnostic Substances)
CLOV,Clover Health Investments Corp. Class A Common Stock,$4.12 ,0.02,0.49%,2188363804,United States,,1341778,Health Care,Medical Specialities
ALKT,Alkami Technology Inc. Common Stock,$20.44 ,0.525,2.64%,2185359361,United States,2021,311477,Technology,Computer Software: Prepackaged Software
VCEL,Vericel Corporation Common Stock,$42.62 ,0.51,1.21%,2182425889,United States,,146158,Health Care,Biotechnology: Biological Products (No Diagnostic Substances)
LTC,LTC Properties Inc. Common Stock,$40.42 ,-0.33,-0.81%,2178862856,United States,,106893,Real Estate,Real Estate Investment Trusts
HAWK,HawkEye 360 Inc. Common Stock,$22.17 ,0.56,2.59%,2171896288,United States,2026,153996,Technology,EDP Services
GENI,Genius Sports Limited Ordinary Shares,$8.10 ,0.17,2.14%,2167778352,Guernsey,2021,687122,Consumer Discretionary,Services-Misc. Amusement & Recreation
CTRI,Centuri Holdings Inc. Common Stock,$21.45 ,-0.335,-1.54%,2165152672,United States,2024,215890,Utilities,Oil & Gas Production
NEO,NeoGenomics Inc. Common Stock,$16.85 ,0.32,1.94%,2164811164,United States,,305912,Health Care,Precision Instruments
LIFE,Ethos Technologies Inc. Class A Common Stock,$33.89 ,0.37,1.10%,2160807896,United States,2026,320549,Finance,Specialty Insurers
BLKB,Blackbaud Inc. Common Stock,$47.50 ,1.05,2.26%,2156029608,United States,2004,101930,Technology,Computer Software: Prepackaged Software
MD,Pediatrix Medical Group Inc. Common Stock,$26.45 ,0.23,0.88%,2149149018,United States,,173469,Health Care,Hospital/Nursing Management
BHVN,Biohaven Ltd. Common Shares,$14.22 ,0.715,5.30%,2147087347,United States,2022,524617,Health Care,Biotechnology: Pharmaceutical Preparations
ECPG,Encore Capital Group Inc Common Stock,$101.14 ,3,3.06%,2145115277,United States,,71257,Finance,Finance Companies
DAO,Youdao Inc. American Depositary Shares each representing one Class A Ordinary Share,$17.76 ,0.9,5.34%,2142471047,China,2019,36971,Real Estate,Other Consumer Services
PURR,Hyperliquid Strategies Inc Common Stock,$10.68 ,0.6,5.95%,2142020220,United States,,19656505,Finance,Finance: Consumer Services
STGW,Stagwell Inc. Class A Common Stock,$8.76 ,0.245,2.88%,2140382574,Canada,,207149,Consumer Discretionary,Advertising
OLN,Olin Corporation Common Stock,$18.75 ,0.12,0.64%,2137171688,United States,,515142,Industrials,Major Chemicals
NBTX,Nanobiotix S.A. American Depositary Shares,$44.13 ,0.445,1.02%,2136094251,France,2020,40418,Health Care,Biotechnology: Pharmaceutical Preparations
ESTA,Establishment Labs Holdings Inc. Common Shares,$71.49 ,-0.03,-0.04%,2130537188,Costa Rica,2018,99278,Health Care,Industrial Specialties
BUSEP,First Busey Corporation Depositary Shares Each Representing a 1/40thInterest in a Share of 8.25% Fixed-Rate Series B Non-Cumulative Perpetual Preferred Stock $0.001 par value,$25.80 ,-0.1,-0.39%,2130485465,United States,,1545,Finance,Major Banks
BTX,BlackRock Technology and Private Equity Term Trust Common Shares of Beneficial Interest,$9.04 ,0.045,0.50%,2130418432,United States,2021,92382,,
MNR,Mach Natural Resources LP Common Units representing Limited Partner Interests,$12.75 ,0.14,1.11%,2128588199,United States,2023,122925,Energy,Oil & Gas Production
DRVN,Driven Brands Holdings Inc. Common Stock,$12.89 ,-0.15,-1.15%,2126589828,United States,2021,116575,Consumer Discretionary,Automotive Aftermarket
SHAZ,SharonAI Holdings Inc. Class A Common Stock,$59.28 ,-1.575,-2.59%,2122252759,United States,,601522,Technology,EDP Services
CMPR,Cimpress plc Ordinary Shares (Ireland),$87.08 ,-1.78,-2.00%,2120352370,Netherlands,2005,27994,Consumer Discretionary,Publishing
FCF,First Commonwealth Financial Corporation Common Stock,$20.98 ,-0.27,-1.27%,2120153307,United States,,161268,Finance,Major Banks
FLNC,Fluence Energy Inc. Class A Common Stock,$11.48 ,0.0901,0.79%,2119184776,United States,2021,1893424,Miscellaneous,Industrial Machinery/Components
STC,Stewart Information Services Corporation Common Stock,$69.41 ,0.45,0.65%,2118545833,United States,,33467,Finance,Specialty Insurers
CDLR,Cadeler A/S American Depositary Share (each representing four (4) Ordinary Shares),$24.14 ,0.045,0.19%,2117590322,,2023,10841,Consumer Discretionary,Marine Transportation
WRD,WeRide Inc. American Depositary Shares,$6.29 ,0.215,3.54%,2107086945,China,2024,828269,Technology,EDP Services
GENVR,Gen Digital Inc. Contingent Value Rights,$3.52 ,0.52,17.33%,2107026353,United States,,220871,Technology,Computer Software: Prepackaged Software
ZBIO,Zenas BioPharma Inc. Common Stock,$32.32 ,0.7,2.21%,2106511687,United States,2024,215180,Health Care,Biotechnology: Pharmaceutical Preparations
HAPN,Happen Inc. Common Stock,$18.23 ,0.26,1.45%,2103878069,United States,,147333,Finance,Finance: Consumer Services
KEEL,Keel Infrastructure Corp. Common Stock,$3.41 ,0.035,1.04%,2102836787,Canada,,28637322,Finance,Finance: Consumer Services
SHO,Sunstone Hotel Investors Inc. Sunstone Hotel Investors Inc. Common Shares,$11.28 ,-0.005,-0.04%,2096517935,United States,2004,765300,Consumer Discretionary,Hotels/Resorts
AVEX,AEVEX Corp. Class A Common Stock,$18.37 ,0.29,1.60%,2094946029,,2026,312704,Industrials,Aerospace
STOK,Stoke Therapeutics Inc. Common Stock,$32.46 ,1.06,3.38%,2094521815,United States,2019,177682,Health Care,Biotechnology: Pharmaceutical Preparations
NWN,Northwest Natural Holding Company Common Stock,$49.62 ,-0.975,-1.93%,2088470888,United States,,100360,Utilities,Oil/Gas Transmission
GENB,Generate Biomedicines Inc. Common Stock,$16.24 ,0.25,1.56%,2084443561,United States,2026,305559,Health Care,Biotechnology: Pharmaceutical Preparations
NTST,NetSTREIT Corp. Common Stock,$20.52 ,-0.09,-0.44%,2083354519,United States,2020,171897,Real Estate,Real Estate Investment Trusts
NGL,NGL ENERGY PARTNERS LP Common Units representing Limited Partner Interests,$16.67 ,-0.38,-2.23%,2080654198,United States,2011,35943,Utilities,Natural Gas Distribution
PEB,Pebblebrook Hotel Trust Common Shares of Beneficial Interest,$18.41 ,-0.15,-0.81%,2077434402,United States,2009,282770,Real Estate,Real Estate Investment Trusts
XPRO,Expro Ltd Ordinary Shares,$18.32 ,-0.09,-0.49%,2077401585,Cayman Islands,,115890,Energy,Oilfield Services/Equipment
PRKS,United Parks & Resorts Inc. Common Stock,$45.78 ,0.97,2.17%,2075725126,United States,2013,86731,Consumer Discretionary,Services-Misc. Amusement & Recreation
PLBL,Polibeli Group Ltd Class A Ordinary Shares,$5.66 ,-0.57,-9.15%,2073753080,Indonesia,,38801,Consumer Discretionary,Consumer Electronics/Appliances
PLGO,Pelagos Insurance Capital Limited Common Shares,$23.95 ,0.06,0.25%,2071199473,Bermuda,2023,94057,Finance,Property-Casualty Insurers
STDN,Standard Nuclear Inc. Class A Common Stock,$12.89 ,-0.085,-0.66%,2070278589,,2026,93064,Basic Materials,Major Chemicals
TIC,TIC Solutions Inc. Common Stock,$9.48 ,0.46,5.10%,2068728975,United States,2025,423606,Consumer Discretionary,Business Services
XNCR,Xencor Inc. Common Stock,$27.79 ,0.785,2.91%,2065909136,United States,2013,233981,Health Care,Biotechnology: Pharmaceutical Preparations
DV,DoubleVerify Holdings Inc. Common Stock,$13.31 ,0,0.00%,2062874934,United States,2021,504990,Technology,Computer Software: Programming Data Processing
PLPC,Preformed Line Products Company Common Stock,$421.23 ,-0.14,-0.03%,2059267522,United States,,40855,Industrials,Water Sewer Pipeline Comm & Power Line Construction
SRCE,1st Source Corporation Common Stock,$85.47 ,-0.685,-0.80%,2058153259,United States,,25387,Finance,Major Banks
BXDC,Blackstone Digital Infrastructure Trust Inc. Common Stock,$20.44 ,0.505,2.53%,2056780809,,2026,414442,Finance,Real Estate
GTY,Getty Realty Corporation Common Stock,$33.19 ,-0.18,-0.54%,2055546280,United States,,75465,Finance,Real Estate
PVLA,Palvella Therapeutics Inc. Common Stock,$142.65 ,0.07,0.05%,2055359259,United States,,40819,Health Care,Biotechnology: Pharmaceutical Preparations
CHA,Chagee Holdings Limited American Depositary Shares,$10.77 ,0.145,1.37%,2053567204,China,2025,253423,Consumer Discretionary,Restaurants
SRPT,Sarepta Therapeutics Inc. Common Stock (DE),$19.40 ,0.18,0.94%,2049164207,United States,,422933,Health Care,Biotechnology: Pharmaceutical Preparations
TRLV,Trulieve Cannabis Corp. Subordinate Voting Shares,$10.62 ,0.37,3.61%,2045043507,,,545783,Health Care,Medicinal Chemicals and Botanical Products
HMN,Horace Mann Educators Corporation Common Stock,$50.43 ,0.02,0.04%,2042468153,United States,1991,37434,Finance,Property-Casualty Insurers
FLOC,Flowco Holdings Inc. Class A Common Stock,$22.59 ,0.025,0.11%,2040627654,United States,2025,92583,Consumer Discretionary,Oil and Gas Field Machinery
GRC,Gorman-Rupp Company (The) Common Stock,$77.22 ,-0.63,-0.81%,2039398964,United States,1971,63652,Industrials,Fluid Controls
UTZ,Utz Brands Inc Class A Common Stock,$14.15 ,0.015,0.11%,2036345503,United States,2018,150658,Consumer Staples,Packaged Foods
PRDO,Perdoceo Education Corporation Common Stock,$32.52 ,0.035,0.11%,2034692943,United States,,204393,Real Estate,Other Consumer Services
CDNL,Cardinal Infrastructure Group Inc. Class A Common Stock,$42.75 ,0.5,1.18%,2029473272,United States,2025,81171,Industrials,Military/Government/Technical
NVCR,NovoCure Limited Ordinary Shares,$17.41 ,-0.36,-2.03%,2027322074,Jersey,2015,262885,Health Care,Medical/Dental Instruments
TMC,TMC the metals company Inc. Common Stock,$4.60 ,0.625,15.74%,2027017540,Canada,,6215654,Basic Materials,Metal Mining
CIMN,Chimera Investment Corporation 9.000% Senior Notes due 2029,$25.17 ,0.03,0.12%,2026957618,United States,2024,2826,Real Estate,Real Estate Investment Trusts
UMBFO,UMB Financial Corporation Depositary Shares Each Representing a 1/400th Interest in a Share of 7.750% Fixed-Rate Reset Non-Cumulative Perpetual Preferred Stock Series B,$26.68 ,0.015,0.06%,2025967050,United States,,4016,Finance,Major Banks
NSP,Insperity Inc. Common Stock,$53.04 ,0.895,1.72%,2025686144,United States,,37167,Consumer Discretionary,Professional Services
BRVE,Braveheart Bio Inc. Common Stock,$27.49 ,0.07,0.26%,2019562142,United States,2026,29170,Health Care,Biotechnology: Pharmaceutical Preparations
CHCO,City Holding Company Common Stock,$143.71 ,-0.29,-0.20%,2018429944,United States,,25276,Finance,Major Banks
INVX,Innovex International Inc. Common Stock,$28.84 ,-0.315,-1.08%,2016599572,United States,,71836,Consumer Discretionary,Oil and Gas Field Machinery
LIND,Lindblad Expeditions Holdings Inc. Common Stock,$30.68 ,-0.64,-2.04%,2013212059,United States,2013,126214,Consumer Discretionary,Transportation Services
RVT,Royce Small-Cap Trust Inc. Common Stock,$18.64 ,0.0936,0.51%,2012701812,United States,1986,44626,Finance,Trusts Except Educational Religious and Charitable
AGIO,Agios Pharmaceuticals Inc. Common Stock,$33.66 ,0.025,0.07%,2009266839,United States,2013,114915,Health Care,Biotechnology: Pharmaceutical Preparations
KSS,Kohl's Corporation Common Stock,$17.68 ,0.35,2.02%,2004911876,United States,1992,1020774,Consumer Discretionary,Department/Specialty Retail Stores
BLX,Bladex Inc. Class E Common Stock,$53.27 ,0.005,0.01%,2002706421,Panama,1992,65419,Finance,Commercial Banks
AERO,Grupo Aeromexico S.A.B. de C.V. American Depositary Shares (each representing ten (10) Common Shares),$13.73 ,0.445,3.35%,2002524289,,2025,255322,Consumer Discretionary,Air Freight/Delivery Services
TSHA,Taysha Gene Therapies Inc. Common Stock,$6.15 ,0.035,0.57%,2002247134,United States,2020,406373,Health Care,Biotechnology: Biological Products (No Diagnostic Substances)
CEPU,Central Puerto S.A. American Depositary Shares (each represents ten Common Shares),$13.21 ,0.32,2.48%,1999690461,,2018,54384,Utilities,Electric Utilities: Central
QUBT,Quantum Computing Inc. Common Stock,$8.82 ,0.68,8.35%,1996379314,United States,,4483262,Technology,Computer Software: Prepackaged Software
SFB,Stifel Financial Corporation 5.20% Senior Notes due 2047,$19.50 ,0.0101,0.05%,1992391634,United States,2017,4076,Finance,Investment Bankers/Brokers/Service
HE,Hawaiian Electric Industries Inc. Common Stock,$11.52 ,-0.09,-0.78%,1989826606,United States,,901926,Utilities,Electric Utilities: Central
CCS,Century Communities Inc. Common Stock,$69.96 ,0.5,0.72%,1989165684,United States,2014,27463,Consumer Discretionary,Homebuilding
NEXA,Nexa Resources S.A. Common Shares,$14.98 ,0.91,6.47%,1983936220,Luxembourg,2017,220169,Basic Materials,Metal Mining
SPB,Spectrum Brands Holdings Inc. Common Stock,$86.21 ,0.05,0.06%,1982450331,United States,,64785,Miscellaneous,Industrial Machinery/Components
BLBD,Blue Bird Corporation Common Stock,$62.49 ,1.16,1.89%,1979435677,United States,2014,77903,Consumer Discretionary,Construction/Ag Equipment/Trucks
ALG,Alamo Group Inc. Common Stock,$162.59 ,0.125,0.08%,1978816345,United States,,64555,Industrials,Industrial Machinery/Components
KYN,Kayne Anderson Energy Infrastructure Fund Inc.,$14.53 ,-0.1019,-0.70%,1977732481,United States,2004,54025,Finance,Finance/Investors Services
NAMSW,NewAmsterdam Pharma Company N.V. Warrant,$16.51 ,0.51,3.19%,1973558660,Netherlands,,211,Health Care,Biotechnology: Pharmaceutical Preparations
IQMX,IQM Quantum Computers Oyj American Depositary Shares,$10.41 ,0.7317,7.56%,1972977773,Finland,,231402,Technology,Computer Software: Prepackaged Software
PSNL,Personalis Inc. Common Stock,$18.45 ,1.57,9.30%,1970457638,United States,2019,3400104,Health Care,Medical Specialities
PGNY,Progyny Inc. Common Stock,$25.67 ,-0.29,-1.12%,1969576905,United States,2019,196804,Health Care,Misc Health and Biotechnology Services
KARO,Karooooo Ltd. Ordinary Shares,$63.68 ,0.805,1.28%,1967130878,Singapore,2021,22028,Technology,Computer Software: Prepackaged Software
DEI,Douglas Emmett Inc. Common Stock,$11.74 ,-0.12,-1.01%,1966277035,United States,2006,157790,Real Estate,Real Estate Investment Trusts
KARD,Kardigan Inc. Common Stock,$21.00 ,0.74,3.65%,1963577679,United States,2026,49566,Health Care,Biotechnology: Pharmaceutical Preparations
CNXN,PC Connection Inc. Common Stock,$77.67 ,-0.215,-0.28%,1960116959,United States,,16336,Consumer Discretionary,Catalog/Specialty Distribution
ZYME,Zymeworks Inc. Common Stock,$27.58 ,1.01,3.80%,1957055867,United States,,126466,Health Care,Biotechnology: Pharmaceutical Preparations
SEDG,SolarEdge Technologies Inc. Common Stock,$31.74 ,0.84,2.72%,1952827242,Israel,2015,682867,Technology,Semiconductors
VET,Vermilion Energy Inc. Common (Canada),$12.75 ,-0.095,-0.74%,1952534000,Canada,,263581,Energy,Oil & Gas Production
GEL,Genesis Energy L.P. Common Units,$15.96 ,-0.08,-0.50%,1949902163,United States,2001,20194,Energy,Oil Refining/Marketing
GHRS,GH Research PLC Ordinary Shares,$28.37 ,-0.3099,-1.08%,1944973882,Ireland,2021,31338,Health Care,Biotechnology: Pharmaceutical Preparations
DHC,Diversified Healthcare Trust Common Shares of Beneficial Interest,$8.03 ,-0.045,-0.56%,1943085129,United States,,218072,Real Estate,Real Estate Investment Trusts
TY,Tri Continental Corporation Common Stock,$35.68 ,0.14,0.39%,1939241361,United States,,8490,Finance,Finance Companies
PRGO,Perrigo Company plc Ordinary Shares,$13.85 ,0.145,1.06%,1921260197,United States,,357767,Health Care,Biotechnology: Pharmaceutical Preparations
GNL,Global Net Lease Inc. Common Stock,$9.10 ,0.005,0.06%,1918409260,United States,2015,333348,Real Estate,Real Estate Investment Trusts
ASTH,Astrana Health Inc. Common Stock,$38.67 ,-0.07,-0.18%,1918200833,United States,,54124,Consumer Discretionary,Professional Services
ZD,Ziff Davis Inc. Common Stock,$55.86 ,0.46,0.83%,1915283439,United States,,111055,Telecommunications,Telecommunications Equipment
DMRA,Damora Therapeutics Inc. Ordinary Shares,$31.02 ,0.705,2.33%,1914727122,Denmark,2020,34008,Health Care,Biotechnology: Pharmaceutical Preparations
ATS,ATS Corporation Common Shares,$19.51 ,0.23,1.19%,1914455702,Canada,2023,23860,Industrials,Industrial Machinery/Components
SAM,Boston Beer Company Inc. (The) Common Stock,$185.94 ,-4.88,-2.56%,1913635165,United States,,57763,Consumer Staples,Beverages (Production/Distribution)
NEXT,NextDecade Corporation Common Stock,$7.18 ,0.175,2.50%,1909880482,United States,2015,1330665,Utilities,Oil & Gas Production
CMPS,COMPASS Pathways Plc American Depository Shares,$13.79 ,-0.03,-0.22%,1909595375,United Kingdom,2020,586726,Health Care,Biotechnology: Pharmaceutical Preparations
VNET,VNET Group Inc. American Depositary Shares,$6.71 ,0.055,0.83%,1908857466,China,2011,1450637,Technology,Computer Software: Programming Data Processing
ABXL,Abacus Global Management Inc. 9.875% Fixed Rate Senior Notes due 2028,$25.54 ,0.1401,0.55%,1906595402,United States,,2033,Finance,Investment Managers
LKFT,Lakefront Biotherapeutics American Depositary Shares,$28.92 ,0.65,2.30%,1905743293,Belgium,2015,132479,Health Care,Biotechnology: Pharmaceutical Preparations
EPAC,Enerpac Tool Group Corp. Common Stock,$37.23 ,0.235,0.64%,1903598872,United States,,42204,Technology,Industrial Machinery/Components
SMA,SmartStop Self Storage REIT Inc. Common Stock,$34.36 ,-0.08,-0.23%,1902475507,United States,2025,70572,Real Estate,Real Estate Investment Trusts
RXRX,Recursion Pharmaceuticals Inc. Class A Common Stock,$3.55 ,0.212,6.35%,1901535388,United States,2021,12660545,Health Care,Biotechnology: Biological Products (No Diagnostic Substances)
SNDA,Sonida Senior Living Inc. Common Stock,$39.54 ,0.265,0.68%,1899577285,United States,,104696,Health Care,Hospital/Nursing Management
CMRE,Costamare Inc. Common Stock $0.0001 par value,$15.74 ,0.56,3.69%,1898067067,Greece,2010,114943,Consumer Discretionary,Marine Transportation
SONO,Sonos Inc. Common Stock,$16.04 ,-0.015,-0.09%,1896843953,United States,2018,124416,Consumer Staples,Consumer Electronics/Appliances
SEPN,Septerna Inc. Common Stock,$40.44 ,-0.35,-0.86%,1887615737,United States,2024,75074,Health Care,Biotechnology: Pharmaceutical Preparations
LMAT,LeMaitre Vascular Inc. Common Stock,$82.39 ,0.07,0.09%,1884198084,United States,2006,76836,Health Care,Medical/Dental Instruments
PRLB,Proto Labs Inc. Common stock,$78.65 ,-0.145,-0.18%,1881337590,United States,2012,38783,Industrials,Metal Fabrications
CDZIP,Cadiz Inc. Depositary Shares,$22.20 ,-0.05,-0.23%,1879831065,United States,,2508,Utilities,Water Supply
PAX,Patria Investments Limited Class A Common Shares,$11.58 ,0.27,2.39%,1879280229,Cayman Islands,2021,337824,Finance,Investment Managers
HWCPZ,Hancock Whitney Corporation 6.25% Subordinated Notes due 2060,$22.17 ,-0.06,-0.27%,1879017862,United States,,1032,Finance,Major Banks
LOB,Live Oak Bancshares Inc. Common Stock,$40.55 ,-0.18,-0.44%,1876800791,United States,2022,46197,Finance,Major Banks
IMOS,ChipMOS TECHNOLOGIES INC. American Depositary Shares,$53.59 ,-0.5,-0.92%,1875604770,Taiwan,,20332,Technology,Semiconductors
GABC,German American Bancorp Inc. Common Stock,$49.68 ,-0.26,-0.52%,1866915181,United States,,50040,Finance,Major Banks
EZPW,EZCORP Inc. Class A Non Voting Common Stock,$30.35 ,1.59,5.53%,1864806492,United States,1991,297341,Consumer Discretionary,Other Specialty Stores
MBC,MasterBrand Inc. Common Stock,$9.16 ,0.02,0.22%,1863972888,United States,2022,332182,Consumer Discretionary,Home Furnishings
FSUN,FirstSun Capital Bancorp Common Stock,$40.01 ,0.09,0.23%,1863824760,United States,,68206,Finance,Major Banks
PDFS,PDF Solutions Inc. Common Stock,$43.99 ,-0.825,-1.84%,1857364096,United States,2001,248177,Technology,Computer Software: Prepackaged Software
MIY,Blackrock MuniYield Michigan Quality Fund Inc. Common Stock,$12.45 ,-0.03,-0.24%,1852092764,United States,1992,11116,Finance,Investment Bankers/Brokers/Service
ATEN,A10 Networks Inc. Common Stock,$25.47 ,-0.065,-0.26%,1848988720,United States,2014,205895,Telecommunications,Computer Communications Equipment
NBHC,National Bank Holdings Corporation Common Stock,$41.48 ,-0.18,-0.43%,1847500410,United States,2012,44624,Finance,Major Banks
BL,BlackLine Inc. Common Stock,$31.71 ,-0.215,-0.67%,1842861685,United States,2016,194003,Technology,Computer Software: Prepackaged Software
RBCAA,Republic Bancorp Inc. Class A Common Stock,$93.77 ,-0.57,-0.60%,1841094339,United States,1998,36960,Finance,Major Banks
NHPBP,National Healthcare Properties Inc. 7.125% Series B Cumulative Redeemable Perpetual Preferred Stock,$25.25 ,0,0.00%,1840848119,United States,,2597,Real Estate,Real Estate Investment Trusts
NHPAP,National Healthcare Properties Inc. 7.375% Series A Cumulative Redeemable Perpetual Preferred Stock,$25.21 ,0.0099,0.04%,1837931924,United States,,9056,Real Estate,Real Estate Investment Trusts
OCFC,OceanFirst Financial Corp. Common Stock,$18.93 ,-0.15,-0.79%,1829493996,United States,,211703,Finance,Major Banks
PDO,PIMCO Dynamic Income Opportunities Fund Common Shares of Beneficial Interest,$12.56 ,0.015,0.12%,1828035809,United States,2021,653632,Finance,Trusts Except Educational Religious and Charitable
SGRY,Surgery Partners Inc. Common Stock,$13.96 ,0.02,0.14%,1827618910,United States,2015,516934,Health Care,Hospital/Nursing Management
STRA,Strategic Education Inc. Common Stock,$82.25 ,-0.13,-0.16%,1826571728,United States,1996,36886,Real Estate,Other Consumer Services
OZKAP,Bank OZK 4.625% Series A Non-Cumulative Perpetual Preferred Stock,$16.14 ,-0.0668,-0.41%,1826379206,United States,,12812,Finance,Major Banks
SFL,SFL Corporation Ltd,$12.62 ,0.095,0.76%,1823913624,Bermuda,,287233,Consumer Discretionary,Marine Transportation
INSP,Inspire Medical Systems Inc. Common Stock,$63.04 ,1.77,2.89%,1822510040,United States,2018,102564,Health Care,Medical/Dental Instruments
NTLA,Intellia Therapeutics Inc. Common Stock,$13.01 ,0.565,4.54%,1822347642,United States,2016,1485211,Health Care,Biotechnology: In Vitro & In Vivo Diagnostic Substances
MUJ,Blackrock MuniHoldings New Jersey Quality Fund Inc. Common Stock,$12.21 ,0.05,0.41%,1816389771,United States,1998,10175,Finance,Investment Bankers/Brokers/Service
TGLS,Tecnoglass Holdings Inc. Common Stock,$40.89 ,0.31,0.76%,1814069148,Colombia,2022,25635,Consumer Discretionary,Electronic Components
JBLU,JetBlue Airways Corporation Common Stock,$4.81 ,0.0663,1.40%,1813475536,United States,2002,9293816,Consumer Discretionary,Air Freight/Delivery Services
WKC,World Kinect Corporation Common Stock,$35.42 ,-0.5,-1.39%,1811790380,United States,,136268,Energy,Oil Refining/Marketing
KOS,Kosmos Energy Ltd. Common Shares (DE),$3.04 ,0.0213,0.71%,1811056593,Bermuda,2011,4365743,Energy,Oil & Gas Production
PLAB,Photronics Inc. Common Stock,$30.66 ,0.14,0.46%,1807826981,United States,1987,144691,Technology,Semiconductors
PGY,Pagaya Technologies Ltd. Class A Ordinary Shares,$21.66 ,1.42,7.02%,1807003759,United States,,1440241,Finance,Finance: Consumer Services
BLFS,BioLife Solutions Inc. Common Stock,$36.86 ,-0.11,-0.30%,1802701109,United States,,246421,Health Care,Biotechnology: Electromedical & Electrotherapeutic Apparatus
USAS,Americas Gold and Silver Corporation Common Shares no par value,$5.33 ,0.08,1.52%,1802380083,Canada,2017,3178309,Basic Materials,Metal Mining
PRGS,Progress Software Corporation Common Stock (DE),$43.87 ,0.66,1.53%,1799237766,United States,1991,91795,Technology,Computer Software: Prepackaged Software
EVTC,Evertec Inc. Common Stock,$30.06 ,0.33,1.11%,1796161413,Puerto Rico,2013,108447,Technology,EDP Services
TSLX,Sixth Street Specialty Lending Inc. Common Stock,$18.79 ,0.02,0.11%,1791497582,,2014,53215,Finance,Investment Managers
HUN,Huntsman Corporation Common Stock,$10.21 ,0.045,0.44%,1789738776,United States,2005,370040,Industrials,Major Chemicals
WS,Worthington Steel Inc. Common Shares,$35.06 ,1.11,3.27%,1786188462,United States,2023,74706,Industrials,Steel/Iron Ore
XHR,Xenia Hotels & Resorts Inc. Common Stock,$19.36 ,-0.03,-0.16%,1785879366,United States,2015,84903,Consumer Discretionary,Hotels/Resorts
JSM,Navient Corporation 6% Senior Notes due December 15 2043,$17.94 ,0.118,0.66%,1783593960,United States,,1132,Finance,Investment Bankers/Brokers/Service
TRNZ,Trinity Capital Inc. 7.875% Notes due 2029,$25.35 ,0.02,0.08%,1782463956,United States,,1691,Finance,Finance: Consumer Services
GCT,GigaCloud Technology Inc Class A Ordinary Shares,$49.90 ,0.035,0.07%,1781762275,United States,2022,113214,Consumer Discretionary,Catalog/Specialty Distribution
TRNI,Trinity Capital Inc. 7.875% Notes Due 2029,$25.33 ,0.03,0.12%,1781057673,United States,,10129,Finance,Finance: Consumer Services
FORTY,Formula Systems (1985) Ltd. American Depositary Shares,$116.21 ,0,0.00%,1780066082,Israel,,11,Technology,EDP Services
HOPE,Hope Bancorp Inc. Common Stock,$13.92 ,-0.055,-0.39%,1777527648,United States,,240795,Finance,Major Banks
IE,Ivanhoe Electric Inc. Common Stock,$11.14 ,0.845,8.21%,1777037534,Canada,2022,897126,Basic Materials,Metal Mining
DCOM,Dime Commercial Bancshares Inc. Common Stock,$40.22 ,-0.08,-0.20%,1775978251,United States,,50337,Finance,Major Banks
SNDX,Syndax Pharmaceuticals Inc. Common Stock,$19.85 ,0.102,0.52%,1772725751,United States,2016,247407,Health Care,Biotechnology: Pharmaceutical Preparations
BULLW,Webull Corporation Warrants,$3.34 ,0.18,5.70%,1769413133,United States,,5661,Finance,Investment Bankers/Brokers/Service
LYNX,Lyntris Inc. Common Stock,$15.26 ,-0.29,-1.87%,1769387600,,2026,249515,Industrials,Industrial Machinery/Components
IMCR,Immunocore Holdings plc American Depositary Shares,$36.77 ,0.49,1.35%,1768208482,United Kingdom,2021,97523,Health Care,Biotechnology: Biological Products (No Diagnostic Substances)
STBA,S&T Bancorp Inc. Common Stock,$50.13 ,-0.07,-0.14%,1767859114,United States,,66831,Finance,Major Banks
WTFCN,Wintrust Financial Corporation Depositary Shares Each Representing a 1/1000th Interest in a Share of 7.875% Fixed-Rate Reset Non-Cumulative Perpetual Preferred StocK,$26.20 ,0,0.00%,1767608335,United States,,11684,Finance,Major Banks
KRP,Kimbell Royalty Partners Common Units Representing Limited Partner Interests,$15.40 ,0.23,1.52%,1766435286,United States,2017,450199,Energy,Oil & Gas Production
TFIN,Triumph Financial Inc. Common Stock,$73.85 ,-0.08,-0.11%,1764611557,United States,,23930,Finance,Major Banks
FOIL,Londian Wason New Energy Tech Inc. American Depositary Shares each representing five Ordinary Shares,$22.56 ,-0.025,-0.11%,1762863547,,2026,7004,Industrials,Industrial Specialties
GLOB,Globant S.A. Common Shares,$40.81 ,1.18,2.98%,1762157680,United States,2014,253455,Technology,EDP Services
TCBK,TriCo Bancshares Common Stock,$55.11 ,-0.57,-1.02%,1761680979,United States,,67560,Finance,Major Banks
EFC,Ellington Financial Inc. Common Stock,$13.65 ,0.03,0.22%,1759312819,United States,2010,203445,Finance,Real Estate
ADIG,ADI Global Distribution Inc. Common Stock,$23.15 ,0.56,2.48%,1757622034,United States,2026,239972,Industrials,Wholesale Distributors
ATEX,Anterix Inc. Common Stock,$89.57 ,4.26,4.99%,1756448532,United States,2015,103708,Telecommunications,Telecommunications Equipment
ETON,Eton Pharmaceuticals Inc. Common Stock,$61.44 ,1.525,2.55%,1756004899,United States,2018,138662,Health Care,Biotechnology: Pharmaceutical Preparations
ANIP,ANI Pharmaceuticals Inc.,$76.38 ,-0.937,-1.21%,1753714572,United States,,50224,Health Care,Biotechnology: Pharmaceutical Preparations
DXC,DXC Technology Company Common Stock,$10.97 ,0.27,2.52%,1752772218,United States,,421597,Technology,EDP Services
SBET,Sharplink Inc. Common Stock,$8.07 ,0.475,6.26%,1751908366,United States,,7242938,Technology,Computer Software: Prepackaged Software
FLNG,FLEX LNG Ltd. Ordinary Shares,$32.33 ,0.27,0.84%,1748806516,,2019,130994,Consumer Discretionary,Marine Transportation
TOP,TOP Financial Group Limited Class A Ordinary Shares,$13.90 ,0.6243,4.70%,1747847164,Hong Kong,2022,34381,Finance,Investment Bankers/Brokers/Service
WB,Weibo Corporation American Depositary Share,$7.11 ,-0.0799,-1.11%,1746756554,China,2014,591247,Technology,Computer Software: Programming Data Processing
NYAX,Nayax Ltd. Ordinary Shares,$46.71 ,-0.67,-1.41%,1745047998,Israel,,5803,Technology,Computer Software: Prepackaged Software
TH,Target Hospitality Corp. Common Stock,$17.46 ,-0.17,-0.96%,1739424966,United States,2018,257089,Consumer Discretionary,Hotels/Resorts
FTRE,Fortrea Holdings Inc. Common Stock,$18.29 ,0.1,0.55%,1739379000,United States,,153334,Health Care,Medical Specialities
CNOB,ConnectOne Bancorp Inc. Common Stock,$32.03 ,-0.22,-0.68%,1739081021,United States,,91329,Finance,Major Banks
RLJ,RLJ Lodging Trust Common Shares of Beneficial Interest $0.01 par value,$11.41 ,-0.075,-0.65%,1737846820,United States,2011,334296,Real Estate,Real Estate Investment Trusts
CBL,CBL & Associates Properties Inc. Common Stock,$56.10 ,-1.07,-1.87%,1735888668,United States,2021,24022,Real Estate,Real Estate Investment Trusts
BDJ,Blackrock Enhanced Equity Dividend Trust,$9.81 ,0.055,0.56%,1735745637,United States,2005,272747,Finance,Finance Companies
WMK,Weis Markets Inc. Common Stock,$70.11 ,-0.07,-0.10%,1734843696,United States,,35361,Consumer Staples,Food Chains
TRIN,Trinity Capital Inc. Common Stock,$18.28 ,0.01,0.06%,1730998533,United States,,216875,Finance,Finance: Consumer Services
FUN,Six Flags Entertainment Corporation Common Stock New,$16.88 ,0.085,0.51%,1726587765,United States,,400514,Consumer Discretionary,Services-Misc. Amusement & Recreation
CASH,Pathward Financial Inc. Common Stock,$83.08 ,-0.89,-1.06%,1725850915,United States,1993,139089,Finance,Major Banks
BY,Byline Bancorp Inc. Common Stock,$38.16 ,-0.17,-0.44%,1724313787,United States,2017,44869,Finance,Major Banks
EVCM,EverCommerce Inc. Common Stock,$9.75 ,0.07,0.72%,1722486149,United States,2021,21451,Technology,Computer Software: Prepackaged Software
BCAT,BlackRock Capital Allocation Term Trust Common Shares of Beneficial Interest,$15.92 ,0.175,1.11%,1720968525,United States,2020,270639,Finance,Finance/Investors Services
OPRA,Opera Limited American Depositary Shares,$19.11 ,0.82,4.48%,1717616603,Norway,2018,153259,Technology,Computer Software: Prepackaged Software
GT,The Goodyear Tire & Rubber Company Common Stock,$5.97 ,0.125,2.14%,1717315966,United States,,2370600,Consumer Discretionary,Automotive Aftermarket
WWW,Wolverine World Wide Inc. Common Stock,$20.91 ,0.455,2.23%,1715596817,United States,,127039,Consumer Discretionary,Shoe Manufacturing
CXM,Sprinklr Inc. Class A Common Stock,$7.31 ,0.11,1.53%,1712212250,United States,2021,466286,Technology,Computer Software: Prepackaged Software
TPB,Turning Point Brands Inc. Common Stock,$85.19 ,-1.55,-1.79%,1707967665,United States,2016,94200,Consumer Discretionary,Tobacco
ANAB,AnaptysBio Inc. Common Stock,$57.68 ,0.985,1.74%,1707669142,United States,2017,117274,Health Care,Biotechnology: Pharmaceutical Preparations
MQ,Marqeta Inc. Class A Common Stock,$16.38 ,0.5799,3.67%,1705128491,United States,2021,266730,Technology,Computer Software: Prepackaged Software
ADAMZ,Adamas Trust Inc. 7.000% Series G Cumulative Redeemable Preferred Stock $0.01 par value per share,$18.97 ,0.054,0.29%,1705019540,United States,,3122,Real Estate,Real Estate Investment Trusts
GLP,Global Partners LP Common Units representing Limited Partner Interests,$50.10 ,-0.47,-0.93%,1703177706,United States,2005,20657,Energy,Oil Refining/Marketing
NOMD,Nomad Foods Limited Ordinary Shares,$11.98 ,0.37,3.19%,1702191382,United Kingdom,2016,572234,Consumer Staples,Packaged Foods
MHD,Blackrock MuniHoldings Fund Inc. Common Stock,$11.42 ,-0.015,-0.13%,1698123606,United States,1997,133697,Finance,Investment Bankers/Brokers/Service
AFGB,American Financial Group Inc. 5.875% Subordinated Debentures due 2059,$20.46 ,-0.12,-0.58%,1696573194,United States,2019,1557,Finance,Property-Casualty Insurers
WEN,Wendy's Company (The) Common Stock,$8.87 ,0.055,0.62%,1690288929,United States,,1537549,Consumer Discretionary,Restaurants
RVLV,Revolve Group Inc. Class A Common Stock,$23.67 ,-0.48,-1.99%,1682591891,United States,2019,135979,Consumer Discretionary,Catalog/Specialty Distribution
TV,Grupo Televisa S.A.B. Common Stock,$2.73 ,0.025,0.93%,1681770810,Mexico,1993,226127,Industrials,Broadcasting
AVLN,Avalyn Pharma Inc. Common Stock,$37.93 ,0.8,2.16%,1681554293,United States,2026,40758,Health Care,Biotechnology: Pharmaceutical Preparations
BFC,Bank First Corporation Common Stock,$151.66 ,-0.6525,-0.43%,1681270872,United States,,49585,Finance,Major Banks
AIN,Albany International Corporation Common Stock,$59.19 ,0.3,0.51%,1680996000,United States,,37365,Consumer Discretionary,Textiles
VSTS,Vestis Corporation Common Stock,$12.70 ,-0.12,-0.94%,1678433334,United States,2023,200270,Consumer Discretionary,Consumer Specialties
ABSI,Absci Corporation Common Stock,$9.78 ,0.5,5.39%,1678385018,United States,2021,1080542,Health Care,Biotechnology: Commercial Physical & Biological Resarch
IDT,IDT Corporation Class B Common Stock,$67.47 ,0.28,0.42%,1677882148,United States,,12548,Telecommunications,Telecommunications Equipment
RZC,Reinsurance Group of America Incorporated 7.125% Fixed-Rate Reset Subordinated Debentures due 2052,$25.59 ,-0.075,-0.29%,1670743099,United States,2022,25417,Finance,Life Insurance
GAB,Gabelli Equity Trust Inc. (The) Common Stock,$5.67 ,0.06,1.07%,1665943598,United States,1986,367860,Finance,Investment Managers
RQI,Cohen & Steers Quality Income Realty Fund Inc Common Shares,$12.39 ,0.051,0.41%,1664116356,United States,2002,157311,Finance,Trusts Except Educational Religious and Charitable
VIR,Vir Biotechnology Inc. Common Stock,$9.83 ,0.62,6.73%,1663392867,United States,2019,506578,Health Care,Biotechnology: Biological Products (No Diagnostic Substances)
ARCO,Arcos Dorados Holdings Inc. Class A Shares,$7.90 ,0.095,1.22%,1663184835,Argentina,2011,390572,Consumer Discretionary,Restaurants
JJSF,J & J Snack Foods Corp. Common Stock,$88.88 ,0.435,0.49%,1660327911,United States,1986,28743,Consumer Staples,Specialty Foods
ETV,Eaton Vance Corporation Eaton Vance Tax-Managed Buy-Write Opportunities Fund Common Shares of Beneficial Interest,$15.16 ,-0.005,-0.03%,1655961829,United States,2005,42201,Finance,Investment Bankers/Brokers/Service
AFGD,American Financial Group Inc. 5.625% Subordinated Debentures due 2060,$19.92 ,-0.19,-0.95%,1651795603,United States,2020,1534,Finance,Property-Casualty Insurers
ECAT,BlackRock ESG Capital Allocation Term Trust Common Shares of Beneficial Interest,$15.28 ,0.215,1.43%,1651762125,United States,2021,121172,Finance,Finance/Investors Services
LILA,Liberty Latin America Ltd. Class A Common Stock,$8.43 ,0.26,3.18%,1651437000,United States,,241210,Telecommunications,Cable & Other Pay Television Services
SVV,Savers Value Village Inc. Common Stock,$10.70 ,0.23,2.20%,1650540645,United States,2023,318377,Consumer Discretionary,Other Specialty Stores
MAZE,Maze Therapeutics Inc. Common Stock,$29.69 ,0.76,2.63%,1649254798,United States,2025,49537,Health Care,Biotechnology: Biological Products (No Diagnostic Substances)
MQY,Blackrock MuniYield Quality Fund Inc. Common Stock,$11.06 ,-0.059,-0.53%,1645461692,United States,1992,127120,Finance,Investment Bankers/Brokers/Service
QCRH,QCR Holdings Inc. Common Stock,$100.35 ,-0.73,-0.72%,1643292865,United States,,35489,Finance,Major Banks
LILAK,Liberty Latin America Ltd. Class C Common Stock,$8.38 ,0.17,2.07%,1641642000,United States,,300058,Telecommunications,Cable & Other Pay Television Services
CTS,CTS Corporation Common Stock,$57.44 ,-0.3375,-0.58%,1640339231,United States,,59776,Technology,Electrical Products
ALNT,Allient Inc. Common Stock,$96.44 ,-2.99,-3.01%,1639722161,United States,,112663,Industrials,Electrical Products
UZD,Array Digital Infrastructure Inc. 6.250% Senior Notes due 2069,$19.06 ,-0.1443,-0.75%,1638790200,United States,2020,1376,Telecommunications,Telecommunications Equipment
FBRX,Forte Biosciences Inc. Common Stock,$76.94 ,0.045,0.06%,1633259808,United States,2017,1105086,Health Care,Biotechnology: Pharmaceutical Preparations
TSAT,Telesat Corporation Class A Common Shares and Class B Variable Voting Shares,$44.98 ,0.68,1.54%,1626387200,Canada,,75390,Industrials,Metal Fabrications
OMCL,Omnicell Inc. Common Stock ($0.001 par value),$35.60 ,0.1,0.28%,1623889870,United States,2001,220192,Technology,Computer Manufacturing
AI,C3.ai Inc. Class A Common Stock,$10.45 ,0.135,1.31%,1623667698,United States,2020,2918736,Technology,Computer Software: Prepackaged Software
FRA,Blackrock Floating Rate Income Strategies Fund Inc  Common Stock,$10.91 ,-0.01,-0.09%,1622998559,United States,2003,55847,Finance,Investment Bankers/Brokers/Service
HLMN,Hillman Solutions Corp. Common Stock,$8.34 ,0.025,0.30%,1621532567,United States,2020,189398,Consumer Discretionary,Industrial Machinery/Components
OBK,Origin Bancorp Inc. Common Stock,$52.54 ,-0.22,-0.42%,1620842082,United States,,38810,Finance,Major Banks
XNET,Xunlei Limited American Depositary Shares,$5.09 ,0.0503,1.00%,1620084289,China,2014,41406,Technology,Computer Software: Prepackaged Software
AMPL,Amplitude Inc. Class A Common Stock,$12.94 ,0.01,0.08%,1616413894,United States,,474307,Technology,Computer Software: Prepackaged Software
GAM,General American Investors Inc. Common Stock,$67.36 ,0.26,0.39%,1614997090,United States,,2529,Finance,Investment Managers
ASST,Strive Inc. Class A Common Stock,$18.90 ,2.77,17.17%,1614851967,United States,2023,8656745,Technology,Computer Software: Prepackaged Software
AZTA,Azenta Inc.,$36.85 ,0.34,0.93%,1614339282,United States,,142329,Technology,Industrial Machinery/Components
DSGR,Distribution Solutions Group Inc. Common Stock,$34.82 ,0.02,0.06%,1610613794,United States,,52527,Consumer Discretionary,Industrial Specialties
AGRO,Adecoagro S.A. Common Shares,$11.16 ,0.22,2.01%,1610482481,Luxembourg,2011,371917,Consumer Staples,Farming/Seeds/Milling
ICFI,ICF International Inc. Common Stock,$89.58 ,0.51,0.57%,1606517329,United States,2006,86097,Consumer Discretionary,Professional Services
BPOPM,Popular Inc. Popular Capital Trust II - 6.125% Cumulative Monthly Income Trust Preferred Securities,$25.16 ,0,0.00%,1604667085,United States,,16,Finance,Major Banks
OXLC,Oxford Lane Capital Corp. Common Stock,$9.24 ,-0.025,-0.27%,1603196000,United States,2011,205492,Finance,Investment Managers
AAPG,Ascentage Pharma Group International American Depository Shares,$17.15 ,-0.17,-0.98%,1600618898,China,2025,394,Health Care,Biotechnology: Pharmaceutical Preparations
PBT,Permian Basin Royalty Trust Common Stock,$34.34 ,0.27,0.79%,1600546055,United States,,16715,Energy,Oil & Gas Production
CNXC,Concentrix Corporation Common Stock,$26.21 ,1.01,4.01%,1599290954,United States,,206746,Technology,Computer Software: Prepackaged Software
IMKTA,Ingles Markets Incorporated Class A Common Stock,$84.13 ,-0.69,-0.81%,1597996853,United States,1987,30956,Consumer Staples,Food Chains
BCAX,Bicara Therapeutics Inc. Common Stock,$24.15 ,-0.245,-1.01%,1597745491,United States,2024,252027,Health Care,Biotechnology: Pharmaceutical Preparations
KMPR,Kemper Corporation,$27.04 ,-0.22,-0.81%,1593282084,United States,,120080,Finance,Property-Casualty Insurers
MYI,Blackrock MuniYield Quality Fund III Inc Common Stock,$10.71 ,-0.015,-0.14%,1592502252,United States,,89292,Finance,Investment Bankers/Brokers/Service
COUR,Coursera Inc. Common Stock,$6.01 ,0.16,2.74%,1589044000,United States,2021,1119574,Technology,Computer Software: Prepackaged Software
TYRA,Tyra Biosciences Inc. Common Stock,$26.60 ,0.91,3.54%,1587406577,United States,2021,80166,Health Care,Biotechnology: Pharmaceutical Preparations
XERS,Xeris Biopharma Holdings Inc. Common Stock,$8.70 ,0.1037,1.21%,1586861247,United States,2018,389489,Health Care,Biotechnology: Pharmaceutical Preparations
FRMEP,First Merchants Corporation Depository Shares,$25.25 ,0,0.00%,1585735931,United States,,3,Finance,Major Banks
GSL,Global Ship Lease Inc New Class A Common Shares,$44.14 ,0.7551,1.74%,1585255291,United Kingdom,,120181,Consumer Discretionary,Marine Transportation
CSWC,Capital Southwest Corporation Common Stock,$24.80 ,0.12,0.49%,1580599902,United States,,163029,Consumer Discretionary,Textiles
DCH,Dauch Corporation Common Stock,$6.64 ,0.28,4.40%,1577694557,United States,,806554,Consumer Discretionary,Auto Parts:O.E.M.
MUC,Blackrock MuniHoldings California Quality Fund Inc.  Common Stock,$10.60 ,0,0.00%,1576882193,United States,1998,129203,Finance,Investment Bankers/Brokers/Service
KMTS,Kestra Medical Technologies Ltd. Common Stock,$26.91 ,-0.355,-1.30%,1576716971,United States,2025,139518,Health Care,Medical/Dental Instruments
CPRI,Capri Holdings Limited Ordinary Shares,$13.87 ,0.1,0.73%,1576347942,Hong Kong,2011,876383,Consumer Discretionary,Apparel
AGL,agilon health inc. Common Stock,$93.83 ,1.1,1.19%,1575519234,United States,2021,66666,Health Care,Misc Health and Biotechnology Services
BRUN,Boost Run Inc. Class A Common Stock,$19.78 ,0.385,1.99%,1572261583,United States,,1059639,Technology,EDP Services
IIPR,Innovative Industrial Properties Inc. Common Stock,$56.98 ,0.25,0.44%,1571015466,United States,2016,48219,Finance,Real Estate
YSWY,Yesway Inc. Class A Common Stock,$24.79 ,0.17,0.69%,1566597753,United States,2026,100520,Consumer Staples,Food Chains
HROW,Harrow Inc. Common Stock,$41.77 ,-0.29,-0.69%,1565867495,United States,,130148,Health Care,Biotechnology: Pharmaceutical Preparations
ADNT,Adient plc Ordinary Shares,$20.30 ,0.81,4.16%,1565067720,United States,2016,117181,Consumer Discretionary,Auto Parts:O.E.M.
TWFG,TWFG Inc. Class A Common Stock,$28.95 ,0.51,1.79%,1564799436,United States,2024,19273,Finance,Specialty Insurers
FCEL,FuelCell Energy Inc. Common Stock,$19.56 ,1.2,6.54%,1563904074,United States,,5002886,Energy,Industrial Machinery/Components
MLKN,MillerKnoll Inc. Common Stock,$22.95 ,0.19,0.84%,1563428312,United States,,96478,Consumer Discretionary,Office Equipment/Supplies/Services
IAUX,i-80 Gold Corp. Common Shares,$1.81 ,0.045,2.56%,1562952538,Canada,2022,7032494,Basic Materials,Precious Metals
TRAX,First Tracks Biotherapeutics Inc. Ordinary Shares,$43.74 ,1.84,4.39%,1562867073,United States,,169363,Health Care,Biotechnology: Pharmaceutical Preparations
TNDM,Tandem Diabetes Care Inc. Common Stock,$22.44 ,-0.135,-0.60%,1560998292,United States,2013,341412,Health Care,Medical/Dental Instruments
ITG,ITG Inc. Class A Common Stock,$12.55 ,0.02,0.16%,1558173098,United States,2026,26954,Industrials,Water Sewer Pipeline Comm & Power Line Construction
AESI,Atlas Energy Solutions Inc. Common Stock,$12.47 ,-0.525,-4.04%,1558168017,United States,2023,1188660,Industrials,Mining & Quarrying of Nonmetallic Minerals (No Fuels)
HCSG,Healthcare Services Group Inc. Common Stock,$22.68 ,-0.32,-1.39%,1556578341,United States,1983,151604,Health Care,Hospital/Nursing Management
PRG,PROG Holdings Inc. Common Stock,$39.01 ,0.81,2.12%,1553832003,United States,,103022,Consumer Discretionary,Diversified Commercial Services
CNMD,CONMED Corporation Common Stock,$51.69 ,0.305,0.59%,1548030253,United States,1987,47900,Health Care,Biotechnology: Electromedical & Electrotherapeutic Apparatus
VSECU,VSE Corporation Tangible Equity Units,$55.14 ,0,0.00%,1547362231,United States,,25347,,
SBH,Sally Beauty Holdings Inc. (Name to be changed from Sally Holdings Inc.) Common Stock,$16.52 ,0.29,1.79%,1546640264,United States,,219786,Consumer Discretionary,Other Specialty Stores
PWP,Perella Weinberg Partners Class A Common Stock,$16.44 ,0.47,2.94%,1545989356,United States,2020,287586,Finance,Finance: Consumer Services
INBX,Inhibrx Biosciences Inc. Common Stock,$105.00 ,5.85,5.90%,1545354300,United States,,78260,Health Care,Biotechnology: Biological Products (No Diagnostic Substances)
BBAI,BigBear.ai Inc. Common Stock,$3.22 ,0.145,4.72%,1541574795,United States,2021,9783591,Technology,Computer Software: Prepackaged Software
BKT,BlackRock Income Trust Inc. (The),$10.36 ,-0.04,-0.39%,1541179200,United States,,46072,Finance,Investment Bankers/Brokers/Service
HLX,Helix Energy Solutions Group Inc. Common Stock,$10.44 ,-0.02,-0.19%,1538672747,United States,,300300,Energy,Oilfield Services/Equipment
OXSQG,Oxford Square Capital Corp. 5.50% Notes due 2028,$24.05 ,0,0.00%,1533376533,United States,,3,Consumer Discretionary,Other Consumer Services
ARDT,Ardent Health Inc. Common Stock,$10.85 ,0.37,3.53%,1530348091,United States,2024,48277,Health Care,Hospital/Nursing Management
BAND,Bandwidth Inc. Class A Common Stock,$47.33 ,-0.82,-1.70%,1523116696,United States,2017,231582,Technology,Computer Software: Prepackaged Software
INVA,Innoviva Inc. Common Stock,$21.08 ,0.08,0.38%,1522934824,United States,2004,96131,Health Care,Biotechnology: Pharmaceutical Preparations
FLO,Flowers Foods Inc. Common Stock,$7.18 ,0.0809,1.14%,1522302185,United States,,7141119,Consumer Staples,Packaged Foods
SAFT,Safety Insurance Group Inc. Common Stock,$103.57 ,0.03,0.03%,1520457521,United States,2002,23467,Finance,Property-Casualty Insurers
LBRX,LB Pharmaceuticals Inc Common Stock,$47.07 ,-0.16,-0.34%,1518439367,United States,2025,63657,Health Care,Biotechnology: Pharmaceutical Preparations
ENOV,Enovis Corporation Common Stock,$26.32 ,0.14,0.54%,1517861082,United States,,90137,Health Care,Industrial Specialties
AMPX,Amprius Technologies Inc. Common Stock,$10.39 ,0.19,1.86%,1517777621,United States,2022,1486689,Miscellaneous,Industrial Machinery/Components
ECCC,Eagle Point Credit Company 6.50% Series C Term Preferred Stock due 2031,$24.97 ,-0.195,-0.78%,1514439912,United States,,1507,Finance,Trusts Except Educational Religious and Charitable
SLBT,SL Science Holding Limited Ordinary Shares,$2.70 ,-0.01,-0.37%,1514051344,Taiwan,,9370,Health Care,Biotechnology: Biological Products (No Diagnostic Substances)
FRNM,Freenome Inc. Common stock,$14.09 ,0.58,4.29%,1513925609,United States,,324136,Health Care,Medical Specialities
NCV,Virtus Convertible & Income Fund Common Shares of Beneficial Interest,$16.75 ,0.17,1.03%,1513757281,United States,2003,24566,Finance,Finance Companies
XZO,Exzeo Group Inc. Common Stock,$16.72 ,0.54,3.34%,1506236549,,2025,57497,Technology,Computer Software: Prepackaged Software
RCAT,Red Cat Holdings Inc. Common Stock,$9.86 ,0.325,3.41%,1505000038,United States,,2636141,Technology,Computer Software: Prepackaged Software
NAT,Nordic American Tankers Limited Common Stock,$7.11 ,0.115,1.65%,1504488461,Bermuda,1995,1245078,Consumer Discretionary,Marine Transportation
SDGR,Schrodinger Inc. Common Stock,$20.00 ,0.42,2.15%,1496112560,United States,2020,416105,Health Care,Biotechnology: Pharmaceutical Preparations
MUA,Blackrock MuniAssets Fund Inc Common Stock,$10.05 ,0.03,0.30%,1495062834,United States,1993,82081,Finance,Investment Bankers/Brokers/Service
LKFN,Lakeland Financial Corporation Common Stock,$60.02 ,-0.42,-0.70%,1491967557,United States,,25055,Finance,Major Banks
INNV,InnovAge Holding Corp. Common Stock,$10.99 ,0.27,2.52%,1491742959,United States,2021,147252,Health Care,Medical/Nursing Services
GIC,Global Industrial Company Common Stock,$39.09 ,0.36,0.93%,1489655050,United States,,14156,Industrials,Industrial Machinery/Components
CYD,China Yuchai International Limited Common Stock,$39.66 ,0.95,2.45%,1487976651,Singapore,1994,67506,Industrials,Industrial Machinery/Components
NVAX,Novavax Inc. Common Stock,$9.01 ,0.59,7.01%,1486160991,United States,,5538529,Health Care,Biotechnology: Biological Products (No Diagnostic Substances)
FOR,Forestar Group Inc Common Stock,$28.99 ,0.11,0.38%,1479001007,United States,2017,6693,Finance,Real Estate
DMC,Del Monte Corporation Ordinary Shares,$31.34 ,-0.13,-0.41%,1477562472,Cayman Islands,,30105,Consumer Staples,Farming/Seeds/Milling
PFBC,Preferred Bank Common Stock,$102.79 ,-0.79,-0.76%,1475726221,United States,,48158,Finance,Major Banks
ECCV,Eagle Point Credit Company 5.375% Notes due 2029,$24.30 ,0.08,0.33%,1474099333,United States,2022,5773,Finance,Trusts Except Educational Religious and Charitable
SLVM,Sylvamo Corporation Common Stock,$37.02 ,0.3001,0.82%,1471928172,United States,2021,24096,Basic Materials,Paper
AFGC,American Financial Group Inc. 5.125% Subordinated Debentures due 2059,$17.75 ,-0.08,-0.45%,1471856022,United States,2019,8010,Finance,Property-Casualty Insurers
REX,REX American Resources Corporation,$44.44 ,0.05,0.11%,1463752188,United States,,24535,Industrials,Major Chemicals
OMDA,Omada Health Inc. Common Stock,$23.91 ,0.195,0.82%,1463385285,United States,2025,133335,Health Care,Medical/Nursing Services
CDRE,Cadre Holdings Inc. Common Stock,$34.17 ,0.32,0.95%,1463184481,United States,2021,52221,Health Care,Industrial Specialties
PAHC,Phibro Animal Health Corporation Class A Common Stock,$36.06 ,0.88,2.50%,1462763659,United States,2014,29165,Health Care,Biotechnology: Pharmaceutical Preparations
ORIC,Oric Pharmaceuticals Inc. Common Stock,$14.11 ,0.23,1.66%,1462538976,United States,2020,227146,Health Care,Biotechnology: Pharmaceutical Preparations
UZF,Array Digital Infrastructure Inc. 5.500% Senior Notes due 2070,$16.96 ,0,0.00%,1458560000,United States,2021,21,Telecommunications,Telecommunications Equipment
NVGS,Navigator Holdings Ltd. Ordinary Shares (Marshall Islands),$22.35 ,0.33,1.50%,1458347423,Marshall Islands,2013,78945,Consumer Discretionary,Marine Transportation
ENR,Energizer Holdings Inc. Common Stock,$21.26 ,0.265,1.26%,1455619704,United States,2015,194945,Miscellaneous,Industrial Machinery/Components
KMPB,Kemper Corporation 5.875% Fixed-Rate Reset Junior Subordinated Debentures due 2062,$24.69 ,0,0.00%,1454812672,United States,2022,4068,Finance,Property-Casualty Insurers
NBR,Nabors Industries Ltd.,$91.08 ,-0.74,-0.81%,1453757663,Bermuda,1951,48560,Energy,Oil & Gas Production
SLSR,Solaris Resources Inc. Common Shares,$8.69 ,0.55,6.76%,1451537000,,2024,72747,,
ATLC,Atlanticus Holdings Corporation Common Stock,$95.68 ,2.02,2.16%,1451469236,United States,1995,36790,Finance,Finance: Consumer Services
SCL,Stepan Company Common Stock,$63.80 ,0.13,0.20%,1450336052,United States,,60953,Consumer Discretionary,Package Goods/Cosmetics
AMAL,Amalgamated Financial Corp. Common Stock (DE),$48.40 ,-0.48,-0.98%,1447167115,United States,2018,33561,Finance,Major Banks
AMSC,American Superconductor Corporation Common Stock,$29.87 ,-0.18,-0.60%,1446966811,United States,1991,123579,Consumer Discretionary,Metal Fabrications
AVBP,ArriVent BioPharma Inc. Common Stock,$29.35 ,0.165,0.57%,1446935308,United States,2024,81550,Health Care,Biotechnology: Pharmaceutical Preparations
UZE,Array Digital Infrastructure Inc. 5.500% Senior Notes due 2070,$16.82 ,0.01,0.06%,1446520000,United States,2020,1938,Telecommunications,Telecommunications Equipment
ATEC,Alphatec Holdings Inc. Common Stock,$9.34 ,0.045,0.48%,1441800794,United States,2006,450962,Health Care,Medical/Dental Instruments
POET,POET Technologies Inc. Common Shares,$8.32 ,0.05,0.61%,1439843292,Canada,,3147932,Technology,Semiconductors
PEBO,Peoples Bancorp Inc. Common Stock,$39.89 ,-0.08,-0.20%,1433738945,United States,,55301,Finance,Major Banks
BHRB,Burke & Herbert Financial Services Corp. Common Stock,$71.01 ,0.005,0.01%,1433380278,United States,,44897,Finance,Major Banks
CNL,Collective Mining Ltd. Common Shares,$15.40 ,0.19,1.25%,1428237688,United States,,22790,,
NMAX,Newsmax Inc. Class B Common Stock,$11.04 ,0.17,1.56%,1425933521,United States,2025,276460,Industrials,Broadcasting
GIII,G-III Apparel Group LTD. Common Stock,$33.77 ,0.59,1.78%,1424775650,United States,1989,72824,Consumer Discretionary,Apparel
LSPD,Lightspeed Commerce Inc. Subordinate Voting Shares,$10.67 ,0.275,2.65%,1421798791,Canada,,195034,Technology,Computer Software: Prepackaged Software
ELE,Elemental Royalty Corporation Common Stock,$22.10 ,0.175,0.80%,1420843456,Canada,,88049,Basic Materials,Precious Metals
DMLP,Dorchester Minerals L.P. Common Units Representing Limited Partnership Interests,$28.92 ,0.31,1.08%,1419723519,United States,,77296,Energy,Oil & Gas Production
GBX,Greenbrier Companies Inc. (The) Common Stock,$45.88 ,0.07,0.15%,1419512794,United States,1994,58544,Industrials,Railroads
EYE,National Vision Holdings Inc. Common Stock,$17.94 ,-0.45,-2.45%,1418503475,United States,2017,309321,Health Care,Ophthalmic Goods
RES,RPC Inc. Common Stock,$6.39 ,0.025,0.39%,1415280022,United States,,485086,Energy,Oilfield Services/Equipment
AZUL,Azul S.A. American Depositary Shares each representing two (2) Common Shares,$7.65 ,0.02,0.26%,1409734059,,,2156,Consumer Discretionary,Air Freight/Delivery Services
ROCK,Gibraltar Industries Inc. Common Stock,$47.45 ,1.055,2.27%,1408352114,United States,1993,40304,Industrials,Steel/Iron Ore
UMH,UMH Properties Inc. Common Stock,$16.49 ,-0.115,-0.69%,1407581616,United States,1994,206719,Real Estate,Real Estate Investment Trusts
AMBQ,Ambiq Micro Inc. Common Stock,$58.20 ,0.38,0.66%,1407539995,United States,2025,89569,Technology,Semiconductors
ARLO,Arlo Technologies Inc. Common Stock,$13.07 ,0.03,0.23%,1406505883,United States,2018,258923,Consumer Discretionary,Diversified Commercial Services
VOR,Vor Biopharma Inc. Common Stock,$23.74 ,0.675,2.93%,1404512860,United States,2021,200694,Health Care,Biotechnology: Biological Products (No Diagnostic Substances)
CGEM,Cullinan Therapeutics Inc. Common Stock,$21.80 ,0.42,1.96%,1402932329,United States,2021,414891,Health Care,Biotechnology: Biological Products (No Diagnostic Substances)
QFIN,Qfin Holdings Inc. American Depositary Shares,$11.52 ,0.07,0.61%,1402581704,China,2018,603198,Finance,Finance: Consumer Services
FMC,FMC Corporation Common Stock,$11.19 ,0.3064,2.82%,1400837512,United States,,881751,Industrials,Major Chemicals
TMP,Tompkins Financial Corporation Common Stock,$97.39 ,0.27,0.28%,1400751118,United States,1997,20265,Finance,Major Banks
NRP,Natural Resource Partners LP Limited Partnership,$105.71 ,1.26,1.21%,1400701053,United States,2002,11614,Energy,Coal Mining
REPL,Replimune Group Inc. Common Stock,$14.85 ,0.8,5.69%,1399161565,United States,2018,1135226,Health Care,Biotechnology: Biological Products (No Diagnostic Substances)
OMER,Omeros Corporation Common Stock,$19.32 ,0.69,3.70%,1398542265,United States,2009,856572,Health Care,Biotechnology: Pharmaceutical Preparations
AAT,American Assets Trust Inc. Common Stock,$22.76 ,-0.07,-0.31%,1397559888,United States,2011,120460,Real Estate,Real Estate Investment Trusts
XPEL,XPEL Inc. Common Stock,$50.67 ,0.31,0.62%,1397009801,United States,,32387,Industrials,Industrial Specialties
ALVO,Alvotech Ordinary Shares,$4.47 ,0.2042,4.78%,1396635686,Luxembourg,,1260333,Health Care,Biotechnology: Biological Products (No Diagnostic Substances)
WOLF,Wolfspeed Inc. Common Stock New,$26.74 ,0.39,1.48%,1389733981,United States,2025,1685201,Technology,Semiconductors
TRS,TriMas Corporation Common Stock,$38.73 ,0.16,0.42%,1389395101,United States,2007,68551,Industrials,Industrial Specialties
MGRT,Mega Fortune Company Limited Ordinary Shares,$100.95 ,2.14,2.17%,1388062500,Hong Kong,2025,18931,Technology,EDP Services
AORT,Artivion Inc. Common Stock,$28.46 ,0.48,1.72%,1387602050,United States,,91433,Health Care,Medical/Dental Instruments
BORR,Borr Drilling Limited Common Shares,$4.50 ,0.065,1.47%,1383116332,Bermuda,2019,1394519,Energy,Oil & Gas Production
PUMP,ProPetro Holding Corp. Common Stock,$11.26 ,-0.07,-0.62%,1382997305,United States,2017,491939,Energy,Oilfield Services/Equipment
CTBI,Community Trust Bancorp Inc. Common Stock,$76.12 ,-0.1049,-0.14%,1382855636,United States,,19931,Finance,Major Banks
MNKD,MannKind Corporation Common Stock,$4.30 ,0.04,0.94%,1382624739,United States,2004,987990,Health Care,Biotechnology: Pharmaceutical Preparations
WLTH,Wealthfront Corporation Common Stock,$9.24 ,0.08,0.87%,1380097636,United States,2025,477847,Finance,Finance: Consumer Services
MGTX,MeiraGTx Holdings plc Ordinary Shares,$14.36 ,-0.182,-1.25%,1378985337,United States,2018,163570,Health Care,Biotechnology: Biological Products (No Diagnostic Substances)
VZLA,Vizsla Silver Corp. Common Shares,$3.90 ,0.03,0.78%,1378788193,Canada,2024,1535770,Basic Materials,Precious Metals
ESQ,Esquire Financial Holdings Inc. Common Stock,$113.89 ,0.45,0.40%,1378590958,United States,2017,25947,Finance,Commercial Banks
JBIO,Jade Biosciences Inc. Common Stock,$21.65 ,0.42,1.98%,1376883429,United States,2021,218588,Health Care,Biotechnology: Pharmaceutical Preparations
WD,Walker & Dunlop Inc Common Stock,$40.08 ,-0.1,-0.25%,1375775860,United States,2010,140319,Finance,Finance: Consumer Services
UMAC,Unusual Machines Inc. Common Stock,$27.51 ,1.53,5.89%,1374303453,United States,2024,2302242,Technology,Radio And Television Broadcasting And Communications Equipment
PCT,PureCycle Technologies Inc. Common stock,$6.84 ,0.09,1.33%,1374188900,United States,,1070539,Industrials,Major Chemicals
UFCS,United Fire Group Inc. Common Stock,$53.40 ,0.13,0.24%,1372670443,United States,,21157,Finance,Property-Casualty Insurers
PICS,PicS N.V. Class A Common Shares,$10.55 ,0.5,4.98%,1367148579,Brazil,2026,348920,Finance,Finance: Consumer Services
BJRI,BJ's Restaurants Inc. Common Stock,$64.21 ,-0.02,-0.03%,1365988451,United States,,58482,Consumer Discretionary,Restaurants
ALX,Alexander's Inc. Common Stock,$267.21 ,-5.05,-1.86%,1364718961,United States,,10607,Real Estate,Real Estate Investment Trusts
CNOBP,ConnectOne Bancorp Inc. Depositary Shares each representing a 1/40th interest in a share of 5.25% Fixed-Rate Reset Non-Cumulative Perpetual Preferred Stock Series A,$25.11 ,0.0122,0.05%,1363476442,United States,,9568,Finance,Major Banks
EFOR,Everforth Inc. Common Stock,$33.25 ,1.08,3.36%,1363250000,United States,,99196,Consumer Discretionary,Professional Services
VTOL,Bristow Group Inc. Common Stock,$45.98 ,0.04,0.09%,1362939160,United States,,49227,Consumer Discretionary,Transportation Services
LZB,La-Z-Boy Incorporated Common Stock,$34.01 ,0.36,1.07%,1362194742,United States,,200566,Consumer Discretionary,Home Furnishings
LQDT,Liquidity Services Inc. Common Stock,$43.40 ,0.645,1.51%,1359635563,United States,2006,46146,Consumer Discretionary,Business Services
NSSC,NAPCO Security Technologies Inc. Common Stock,$38.05 ,0.28,0.74%,1359425173,United States,,66800,Telecommunications,Telecommunications Equipment
AKTS,Aktis Oncology Inc. Common stock,$24.44 ,0.44,1.83%,1359340556,United States,2026,80303,Health Care,Biotechnology: Pharmaceutical Preparations
PNTG,The Pennant Group Inc. Common Stock,$38.91 ,-0.09,-0.23%,1359090269,United States,,46555,Health Care,Medical/Nursing Services
DFH,Dream Finders Homes Inc. Class A Common Stock,$14.97 ,0.28,1.91%,1358136469,United States,2022,100855,Consumer Discretionary,Homebuilding
TRUP,Trupanion Inc. Common Stock,$30.93 ,0.248,0.81%,1356892113,United States,,85374,Health Care,Medical Specialities
AMN,AMN Healthcare Services Inc,$34.99 ,0.2,0.58%,1355162385,United States,,92742,Consumer Discretionary,Professional Services
DRTS,Alpha Tau Medical Ltd. Ordinary Shares,$14.65 ,0.29,2.02%,1354804956,Israel,,240078,Health Care,Medical/Dental Instruments
HLIT,Harmonic Inc. Common Stock,$12.40 ,0.03,0.24%,1352423918,United States,1995,233069,Technology,Radio And Television Broadcasting And Communications Equipment
MLTX,MoonLake Immunotherapeutics Class A Ordinary Shares,$15.87 ,-0.005,-0.03%,1350217558,United States,2020,237923,Health Care,Biotechnology: Pharmaceutical Preparations
TE,T1 Energy Inc. Common Stock,$4.57 ,0.21,4.82%,1345988692,Luxembourg,2021,8220206,Technology,Semiconductors
LGIH,LGI Homes Inc. Common Stock,$57.90 ,1.145,2.02%,1345958707,United States,2013,36770,Consumer Discretionary,Homebuilding
CCEC,Capital Clean Energy Carriers Corp. Common Share,$22.29 ,-0.3631,-1.60%,1343672253,Greece,2007,267,Consumer Discretionary,Marine Transportation
ULCC,Frontier Group Holdings Inc. Common Stock,$5.84 ,0.075,1.30%,1343309024,United States,2021,539076,Consumer Discretionary,Air Freight/Delivery Services
LTGO,Latigo Biotherapeutics Inc. Common Stock,$21.24 ,-0.16,-0.75%,1343175757,United States,2026,43560,Health Care,Biotechnology: Pharmaceutical Preparations
WABC,Westamerica Bancorporation Common Stock,$58.05 ,-0.3,-0.51%,1341602432,United States,,24341,Finance,Major Banks
ORC,Orchid Island Capital Inc. Common Stock,$6.72 ,0.01,0.15%,1341335103,United States,2013,807675,Real Estate,Real Estate Investment Trusts
ARHS,Arhaus Inc. Class A Common Stock,$9.46 ,-0.19,-1.97%,1340971394,United States,2021,308297,Consumer Discretionary,Other Specialty Stores
ANRO,Alto Neuroscience Inc. Common Stock,$34.12 ,-0.13,-0.38%,1338940588,United States,2024,84268,Health Care,Biotechnology: Pharmaceutical Preparations
AFGE,American Financial Group Inc. 4.500% Subordinated Debentures due 2060,$16.12 ,-0.0515,-0.32%,1336569650,United States,2020,5196,Finance,Property-Casualty Insurers
EOSE,Eos Energy Enterprises Inc. Class A Common Stock,$3.66 ,0.195,5.64%,1331033104,United States,,10176804,Miscellaneous,Industrial Machinery/Components
TBN,Tamboran Resources Corporation Common stock,$38.12 ,0.15,0.40%,1328726425,,2024,30596,Energy,Oil & Gas Production
FMBH,First Mid Bancshares Inc. Common Stock,$49.87 ,-0.39,-0.78%,1326637351,United States,,15043,Finance,Major Banks
UAN,CVR Partners LP Common Units representing Limited Partner Interests,$125.36 ,0.87,0.70%,1325009694,United States,2011,14468,Industrials,Agricultural Chemicals
SGML,Sigma Lithium Corporation Common Shares,$11.77 ,1.035,9.65%,1324366202,Canada,,816134,Basic Materials,Metal Mining
REAL,The RealReal Inc. Common Stock,$10.87 ,-0.78,-6.70%,1322565020,United States,2019,2702592,Consumer Discretionary,Other Specialty Stores
HLF,Herbalife Ltd. Common Shares,$12.59 ,0.44,3.62%,1319474554,Cayman Islands,2004,287939,Health Care,Other Pharmaceuticals
PRSU,Pursuit Attractions and Hospitality Inc. Common Stock,$48.38 ,0.36,0.75%,1319039819,United States,,33919,Consumer Discretionary,Services-Misc. Amusement & Recreation
GOLD,Gold.com Inc. Common Stock,$45.33 ,-0.335,-0.73%,1314623252,United States,,149032,Industrials,Other Specialty Stores
CLVT,Clarivate Plc Ordinary Shares,$2.06 ,-0.015,-0.73%,1314509526,United Kingdom,2019,772490,Technology,EDP Services
CERT,Certara Inc. Common Stock,$8.62 ,-0.115,-1.32%,1314121590,United States,2020,582038,Technology,Computer Software: Prepackaged Software
CRI,Carter's Inc. Common Stock,$35.74 ,-0.5,-1.38%,1312057752,United States,2003,197087,Consumer Discretionary,Apparel
IART,Integra LifeSciences Holdings Corporation Common Stock,$16.87 ,0.28,1.69%,1312022176,United States,,94897,Health Care,Medical/Dental Instruments
SENEA,Seneca Foods Corp. Class A Common Stock,$193.52 ,0.9,0.47%,1310218839,United States,,18337,Consumer Staples,Packaged Foods
APPS,Digital Turbine Inc. Common Stock,$10.82 ,0.11,1.03%,1309395825,United States,,608438,Miscellaneous,Multi-Sector Companies
ODC,Oil-Dri Corporation Of America Common Stock,$90.34 ,-1.897,-2.06%,1308919649,United States,,80365,Consumer Discretionary,Miscellaneous manufacturing industries
RMIX,Suncrete Inc. Class A Common Stock,$17.79 ,0.11,0.62%,1307312987,United States,,44743,Industrials,Building Materials
AFYA,Afya Limited Class A Common Shares,$13.93 ,0.05,0.36%,1305559036,Brazil,2019,17259,Real Estate,Other Consumer Services
TEN,Tsakos Energy Navigation Ltd Common Shares,$43.24 ,0.92,2.17%,1302717554,Greece,,141707,Consumer Discretionary,Marine Transportation
SPTX,Seaport Therapeutics Inc. Common Stock,$24.33 ,0.295,1.23%,1302398282,United States,2026,31177,Health Care,Biotechnology: Pharmaceutical Preparations
YSS,York Space Systems Inc. Common Stock,$9.47 ,0.27,2.94%,1300776519,,2026,1088828,Industrials,Military/Government/Technical
JCAP,Jefferson Capital Inc. Common Stock,$22.63 ,0.29,1.30%,1299539880,United States,2025,38793,Finance,Finance Companies
WLDN,Willdan Group Inc. Common Stock,$85.28 ,-0.3,-0.35%,1298992720,United States,2006,71794,Consumer Discretionary,Military/Government/Technical
SENEB,Seneca Foods Corp. Class B Common Stock,$191.77 ,0,0.00%,1298370539,United States,,13,Consumer Staples,Packaged Foods
AEVA,Aeva Technologies Inc. Common Stock,$18.62 ,-0.25,-1.33%,1297921214,United States,,456552,Consumer Discretionary,Auto Parts:O.E.M.
RYZ,Ryerson Holding Corporation Common Stock,$24.99 ,0.815,3.37%,1296687845,United States,2014,182245,Industrials,Metal Fabrications
HBNB,Hotel101 Global Holdings Corp. Class A Ordinary Shares,$5.54 ,-0.045,-0.81%,1295369257,Singapore,,338,Consumer Discretionary,Hotels/Resorts
LEG,Leggett & Platt Incorporated Common Stock,$9.47 ,0.13,1.39%,1293497783,United States,,871564,Consumer Discretionary,Home Furnishings
NUTX,Nutex Health Inc. Common Stock,$188.30 ,-0.24,-0.13%,1289473316,United States,,42878,Consumer Discretionary,Business Services
FBYD,Falcon's Beyond Global Inc. Class A Common Stock,$10.59 ,-0.06,-0.56%,1284135436,United States,,17088,Consumer Discretionary,Services-Misc. Amusement & Recreation
HBT,HBT Financial Inc. Common Stock,$35.31 ,-0.15,-0.42%,1284069760,United States,2019,40099,Finance,Major Banks
EPC,Edgewell Personal Care Company Common Stock,$27.77 ,0.205,0.74%,1279658725,United States,,87764,Consumer Discretionary,Package Goods/Cosmetics
OSBC,Old Second Bancorp Inc. Common Stock,$25.14 ,-0.06,-0.24%,1279015500,United States,,127252,Finance,Major Banks
ACVA,ACV Auctions Inc. Class A Common Stock,$7.52 ,-0.15,-1.96%,1276956010,United States,2025,810698,Consumer Discretionary,Business Services
MUX,McEwen Inc. Common Stock,$20.79 ,0.52,2.57%,1275644587,Canada,,462875,Basic Materials,Precious Metals
ASM,Avino Silver & Gold Mines Ltd. Common Shares (Canada),$7.51 ,-0.0901,-1.19%,1275596100,Canada,,2412596,Basic Materials,Metal Mining
SID,Companhia Siderurgica Nacional S.A. Common Stock,$0.96 ,0.0651,7.30%,1268276251,Brazil,,690427,Industrials,Steel/Iron Ore
LADR,Ladder Capital Corp Class A Common Stock,$9.99 ,0.005,0.05%,1266750050,United States,2014,164035,Real Estate,Real Estate Investment Trusts
YELP,Yelp Inc. Common Stock,$23.34 ,-0.262,-1.11%,1266404387,United States,2012,277684,Consumer Discretionary,Other Consumer Services
GLUE,Monte Rosa Therapeutics Inc. Common Stock,$14.83 ,0.05,0.34%,1265197737,United States,2021,236175,Health Care,Biotechnology: Biological Products (No Diagnostic Substances)
TWO,Two Harbors Investment Corp,$12.03 ,-0.01,-0.08%,1264771163,United States,,365479,Real Estate,Real Estate Investment Trusts
UTI,Universal Technical Institute Inc Common Stock,$22.94 ,0.015,0.07%,1263609123,United States,2003,453390,Real Estate,Other Consumer Services
THRM,Gentherm Inc Common Stock,$41.08 ,0.41,1.01%,1261374422,United States,,40851,Consumer Discretionary,Auto Parts:O.E.M.
DOLE,Dole plc Ordinary Shares,$13.31 ,-0.065,-0.49%,1256774427,Ireland,2021,101222,Consumer Staples,Farming/Seeds/Milling
CBRL,Cracker Barrel Old Country Store Inc Common Stock,$56.20 ,1.07,1.94%,1256152052,United States,1981,115623,Consumer Discretionary,Restaurants
MYE,Myers Industries Inc. Common Stock,$33.30 ,-0.21,-0.63%,1252681731,United States,1983,47559,Industrials,Plastic Products
NHP,National Healthcare Properties Inc. Class A Common Stock,$17.16 ,0.08,0.47%,1250683148,United States,,135264,Real Estate,Real Estate Investment Trusts
LU,Lufax Holding Ltd American Depositary Shares each representing two (2) Ordinary Shares,$1.44 ,0.035,2.50%,1243698560,China,,215653,Finance,Finance: Consumer Services
CRVS,Corvus Pharmaceuticals Inc. Common Stock,$14.72 ,0.39,2.72%,1238260296,United States,2016,178631,Health Care,Biotechnology: Pharmaceutical Preparations
SHLS,Shoals Technologies Group Inc. Class A Common Stock,$7.35 ,-0.025,-0.34%,1237004633,United States,2021,2002412,Technology,Semiconductors
PRCT,PROCEPT BioRobotics Corporation Common Stock,$21.54 ,0.805,3.88%,1233388247,United States,2021,182807,Health Care,Medical/Dental Instruments
OPY,Oppenheimer Holdings Inc. Class A Common Stock (DE),$115.08 ,3.33,2.98%,1232277215,United States,,70104,Finance,Investment Bankers/Brokers/Service
OBX,Obsidian Therapeutics Inc. Common Stock,$19.83 ,-0.36,-1.78%,1224956131,United States,,1031155,Health Care,Biotechnology: Pharmaceutical Preparations
ASIC,Ategrity Specialty Insurance Company Holdings Common Stock,$25.55 ,0.26,1.03%,1224533010,,2025,10980,Finance,Property-Casualty Insurers
WAFDP,WaFd Inc. Depositary Shares,$16.54 ,-0.035,-0.21%,1223511260,United States,,1874,Finance,Major Banks
MMI,Marcus & Millichap Inc. Common Stock,$32.30 ,-0.4,-1.22%,1223233397,United States,2013,18923,Finance,Real Estate
CLBK,Columbia Financial Inc. Common Stock,$11.74 ,-0.02,-0.17%,1221517286,United States,2018,619783,Finance,Savings Institutions
BW,Babcock & Wilcox Enterprises Inc. Common Stock,$8.19 ,-0.24,-2.85%,1220023891,United States,2015,3411017,Industrials,Building Products
NEWP,New Pacific Metals Corp. Common Shares,$6.59 ,-0.26,-3.80%,1219610344,Canada,2021,381211,Basic Materials,Precious Metals
WINA,Winmark Corporation Common Stock,$338.14 ,-4.75,-1.39%,1214656026,United States,,10592,Consumer Discretionary,Other Specialty Stores
ODTX,Odyssey Therapeutics Inc. Common Stock,$25.24 ,0.57,2.31%,1212997221,United States,2026,30984,Health Care,Biotechnology: Biological Products (No Diagnostic Substances)
MRTN,Marten Transport Ltd. Common Stock,$14.85 ,0.12,0.82%,1212675785,United States,1986,53929,Industrials,Trucking Freight/Courier Services
CCO,Clear Channel Outdoor Holdings Inc. Common Stock,$2.38 ,-0.01,-0.42%,1211643351,United States,2005,1978308,Consumer Discretionary,Advertising
PDM,Piedmont Realty Trust Inc. Class A Common Stock,$9.68 ,-0.055,-0.57%,1210660082,United States,,173556,Real Estate,Building operators
BRBR,BellRing Brands Inc. Common Stock,$10.41 ,-0.04,-0.38%,1210456000,United States,2022,391600,Consumer Staples,Packaged Foods
GDRX,GoodRx Holdings Inc. Class A Common Stock,$3.54 ,-0.025,-0.70%,1205948947,United States,2020,510825,Technology,EDP Services
IMTX,Immatics N.V. Ordinary Shares,$8.99 ,0.435,5.09%,1204857735,Germany,,184709,Health Care,Biotechnology: Biological Products (No Diagnostic Substances)
AIIR,Air Global PLC Ordinary Shares,$7.51 ,0.2596,3.58%,1204503381,United Arab Emirates,,2658,Consumer Discretionary,Tobacco
BVS,Bioventus Inc. Class A Common Stock,$14.32 ,-0.01,-0.07%,1204195722,United States,2021,140755,Health Care,Medical/Dental Instruments
CRON,Cronos Group Inc. Common Share,$3.27 ,0.045,1.40%,1202868001,Canada,,359101,Health Care,Medicinal Chemicals and Botanical Products
IRS,IRSA Inversiones Y Representaciones S.A. Global Depositary Shares (Each representing ten shares of Common Stock),$14.80 ,0.255,1.75%,1199574339,Argentina,,18884,Real Estate,Homebuilding
DFIN,Donnelley Financial Solutions Inc. Common Stock,$48.35 ,-0.175,-0.36%,1188580341,United States,2016,43490,Consumer Discretionary,Other Consumer Services
SANA,Sana Biotechnology Inc. Common Stock,$3.97 ,0.225,6.02%,1186964926,United States,2021,1488269,Health Care,Biotechnology: Biological Products (No Diagnostic Substances)
QNST,QuinStreet Inc. Common Stock,$20.63 ,0.26,1.28%,1185097983,United States,2010,132064,Consumer Discretionary,Business Services
TRIP,TripAdvisor Inc. Common Stock,$10.10 ,0.065,0.65%,1183127357,United States,,752404,Technology,Computer Software: Programming Data Processing
SCCD,Sachem Capital Corp. 6.00% Notes due 2026,$24.99 ,0,0.00%,1183083777,United States,,3,Real Estate,Real Estate Investment Trusts
UVE,UNIVERSAL INSURANCE HOLDINGS INC Common Stock,$42.51 ,0.175,0.41%,1182929239,United States,,34605,Finance,Property-Casualty Insurers
NCZ,Virtus Convertible & Income Fund II Common Shares of Beneficial Interest,$15.53 ,0.105,0.68%,1181697003,United States,2003,18541,Finance,Finance Companies
HFWA,Heritage Financial Corporation Common Stock,$28.85 ,-0.1,-0.35%,1180413848,United States,,75121,Finance,Banks
AVO,Mission Produce Inc. Common Stock,$13.36 ,0.115,0.87%,1179511022,United States,2020,102757,Consumer Staples,Farming/Seeds/Milling
KYIVW,Kyivstar Group Ltd. Warrant,$5.10 ,0,0.00%,1177404482,United Arab Emirates,,3,Telecommunications,Telecommunications Equipment
TDOC,Teladoc Health Inc. Common Stock,$6.48 ,-0.0099,-0.15%,1177330624,United States,2015,1012337,Health Care,Medical/Nursing Services
TK,Teekay Corporation Ltd. Common Stock,$13.56 ,0.375,2.85%,1176283001,Bermuda,,145149,Consumer Discretionary,Marine Transportation
GNK,Genco Shipping & Trading Limited Ordinary Shares New (Marshall Islands),$26.97 ,0.88,3.37%,1175530737,United States,,290482,Consumer Discretionary,Marine Transportation
USPH,U.S. Physical Therapy Inc. Common Stock,$78.75 ,0.75,0.96%,1175162468,United States,1992,53738,Health Care,Medical/Nursing Services
TNC,Tennant Company Common Stock,$68.91 ,0.885,1.30%,1174782223,United States,,43376,Industrials,Industrial Machinery/Components
CRSR,Corsair Gaming Inc. Common Stock,$10.85 ,-0.06,-0.55%,1173720005,United States,2020,350534,Technology,Computer peripheral equipment
LNN,Lindsay Corporation Common Stock,$115.36 ,-0.78,-0.67%,1173082574,United States,,51704,Industrials,Industrial Machinery/Components
WBTN,WEBTOON Entertainment Inc. Common stock,$8.64 ,0.265,3.17%,1171865089,United States,2024,110935,Consumer Discretionary,Publishing
MBINM,Merchants Bancorp Depositary Shares Each Representing a 1/40th Interest in a Share of 8.25% Fixed-Rate Reset Series D Non-Cumulative Perpetual Preferred Stock,$25.46 ,-0.09,-0.35%,1169583390,United States,,1342,Finance,Major Banks
IMPPP,Imperial Petroleum Inc. 8.75% Series A Cumulative Redeemable Perpetual Preferred Shares,$25.86 ,0.105,0.41%,1168999128,Greece,,1054,Consumer Discretionary,Marine Transportation
SPH,Suburban Propane Partners L.P. Common Stock,$17.52 ,-0.09,-0.51%,1168801020,United States,1996,58930,Consumer Discretionary,Other Specialty Stores
STAA,STAAR Surgical Company Common Stock,$23.29 ,0.22,0.95%,1167853387,United States,,131492,Health Care,Ophthalmic Goods
NPKI,NPK International Inc. Common Stock,$13.74 ,-0.0581,-0.42%,1166823272,United States,,148275,Industrials,Misc Corporate Leasing Services
SCCG,Sachem Capital Corp. 8.00% Notes due 2027,$24.63 ,0,0.00%,1166040553,United States,2022,39,Real Estate,Real Estate Investment Trusts
VMET,Versamet Royalties Corporation Common Stock,$10.71 ,0.21,2.00%,1165564020,Canada,,108381,Industrials,Precious Metals
EOSEW,Eos Energy Enterprises Inc. Warrant,$3.20 ,0.4,14.29%,1165336781,United States,,4804,Miscellaneous,Industrial Machinery/Components
FUBO,FuboTV Inc. Class A Common Stock,$10.67 ,0.08,0.76%,1165129803,United States,2020,509961,Consumer Discretionary,Movies/Entertainment
SCCF,Sachem Capital Corp. 7.125% Notes due 2027,$24.57 ,0,0.00%,1163200016,United States,2022,81,Real Estate,Real Estate Investment Trusts
CRCT,Cricut Inc. Class A Common Stock,$5.55 ,0.145,2.69%,1161369287,United States,2021,164897,Technology,Industrial Machinery/Components
SCCE,Sachem Capital Corp. 6.00% Notes due 2027,$24.53 ,-0.01,-0.04%,1161306325,United States,2022,9015,Real Estate,Real Estate Investment Trusts
DEA,Easterly Government Properties Inc. Common Stock,$24.50 ,-0.28,-1.13%,1159379617,United States,2015,73137,Real Estate,Real Estate Investment Trusts
WLFC,Willis Lease Finance Corporation Common Stock,$54.81 ,0.625,1.15%,1158803003,United States,1996,36321,Consumer Discretionary,Industrial Specialties
AMRC,Ameresco Inc. Class A Common Stock,$21.80 ,-0.39,-1.76%,1156843400,United States,2010,164078,Consumer Discretionary,Engineering & Construction
SVRA,Savara Inc. Common Stock,$5.63 ,0.135,2.46%,1155712584,United States,,498113,Health Care,Biotechnology: Pharmaceutical Preparations
RDWR,Radware Ltd. Ordinary Shares,$27.29 ,0.31,1.15%,1154557211,Israel,1999,30505,Consumer Discretionary,Business Services
GTM,ZoomInfo Technologies Inc Common Stock,$3.97 ,0.085,2.19%,1154251332,United States,2020,1166313,Technology,Computer Software: Prepackaged Software
GHM,Graham Corporation Common Stock,$98.34 ,-1.6499,-1.65%,1154220999,United States,1978,47863,Industrials,Industrial Machinery/Components
AIP,Arteris Inc. Common Stock,$23.48 ,-0.48,-2.00%,1154091355,United States,2021,190907,Technology,Semiconductors
HZO,MarineMax Inc.  (FL) Common Stock,$52.22 ,-0.03,-0.06%,1153369876,United States,1998,172557,Consumer Discretionary,Auto & Home Supply Stores
OCSL,Oaktree Specialty Lending Corporation Common Stock,$13.09 ,-0.025,-0.19%,1152599068,United States,,186651,Finance,Finance: Consumer Services
ASA,ASA  Gold and Precious Metals Limited,$63.26 ,0.945,1.52%,1152312729,United States,,32993,Industrials,Precious Metals
HQH,abrdn Healthcare Investors Shares of Beneficial Interest,$24.31 ,0.47,1.97%,1150925979,United States,1987,76540,Finance,Finance Companies
LAC,Lithium Americas Corp. Common Shares,$3.17 ,0.2,6.73%,1150846129,Canada,2023,6374523,Basic Materials,Metal Mining
MBINL,Merchants Bancorp Depositary Shares Each Representing a 1/40thInterest in a Share of 7.25% Fixed Rate Series E Non-CumulativePerpetual Preferred Stock without par value,$25.03 ,0.015,0.06%,1149600327,United States,,1484,Finance,Major Banks
BRAI,Braiin Limited Common Stock,$5.56 ,-0.06,-1.07%,1145850548,Australia,,8391,Technology,EDP Services
BKSY,BlackSky Technology Inc. Class A Common Stock,$27.99 ,1.261,4.72%,1145527364,United States,2019,243632,Technology,Radio And Television Broadcasting And Communications Equipment
IGIC,International General Insurance Holdings Ltd. Ordinary Share,$26.68 ,0.37,1.41%,1143030323,Jordan,2018,18556,Finance,Property-Casualty Insurers
GOODN,Gladstone Commercial Corporation 6.625% Series E Cumulative Redeemable Preferred Stock,$23.60 ,0,0.00%,1142417024,United States,,153,Real Estate,Real Estate
UVSP,Univest Financial Corporation Common Stock,$41.42 ,-0.34,-0.81%,1142395411,United States,,43661,Finance,Major Banks
PDS,Precision Drilling Corporation Common Stock,$89.59 ,0.465,0.52%,1141891440,Canada,,25967,Energy,Oil & Gas Production
ELVR,Elevra Lithium Limited American Depository Shares,$67.22 ,5.657,9.19%,1138499835,Australia,,22788,Industrials,Mining & Quarrying of Nonmetallic Minerals (No Fuels)
ECVT,Ecovyst Inc. Common Stock,$10.39 ,0.07,0.68%,1137376655,United States,2017,217029,Industrials,Major Chemicals
MCB,Metropolitan Bank Holding Corp. Common Stock,$91.52 ,-0.11,-0.12%,1134644643,United States,2017,54623,Finance,Major Banks
GPRE,Green Plains Inc. Common Stock,$16.17 ,0.15,0.94%,1133441454,United States,,219708,Industrials,Major Chemicals
RDVT,Red Violet Inc. Common Stock,$70.42 ,-0.115,-0.16%,1129947745,United States,,47870,Technology,Computer Software: Prepackaged Software
DEC,Diversified Energy Company Common Stock,$14.71 ,0,0.00%,1129085041,United States,2025,114242,,
VRTS,Virtus Investment Partners Inc. Common Stock,$170.20 ,2.12,1.26%,1127181838,United States,,22900,Finance,Investment Managers
LMRI,Lumexa Imaging Holdings Inc. Common Stock,$11.71 ,0.03,0.26%,1125037969,United States,2025,131103,Health Care,Medical Specialities
PSEC,Prospect Capital Corporation Common Stock,$2.25 ,-0.035,-1.54%,1124762181,United States,2004,1643461,Finance,Finance: Consumer Services
LFMDP,LifeMD Inc. 8.875% Series A Cumulative Perpetual Preferred Stock,$23.30 ,0.125,0.54%,1123079502,United States,,928,Health Care,Medical/Nursing Services
SCSC,ScanSource Inc. Common Stock,$55.06 ,-1.33,-2.36%,1119068567,United States,,204800,Technology,Retail: Computer Software & Peripheral Equipment
BCX,BlackRock Resources Common Shares of Beneficial Interest,$13.18 ,0.195,1.50%,1118004282,United States,2011,83370,Finance,Finance/Investors Services
IVA,Inventiva S.A. American Depository Shares,$4.73 ,0.0791,1.70%,1117392703,France,2020,228421,Health Care,Biotechnology: Pharmaceutical Preparations
AMTB,Amerant Bancorp Inc. Class A Common Stock,$28.46 ,0.02,0.07%,1115343359,United States,,44165,Finance,Major Banks
DJTWW,Trump Media & Technology Group Corp. Warrants,$4.01 ,0.18,4.70%,1114544509,United States,2021,15204,Technology,Computer Software: Programming Data Processing
GSBD,Goldman Sachs BDC Inc. Common Stock,$9.90 ,-0.025,-0.25%,1113870918,United States,2015,430643,Finance,Investment Managers
IRMD,iRadimed Corporation Common Stock,$87.06 ,0.38,0.44%,1113235436,United States,2014,23136,Health Care,Medical/Dental Instruments
GO,Grocery Outlet Holding Corp. Common Stock,$11.24 ,0.125,1.13%,1113214268,United States,2019,441593,Consumer Staples,Food Chains
UVV,Universal Corporation Common Stock,$44.67 ,-0.85,-1.87%,1112249810,United States,,77107,Industrials,Farming/Seeds/Milling
LAR,Lithium Argentina AG Common Shares,$6.75 ,0.765,12.79%,1106854500,Canada,2023,1488080,Basic Materials,Metal Mining
BOW,Bowhead Specialty Holdings Inc. Common Stock,$33.48 ,-0.01,-0.03%,1102931807,United States,2024,95612,Finance,Property-Casualty Insurers
BST,BlackRock Science and Technology Trust Common Shares of Beneficial Interest,$49.71 ,0.52,1.06%,1101465729,United States,2014,33658,Finance,Finance Companies
BTZ,BlackRock Credit Allocation Income Trust,$10.19 ,-0.035,-0.34%,1101354975,United States,2006,57668,Finance,Finance/Investors Services
CRAI,CRA International Inc. Common Stock,$175.45 ,1.07,0.61%,1101275087,United States,1998,60491,Consumer Discretionary,Other Consumer Services
MSEX,Middlesex Water Company Common Stock,$58.44 ,-0.32,-0.55%,1101240204,United States,,19094,Utilities,Water Supply
OPK,OPKO Health Inc. Common Stock,$1.48 ,0.015,1.03%,1100834132,United States,,712247,Health Care,Biotechnology: Pharmaceutical Preparations
LOMA,Loma Negra Compania Industrial Argentina Sociedad Anonima ADS,$9.40 ,0.08,0.86%,1096948322,Argentina,2017,131401,Industrials,Building Materials
UPBD,Upbound Group Inc. Common Stock,$18.81 ,0.27,1.46%,1096611808,United States,,153227,Consumer Discretionary,Diversified Commercial Services
DLX,Deluxe Corporation Common Stock,$23.89 ,-0.01,-0.04%,1095506768,United States,,129903,Consumer Discretionary,Publishing
FSBC,Five Star Bancorp Common Stock,$44.60 ,-0.44,-0.98%,1094332984,United States,2021,33931,Finance,Major Banks
TUYA,Tuya Inc. American Depositary Shares each representing one Class A Ordinary Share,$1.78 ,0.03,1.71%,1091649265,China,2021,185482,Technology,Computer Software: Prepackaged Software
VYX,NCR Voyix Corporation Common Stock,$7.91 ,0.255,3.33%,1091442544,United States,,618299,Miscellaneous,Office Equipment/Supplies/Services
UPWK,Upwork Inc. Common Stock,$8.70 ,0.035,0.40%,1086034759,United States,2018,477925,Technology,EDP Services
OI,O-I Glass Inc. Common Stock,$7.06 ,0.675,10.58%,1084069515,United States,,1580863,Consumer Discretionary,Containers/Packaging
SAFE,Safehold Inc. New Common Stock,$15.26 ,-0.11,-0.72%,1080656433,United States,2023,36121,Real Estate,Real Estate Investment Trusts
BXBL,BOXABL Inc. Common stock,$4.47 ,0.2399,5.67%,1079451094,United States,2025,76106,Consumer Discretionary,Homebuilding
NPK,National Presto Industries Inc. Common Stock,$151.11 ,0.395,0.26%,1078295404,United States,,45047,Industrials,Ordnance And Accessories
JANX,Janux Therapeutics Inc. Common Stock,$17.61 ,0.33,1.91%,1076618573,United States,2021,118143,Health Care,Biotechnology: Pharmaceutical Preparations
DSL,DoubleLine Income Solutions Fund Common Shares of Beneficial Interests,$10.56 ,0.025,0.24%,1076576520,United States,2013,125279,Finance,Trusts Except Educational Religious and Charitable
ETW,Eaton Vance Corporation Eaton Vance Tax-Managed Global Buy-Write Opportunites Fund Common Shares of Beneficial Interest,$9.82 ,0.0201,0.21%,1076261218,United States,2005,68805,Finance,Investment Managers
LUXE,LuxExperience B.V. American Depositary Shares each representing one Ordinary Share,$7.87 ,0.01,0.13%,1073265395,,2021,15838,Consumer Discretionary,Catalog/Specialty Distribution
AVTX,Avalo Therapeutics Inc. Common Stock,$19.98 ,0.16,0.81%,1071527180,United States,2015,267573,Health Care,Biotechnology: Pharmaceutical Preparations
SIFY,Sify Technologies Limited American Depositary Shares,$14.78 ,0.52,3.65%,1070583610,India,,8033,Technology,Computer Software: Programming Data Processing
CMP,Compass Minerals Intl Inc Common Stock,$25.50 ,0.88,3.57%,1070512287,United States,2003,70710,Industrials,Mining & Quarrying of Nonmetallic Minerals (No Fuels)
APMD,Apnimed Inc. Common Stock,$28.15 ,-0.4,-1.40%,1069689866,United States,2026,72674,Health Care,Biotechnology: Pharmaceutical Preparations
HSLV,Highlander Silver Corp. Common Shares,$5.25 ,-0.05,-0.94%,1068497945,,,223012,,
KURA,Kura Oncology Inc. Common Stock,$12.00 ,0.29,2.48%,1067527428,United States,,634702,Health Care,Biotechnology: Pharmaceutical Preparations
TTI,Tetra Technologies Inc. Common Stock,$7.18 ,-0.05,-0.69%,1063162553,United States,,369160,Energy,Oil & Gas Production
WVE,Wave Life Sciences Inc. Common Stock,$5.40 ,0.145,2.76%,1063074904,Singapore,2015,686158,Health Care,Biotechnology: Pharmaceutical Preparations
SBR,Sabine Royalty Trust Common Stock,$72.90 ,0.24,0.33%,1062834251,United States,,8533,Energy,Oil & Gas Production
IMC,IMC Rare Earths Ltd Ordinary Shares,$10.11 ,-0.89,-8.09%,1062561000,,2026,43274,Basic Materials,Metal Mining
HTFC,Horizon Technology Finance Corporation 6.25% Notes due 2027,$24.97 ,0,0.00%,1062366603,United States,2022,53,Finance,Finance: Consumer Services
CFFN,Capitol Federal Financial Inc. Common Stock,$8.44 ,-0.05,-0.59%,1060893509,United States,,189425,Finance,Savings Institutions
SVREW,SaverOne 2014 Ltd. Warrant,$0.01 ,-0.0008,-7.55%,1058330280,Israel,2022,256,Technology,EDP Services
XIFR,XPLR Infrastructure LP Common Units representing limited partner interests,$11.20 ,-0.14,-1.24%,1055855304,United States,2014,109276,Utilities,Electric Utilities: Central
NBN,Northeast Bank Common Stock,$129.61 ,1.05,0.82%,1053729300,United States,,44862,Finance,Major Banks
MTA,Metalla Royalty & Streaming Ltd. Common Shares,$11.27 ,0.07,0.63%,1053698500,Canada,,213798,Basic Materials,Precious Metals
KFRC,Kforce Inc. Common Stock,$58.74 ,0.61,1.05%,1051974660,United States,1995,50252,Consumer Discretionary,Professional Services
NWPX,NWPX Infrastructure Inc. Common Stock,$109.06 ,-0.76,-0.69%,1051033250,United States,1995,33896,Industrials,Steel/Iron Ore
SECZ,Securitize Corp. Common Stock,$6.44 ,0.035,0.55%,1050614683,,2026,796287,Finance,Finance: Consumer Services
BV,BrightView Holdings Inc. Common Stock,$11.32 ,0.165,1.48%,1047769000,United States,2018,219868,Consumer Staples,Farming/Seeds/Milling
HPK,HighPeak Energy Inc. Common Stock,$8.28 ,-0.03,-0.36%,1047029217,United States,,85164,Energy,Oil & Gas Production
GLIBA,Liberty Capital Corporation Series A GCI Group Common Stock,$26.19 ,0.07,0.27%,1045111793,United States,,4341,Telecommunications,Cable & Other Pay Television Services
SBGI,Sinclair Inc. Class A Common Stock,$14.45 ,0.1,0.70%,1044995967,United States,1995,96709,Industrials,Broadcasting
PSUS,Pershing Square USA Ltd. Common Shares,$39.81 ,0.285,0.72%,1040900750,,2026,90361,,
QDEL,QuidelOrtho Corporation Common Stock,$15.16 ,0.31,2.09%,1039603473,United States,,666014,Health Care,Biotechnology: In Vitro & In Vivo Diagnostic Substances
NNNN,Anbio Biotechnology Class A Ordinary Shares,$7.21 ,-0.12,-1.64%,1037455552,Germany,2025,28399,Health Care,Biotechnology: In Vitro & In Vivo Diagnostic Substances
SVC,Service Properties Trust Common Shares of Beneficial Interest,$8.01 ,-0.08,-0.99%,1037370999,United States,,543401,Real Estate,Real Estate Investment Trusts
FINV,FinVolution Group American Depositary Shares,$4.39 ,-0.015,-0.34%,1035272199,United States,2017,169697,Finance,Finance: Consumer Services
HQ,Horizon Quantum Holdings Ltd. Class A Ordinary Shares,$19.13 ,1.73,9.94%,1032485890,Singapore,,93906,Technology,EDP Services
NNE,Nano Nuclear Energy Inc. Common Stock,$19.20 ,0.97,5.32%,1031004403,United States,2024,644611,Utilities,Electric Utilities: Central
DCBG,Dime Commercial Bancshares Inc. 9.000% Junior Subordinated Notes,$26.30 ,-0.1807,-0.68%,1029581749,United States,,282,Finance,Major Banks
MBWM,Mercantile Bank Corporation Common Stock,$59.51 ,-0.2928,-0.49%,1028637234,United States,1998,16626,Finance,Major Banks
IQ,iQIYI Inc. American Depositary Shares,$1.07 ,0.035,3.40%,1027751343,China,2018,2294138,Consumer Discretionary,Consumer Electronics/Video Chains
FSCO,FS Credit Opportunities Corp. Common Stock,$5.18 ,0.035,0.68%,1026491783,United States,2022,205762,Finance,Trusts Except Educational Religious and Charitable
PXED,Phoenix Education Partners Inc. Common Stock,$28.43 ,0.3,1.07%,1024826900,,2025,13578,Real Estate,Other Consumer Services
CSIQ,Canadian Solar Inc. Common Shares (ON),$15.11 ,0.38,2.58%,1024710700,Canada,2006,614049,Technology,Semiconductors
EQBK,Equity Bancshares Inc. Class A Common Stock,$49.75 ,-0.13,-0.26%,1024476378,United States,,20588,Finance,Major Banks
EDN,Empresa Distribuidora Y Comercializadora Norte S.A. (Edenor) American Depositary Shares,$22.63 ,0.51,2.31%,1023847325,Argentina,2007,23287,Utilities,Electric Utilities: Central
CSTL,Castle Biosciences Inc. Common Stock,$33.49 ,0.5575,1.69%,1023026616,United States,2019,128549,Health Care,Medical Specialities
GLIBK,Liberty Capital Corporation Series C GCI Group Common Stock,$25.63 ,0.12,0.47%,1022764996,United States,,69106,Telecommunications,Cable & Other Pay Television Services
LXRX,Lexicon Pharmaceuticals Inc. Common Stock,$2.29 ,0.11,5.05%,1018949089,United States,,1348434,Health Care,Biotechnology: Pharmaceutical Preparations
MCBS,MetroCity Bankshares Inc. Common Stock,$35.33 ,-0.17,-0.48%,1016840821,United States,2019,11190,Finance,Major Banks
PTA,Cohen & Steers Tax-Advantaged Preferred Securities and Income Fund Common Shares of Beneficial Interest,$18.38 ,-0.055,-0.30%,1015649772,United States,2020,125447,Finance,Trusts Except Educational Religious and Charitable
GOODO,Gladstone Commercial Corporation 6.00% Series G Cumulative Redeemable Preferred Stock par value $0.001 per share,$20.97 ,-0.0099,-0.05%,1015110137,United States,,1645,Real Estate,Real Estate
SLDB,Solid Biosciences Inc. Common Stock,$9.44 ,0.34,3.74%,1012206247,United States,2018,266442,Health Care,Biotechnology: Biological Products (No Diagnostic Substances)
HRTG,Heritage Insurance Holdings Inc. Common Stock,$34.01 ,0.38,1.13%,1011199468,United States,2014,60323,Finance,Property-Casualty Insurers
BFST,Business First Bancshares Inc. Common Stock,$31.02 ,-0.2,-0.64%,1009697371,United States,,52646,Finance,Major Banks
ABUS,Arbutus Biopharma Corporation Common Stock,$5.10 ,0.33,6.92%,1009023959,Canada,,11434700,Health Care,Biotechnology: Pharmaceutical Preparations
AEF,abrdn Emerging Markets ex-China Fund Inc. Common Stock,$9.38 ,0.04,0.43%,1007060250,United States,,36553,Finance,Finance/Investors Services
GERN,Geron Corporation Common Stock,$1.57 ,0.015,0.97%,1005470885,United States,1996,918492,Health Care,Biotechnology: Pharmaceutical Preparations
ITRN,Ituran Location and Control Ltd. Ordinary Shares,$50.52 ,-0.03,-0.06%,1005023662,Israel,2005,29975,Technology,Electronic Components
CLYM,Climb Bio Inc. Common Stock,$17.49 ,0.4735,2.78%,1004761127,United States,2021,189810,Health Care,Biotechnology: Pharmaceutical Preparations
CRML,Critical Metals Corp. Ordinary Shares,$6.83 ,1.03,17.76%,1003250183,British Virgin Islands,,8271801,Basic Materials,Metal Mining
RZLV,Rezolve AI PLC Ordinary Shares,$2.51 ,0.035,1.42%,1002981374,United Kingdom,,2906129,Technology,Computer Software: Programming Data Processing
LZ,LegalZoom.com Inc. Common Stock,$5.85 ,-0.015,-0.26%,1001042826,United States,2021,360531,Technology,EDP Services
HBNC,Horizon Bancorp Inc. Common Stock,$19.49 ,-0.1,-0.51%,1000704675,United States,,109896,Finance,Major Banks
